symbol,price_date,open_price,high_price,low_price,close_price,volume
MSFT,2019-01-02,92.7307,94.78,92.1625,94.1932,35329300
AAPL,2019-01-02,36.7186,37.6574,36.5621,37.4369,148158800
AMZN,2019-01-02,73.26,77.668,73.0465,76.9565,159662000
GOOGL,2019-01-02,50.9086,52.5733,50.8134,52.2705,31868000
AAPL,2019-01-03,34.1323,34.5448,33.6629,33.7079,365248800
AMZN,2019-01-03,76.0005,76.9,74.8555,75.014,139512000
GOOGL,2019-01-03,52.0718,52.8444,50.6692,50.8228,41960000
MSFT,2019-01-03,93.243,93.3268,90.5417,90.728,42579100
MSFT,2019-01-04,92.889,95.4879,92.1532,94.9477,44060600
AAPL,2019-01-04,34.2626,35.2157,34.0896,35.1469,234428400
AMZN,2019-01-04,76.5,79.7,75.9155,78.7695,183652000
GOOGL,2019-01-04,51.6698,53.5254,51.3873,53.4297,46022000
AAPL,2019-01-07,35.2512,35.282,34.5874,35.0687,219111200
AMZN,2019-01-07,80.1155,81.728,79.4595,81.4755,159864000
GOOGL,2019-01-07,53.5735,53.6592,52.665,53.3232,47446000
MSFT,2019-01-07,94.6775,96.1958,94.0627,95.0687,35656100
MSFT,2019-01-08,95.9816,96.8479,94.7427,95.7581,31514400
AAPL,2019-01-08,35.4551,35.9908,35.2085,35.7372,164101200
AMZN,2019-01-08,83.2345,83.8305,80.8305,82.829,177628000
GOOGL,2019-01-08,53.8227,54.187,52.948,53.7915,35414000
AAPL,2019-01-09,35.8652,36.6333,35.4717,36.3441,180396400
AMZN,2019-01-09,82.649,83.39,82.07,82.971,126976000
GOOGL,2019-01-09,53.9214,54.1023,53.2463,53.6072,26998000
MSFT,2019-01-09,96.7454,97.6956,96.1679,97.1273,32280800
MSFT,2019-01-10,96.1493,96.643,95.3668,96.5033,30067600
AAPL,2019-01-10,36.152,36.5005,35.7633,36.4602,143122800
AMZN,2019-01-10,82.0505,83.1625,81.081,82.811,130154000
GOOGL,2019-01-10,53.2746,53.516,52.7661,53.4674,26598000
AAPL,2019-01-11,36.2421,36.4365,35.9173,36.1023,108092800
AMZN,2019-01-11,82.0275,83.0145,81.811,82.028,93724000
GOOGL,2019-01-11,53.0248,53.1968,52.3572,52.7557,30864000
MSFT,2019-01-11,96.1214,96.3542,94.6775,95.7581,28314200
MSFT,2019-01-14,94.9197,95.8233,94.3236,95.0594,28437100
AAPL,2019-01-14,35.7609,35.8605,35.3745,35.5594,129756800
AMZN,2019-01-14,80.75,82.41,79.7575,80.8605,120118000
GOOGL,2019-01-14,52.2041,52.4573,51.9667,52.1134,28490000
AAPL,2019-01-15,35.6234,36.363,35.5712,36.2872,114843600
AMZN,2019-01-15,81.6,83.758,81.3005,83.728,119970000
GOOGL,2019-01-15,52.4355,53.9352,52.2586,53.848,37518000
MSFT,2019-01-15,95.4879,97.8539,94.9011,97.8167,31587600
MSFT,2019-01-16,98.0495,98.981,97.7701,98.1613,29853900
AAPL,2019-01-16,36.2895,36.9533,36.2706,36.7305,122278800
AMZN,2019-01-16,84.211,85.25,83.794,84.189,127338000
GOOGL,2019-01-16,54.021,54.6336,53.9224,53.9967,38280000
AAPL,2019-01-17,36.555,37.3753,36.3322,36.9486,119284800
AMZN,2019-01-17,84.0,85.0085,83.875,84.661,84178000
GOOGL,2019-01-17,53.9214,54.5513,53.6869,54.473,24896000
MSFT,2019-01-17,97.8073,99.3257,97.5838,98.8506,28393000
MSFT,2019-01-18,100.0989,100.5087,98.655,100.3317,37427600
AAPL,2019-01-18,37.3374,37.4274,36.977,37.1762,135004000
AMZN,2019-01-18,85.6,85.81,84.577,84.81,120410000
GOOGL,2019-01-18,54.9423,55.4087,54.4809,54.8784,44892000
AAPL,2019-01-22,37.0789,37.1548,36.1805,36.3417,121576000
AMZN,2019-01-22,84.05,84.0935,80.51,81.6085,128336000
GOOGL,2019-01-22,54.3183,54.4655,53.0739,53.4575,39632000
MSFT,2019-01-22,99.4375,99.7635,97.6769,98.4408,32371300
MSFT,2019-01-23,98.8506,99.7076,98.124,99.4002,25874300
AAPL,2019-01-23,36.5432,36.7779,35.9624,36.4887,92522400
AMZN,2019-01-23,82.8,82.8715,80.6,82.001,104504000
GOOGL,2019-01-23,53.8654,54.1672,52.9093,53.7439,25194000
AAPL,2019-01-24,36.5337,36.6214,35.9719,36.1995,101766000
AMZN,2019-01-24,82.0535,82.863,81.589,82.7465,81798000
GOOGL,2019-01-24,53.6498,53.9219,53.0308,53.7236,29114000
MSFT,2019-01-24,99.5399,99.6704,98.1241,98.9252,23164800
MSFT,2019-01-25,99.8939,100.4901,98.9252,99.8287,31225600
AAPL,2019-01-25,36.8585,37.4867,36.5835,37.399,134142000
AMZN,2019-01-25,83.525,84.174,83.0805,83.5285,98918000
GOOGL,2019-01-25,54.2306,54.6831,54.1102,54.5914,23260000
AAPL,2019-01-28,36.932,37.06,36.427,37.0529,104768400
AMZN,2019-01-28,82.1795,82.25,80.7045,81.8945,96754000
GOOGL,2019-01-28,54.0245,54.188,53.2582,53.5184,29334000
MSFT,2019-01-28,98.9811,99.186,97.4907,97.8819,29476700
MSFT,2019-01-29,97.6956,97.7794,95.1712,95.8885,31490500
AAPL,2019-01-29,37.041,37.4867,36.5337,36.6688,166348800
AMZN,2019-01-29,81.5635,81.619,79.536,79.694,92656000
GOOGL,2019-01-29,53.5769,53.7598,52.8325,53.0327,19704000
AAPL,2019-01-30,38.7005,39.3879,37.9845,39.1746,244439200
AMZN,2019-01-30,81.15,83.8475,80.984,83.5215,115676000
GOOGL,2019-01-30,53.3945,54.4928,53.3589,54.417,29452000
MSFT,2019-01-30,97.4534,99.0928,97.1833,99.0928,49471900
MSFT,2019-01-31,96.6896,98.0123,96.112,97.2764,55636400
AAPL,2019-01-31,39.3785,40.0636,39.011,39.4567,162958400
AMZN,2019-01-31,84.6425,86.8205,83.954,85.9365,218206000
GOOGL,2019-01-31,55.1232,55.8879,54.7768,55.7997,40232000
AAPL,2019-02-01,39.58,40.0588,39.3358,39.4757,130672400
AMZN,2019-02-01,81.944,83.653,81.1005,81.3115,230124000
GOOGL,2019-02-01,55.6213,56.2215,55.2228,55.4394,33116000
MSFT,2019-02-01,96.6709,96.969,95.3389,95.7394,35535700
MSFT,2019-02-04,95.8232,98.5526,95.7301,98.4966,31315100
AAPL,2019-02-04,39.6866,40.6942,39.6558,40.597,125982000
AMZN,2019-02-04,81.15,82.4815,80.675,81.6655,98582000
GOOGL,2019-02-04,55.4587,56.615,55.3844,56.5694,78408000
AAPL,2019-02-05,40.9786,41.5049,40.8577,41.2916,144406400
AMZN,2019-02-05,82.167,83.263,82.125,82.9405,89062000
GOOGL,2019-02-05,55.9851,57.1319,55.6862,57.0873,82296000
MSFT,2019-02-05,98.7947,99.9218,98.7016,99.8753,27325400
MSFT,2019-02-06,99.6703,99.6704,98.3011,98.7668,20609800
AAPL,2019-02-06,41.403,41.6211,40.9763,41.3058,112958400
AMZN,2019-02-06,83.5375,83.613,81.667,82.013,78798000
GOOGL,2019-02-06,56.9584,57.1929,55.4265,55.651,48256000
AAPL,2019-02-07,40.8696,41.2347,40.3812,40.5235,126966800
AMZN,2019-02-07,81.25,81.277,79.6455,80.7185,92532000
GOOGL,2019-02-07,55.1024,55.1108,54.1989,54.8095,38298000
MSFT,2019-02-07,97.9843,98.3569,97.146,98.0589,29760700
MSFT,2019-02-08,97.2391,98.5339,97.118,98.4315,21461100
AAPL,2019-02-08,40.233,40.6306,40.0973,40.5711,95280000
AMZN,2019-02-08,79.3,79.4295,78.338,79.411,113150000
GOOGL,2019-02-08,54.2628,54.7694,54.2311,54.6345,21766000
AAPL,2019-02-11,40.7235,40.7616,40.2949,40.3378,83973600
AMZN,2019-02-11,80.049,80.4645,79.3,79.55,66346000
GOOGL,2019-02-11,54.7024,55.1822,54.5166,54.6217,18498000
MSFT,2019-02-11,98.9252,99.2791,97.7794,98.0402,18914100
MSFT,2019-02-12,98.8692,99.8008,98.2545,99.5679,25056600
AAPL,2019-02-12,40.4973,40.7116,40.402,40.6854,89134000
AMZN,2019-02-12,80.2,81.97,79.944,81.9005,97172000
GOOGL,2019-02-12,55.0622,56.1451,55.0622,55.8835,35036000
AAPL,2019-02-13,40.8044,41.0639,40.4544,40.5163,89960800
AMZN,2019-02-13,82.35,82.819,81.8555,82.0,71206000
GOOGL,2019-02-13,56.1541,56.6403,55.8052,55.9355,28042000
MSFT,2019-02-13,100.1361,100.3969,99.4002,99.4933,18394900
MSFT,2019-02-14,99.0276,99.9405,98.4222,99.5772,21784700
AAPL,2019-02-14,40.4044,40.7734,40.3258,40.6639,87342800
AMZN,2019-02-14,81.225,81.895,80.303,81.1325,82410000
GOOGL,2019-02-14,55.7556,56.3072,55.3636,55.9638,21106000
AAPL,2019-02-15,40.7711,40.8782,40.414,40.5735,98507200
AMZN,2019-02-15,81.393,81.4455,80.225,80.3975,86878000
GOOGL,2019-02-15,56.4643,56.4643,55.3452,55.4895,27826000
MSFT,2019-02-15,100.518,100.8813,100.0057,100.8068,26606900
MSFT,2019-02-19,100.4062,101.2166,100.3969,100.7602,18038500
AAPL,2019-02-19,40.4044,40.8163,40.3521,40.6949,75891200
AMZN,2019-02-19,80.05,81.7,80.028,81.379,73634000
GOOGL,2019-02-19,55.3413,55.9856,55.3413,55.8304,21980000
AAPL,2019-02-20,40.7568,41.2639,40.7092,40.9568,104457600
AMZN,2019-02-20,81.5,81.7465,80.506,81.105,66752000
GOOGL,2019-02-20,55.9479,56.0495,55.0989,55.537,24090000
MSFT,2019-02-20,100.9005,100.9754,99.4318,100.2363,21607700
MSFT,2019-02-21,100.0025,102.416,99.9744,102.3505,29063200
AAPL,2019-02-21,40.902,41.0377,40.5449,40.7258,68998800
AMZN,2019-02-21,80.9925,81.178,80.0455,80.972,69668000
GOOGL,2019-02-21,55.4473,55.4657,54.4165,54.7252,33272000
AAPL,2019-02-22,40.8496,41.1877,40.802,41.1806,75652800
AMZN,2019-02-22,81.175,81.747,81.0585,81.578,61924000
GOOGL,2019-02-22,54.9973,55.3715,54.5414,55.3373,29436000
MSFT,2019-02-22,102.9492,104.025,102.734,103.8099,27763200
MSFT,2019-02-25,104.5489,104.9418,104.0812,104.3898,23750600
AAPL,2019-02-25,41.4639,41.871,41.4139,41.4806,87493600
AMZN,2019-02-25,82.0725,82.73,81.5195,81.65,63690000
GOOGL,2019-02-25,55.6035,55.7754,55.2159,55.3755,26208000
AAPL,2019-02-26,41.3567,41.7353,41.2282,41.5044,68280800
AMZN,2019-02-26,81.299,81.9995,80.8065,81.82,53316000
GOOGL,2019-02-26,55.2288,55.827,54.8486,55.6074,35026000
MSFT,2019-02-26,104.0812,105.9334,103.9969,105.1102,21536700
MSFT,2019-02-27,104.4834,105.1102,103.7257,104.9324,21487100
AAPL,2019-02-27,41.2377,41.6639,41.1234,41.6329,111341600
AMZN,2019-02-27,81.409,82.0905,80.755,82.0545,62976000
GOOGL,2019-02-27,55.2109,55.7918,54.9408,55.651,22092000
AAPL,2019-02-28,41.502,41.6424,41.1687,41.2234,112861600
AMZN,2019-02-28,81.7625,82.5885,81.6915,81.9915,60518000
GOOGL,2019-02-28,55.4582,56.2011,55.429,55.8324,27422000
MSFT,2019-02-28,104.8108,105.5966,104.5208,104.8015,29083900
MSFT,2019-03-01,105.606,105.7276,104.4647,105.2692,23501200
AAPL,2019-03-01,41.4925,41.6996,41.1615,41.6567,103544800
AMZN,2019-03-01,82.7565,83.713,82.55,83.5865,99498000
GOOGL,2019-03-01,56.053,56.9946,56.053,56.9213,34086000
AAPL,2019-03-04,41.8281,42.3186,41.4186,41.8662,109744800
AMZN,2019-03-04,84.25,85.4715,83.718,84.8085,123348000
GOOGL,2019-03-04,57.2206,57.7638,56.4123,57.1641,35490000
MSFT,2019-03-04,105.7276,105.9427,103.6508,105.0166,26608000
MSFT,2019-03-05,105.0073,105.1382,104.0531,104.4928,19538300
AAPL,2019-03-05,41.8877,41.902,41.5544,41.7901,78949600
AMZN,2019-03-05,85.1475,85.39,84.4505,84.6215,73630000
GOOGL,2019-03-05,57.292,58.3075,57.1443,57.9457,40094000
AAPL,2019-03-06,41.5853,41.7805,41.4115,41.5496,83241600
AMZN,2019-03-06,84.7985,84.8875,83.414,83.4475,79920000
GOOGL,2019-03-06,58.0731,58.2207,57.6414,57.7351,23602000
MSFT,2019-03-06,104.6518,105.3908,104.2402,104.5395,17687000
MSFT,2019-03-07,104.2121,104.3524,102.7808,103.2673,25339000
AAPL,2019-03-07,41.3948,41.5305,40.9544,41.0687,99185600
AMZN,2019-03-07,83.3685,83.4875,81.0255,81.2975,99140000
GOOGL,2019-03-07,57.515,57.6677,56.5838,57.0367,30086000
AAPL,2019-03-08,40.5497,41.2044,40.3544,41.1663,95997600
AMZN,2019-03-08,80.2005,81.136,79.3285,81.04,93340000
GOOGL,2019-03-08,56.1967,57.1656,56.0133,56.9931,23694000
MSFT,2019-03-08,102.1166,103.5666,101.7799,103.3795,22818400
MSFT,2019-03-11,103.8286,105.6621,103.8192,105.5499,26491600
AAPL,2019-03-11,41.7805,42.6448,41.7472,42.5924,128044000
AMZN,2019-03-11,81.306,83.6145,81.3005,83.531,77528000
GOOGL,2019-03-11,57.0937,58.477,57.0724,58.4448,30032000
AAPL,2019-03-12,42.8543,43.4899,42.7043,43.0709,129870400
AMZN,2019-03-12,83.45,84.2135,83.049,83.655,72290000
GOOGL,2019-03-12,58.5954,59.7556,58.5954,59.3363,42220000
MSFT,2019-03-12,105.5405,106.635,105.3815,106.2889,26132700
MSFT,2019-03-13,106.766,107.5798,106.4385,107.1121,35513800
AAPL,2019-03-13,43.3899,43.6399,43.0733,43.2614,124130000
AMZN,2019-03-13,84.15,85.0,83.9675,84.5405,71040000
GOOGL,2019-03-13,59.7665,59.8255,59.3691,59.4261,25888000
AAPL,2019-03-14,43.7828,43.8304,43.4637,43.7423,94318000
AMZN,2019-03-14,84.56,85.1,84.217,84.311,58932000
GOOGL,2019-03-14,59.4241,59.7056,59.038,59.1024,27302000
MSFT,2019-03-14,107.1495,107.7669,106.9531,107.1963,30763400
MSFT,2019-03-15,107.8979,109.6846,107.1963,108.4311,54681100
AAPL,2019-03-15,44.009,44.5994,43.7447,44.3113,156171600
AMZN,2019-03-15,85.15,85.94,84.6565,85.618,151018000
GOOGL,2019-03-15,59.3735,59.5579,58.8288,58.9919,51886000
AAPL,2019-03-18,44.2351,44.8518,44.2327,44.7637,104879200
AMZN,2019-03-18,85.635,87.5,85.6315,87.1075,108582000
GOOGL,2019-03-18,58.9617,59.2224,58.5548,58.9052,24442000
MSFT,2019-03-18,108.6743,110.0214,108.5621,109.984,31207600
MSFT,2019-03-19,110.4705,110.7978,109.4414,110.0589,37588700
AAPL,2019-03-19,44.8422,44.9946,44.2637,44.4089,126585600
AMZN,2019-03-19,87.6755,89.208,87.6755,88.0925,127284000
GOOGL,2019-03-19,59.0623,59.6416,58.9503,59.5946,29788000
AAPL,2019-03-20,44.3375,45.1136,43.9804,44.797,124140800
AMZN,2019-03-20,88.497,89.975,88.3515,89.8635,125312000
GOOGL,2019-03-20,59.542,60.959,59.4523,60.7825,41508000
MSFT,2019-03-20,109.8156,111.0878,109.1795,109.9373,28113300
MSFT,2019-03-21,109.5818,113.0243,109.535,112.463,29854400
AAPL,2019-03-21,45.2398,46.7421,45.1898,46.4469,204136800
AMZN,2019-03-21,89.813,91.1875,89.364,90.963,115356000
GOOGL,2019-03-21,60.4638,61.2786,60.2944,61.2633,28150000
AAPL,2019-03-22,46.5064,47.0659,45.4208,45.485,169630800
AMZN,2019-03-22,90.5085,90.949,88.1555,88.2385,127260000
GOOGL,2019-03-22,60.9025,61.1394,59.77,59.8518,34422000
MSFT,2019-03-22,111.7895,111.8737,109.4882,109.4976,33624500
MSFT,2019-03-25,109.0392,110.3956,108.8147,110.0682,27067100
AAPL,2019-03-25,45.5946,45.7065,44.4256,44.9351,175381200
AMZN,2019-03-25,87.8895,89.134,87.375,88.713,102076000
GOOGL,2019-03-25,59.4508,59.9405,58.977,59.3428,27576000
AAPL,2019-03-26,45.6303,45.9207,43.9447,44.4708,199202000
AMZN,2019-03-26,89.65,90.2885,88.668,89.188,97318000
GOOGL,2019-03-26,59.7299,59.8518,58.5687,58.9691,30752000
MSFT,2019-03-26,110.9663,111.0504,109.3105,110.3021,26097700
MSFT,2019-03-27,110.274,110.5827,108.0663,109.2356,22733400
AAPL,2019-03-27,44.9375,45.1779,44.4137,44.8708,119393600
AMZN,2019-03-27,89.2065,89.375,87.284,88.285,86496000
GOOGL,2019-03-27,59.0722,59.0722,57.6999,58.3828,29428000
AAPL,2019-03-28,44.9851,45.1303,44.647,44.9303,83121600
AMZN,2019-03-28,88.5,88.8965,87.6735,88.671,60860000
GOOGL,2019-03-28,58.2584,58.3451,57.6602,58.0983,22402000
MSFT,2019-03-28,109.8624,109.9934,108.6369,109.3853,18334800
MSFT,2019-03-29,110.4517,110.6856,109.4133,110.3301,25399800
AAPL,2019-03-29,45.1946,45.2541,44.8875,45.2231,94256000
AMZN,2019-03-29,89.329,89.643,88.8315,89.0375,66416000
GOOGL,2019-03-29,58.4904,58.6782,57.8064,58.3273,30890000
AAPL,2019-04-01,45.6255,45.635,44.8494,45.5303,111448000
AMZN,2019-04-01,90.0055,90.7835,89.9365,90.7095,84776000
GOOGL,2019-04-01,58.8551,59.4825,58.7966,59.4221,27706000
MSFT,2019-04-01,111.275,111.4246,110.4798,111.3405,22789100
MSFT,2019-04-02,111.3779,111.7708,110.8727,111.4995,18142300
AAPL,2019-04-02,45.4946,46.2969,45.485,46.1921,91062800
AMZN,2019-04-02,90.551,91.0,90.256,90.699,68962000
GOOGL,2019-04-02,59.4751,59.7606,59.0385,59.7472,18288000
AAPL,2019-04-03,46.0088,46.7826,45.985,46.5088,93087200
AMZN,2019-04-03,91.336,91.5,90.481,91.035,78522000
GOOGL,2019-04-03,60.1021,60.4936,59.7244,60.0084,22180000
MSFT,2019-04-03,112.1262,112.6595,111.462,112.2291,22860700
MSFT,2019-04-04,112.3508,112.4724,110.7417,111.6585,20112800
AAPL,2019-04-04,46.3755,46.7516,45.9826,46.5897,76457200
AMZN,2019-04-04,91.0325,91.4375,90.21,90.943,72478000
GOOGL,2019-04-04,60.0322,60.4911,59.9207,60.4366,21022000
AAPL,2019-04-05,46.7707,46.9254,46.6469,46.9016,74106400
AMZN,2019-04-05,91.45,91.929,91.2595,91.864,72810000
GOOGL,2019-04-05,60.4292,60.4832,59.9697,60.0401,20012000
MSFT,2019-04-05,111.6866,112.4724,111.6679,112.1543,15826200
MSFT,2019-04-08,112.0795,112.2759,110.985,112.1917,15116200
AAPL,2019-04-08,46.7635,47.6706,46.7445,47.6397,103526800
AMZN,2019-04-08,91.6615,92.51,91.2555,92.493,75056000
GOOGL,2019-04-08,60.0233,60.164,59.7056,59.883,21750000
AAPL,2019-04-09,47.692,48.2944,47.4325,47.4968,143072800
AMZN,2019-04-09,92.2745,92.6545,91.589,91.792,74288000
GOOGL,2019-04-09,59.5663,59.827,59.3924,59.606,19668000
MSFT,2019-04-09,110.9756,111.8269,110.9288,111.5837,17612000
MSFT,2019-04-10,112.0327,112.5846,111.8269,112.435,16477200
AAPL,2019-04-10,47.3016,47.792,47.1825,47.7635,86781200
AMZN,2019-04-10,92.05,92.4,91.4405,92.3665,59280000
GOOGL,2019-04-10,59.7249,59.9157,59.5054,59.7923,15510000
AAPL,2019-04-11,47.8182,47.8539,47.2444,47.3659,83603200
AMZN,2019-04-11,92.435,92.4975,92.0155,92.2035,53096000
GOOGL,2019-04-11,59.9137,60.104,59.6976,59.9479,16998000
MSFT,2019-04-11,112.7624,113.0524,112.1824,112.5659,14209100
MSFT,2019-04-12,112.8559,113.174,112.6033,113.1459,19745100
AAPL,2019-04-12,47.4254,47.6492,46.7135,47.3468,111042800
AMZN,2019-04-12,92.42,92.575,92.065,92.153,62288000
GOOGL,2019-04-12,60.2468,60.615,60.1313,60.5992,24312000
AAPL,2019-04-15,47.2778,47.5801,47.1421,47.4325,70146400
AMZN,2019-04-15,92.1,92.3425,90.945,92.2435,74488000
GOOGL,2019-04-15,60.6666,60.9248,60.1942,60.7875,23796000
MSFT,2019-04-15,113.1366,113.7353,112.7904,113.2395,15792600
MSFT,2019-04-16,113.7914,113.8007,112.3507,112.9775,14071800
AAPL,2019-04-16,47.4873,47.942,47.273,47.4373,102785600
AMZN,2019-04-16,92.5675,93.4885,92.4,93.152,60892000
GOOGL,2019-04-16,60.9595,61.2558,60.7136,61.0541,22622000
AAPL,2019-04-17,47.5063,48.4206,47.2849,48.361,115627200
AMZN,2019-04-17,93.6495,93.8235,93.022,93.241,57870000
GOOGL,2019-04-17,61.3064,61.7078,61.1032,61.462,30366000
MSFT,2019-04-17,113.4172,113.9879,112.7624,113.913,19300900
MSFT,2019-04-18,114.3059,115.5501,113.4733,115.4098,27991000
AAPL,2019-04-18,48.3587,48.6039,48.2158,48.5348,96783200
AMZN,2019-04-18,93.4395,93.541,92.974,93.0845,54998000
GOOGL,2019-04-18,61.7029,61.7495,61.4258,61.5279,24750000
AAPL,2019-04-22,48.2896,48.792,48.173,48.6944,77758000
AMZN,2019-04-22,92.77,94.421,92.282,94.3655,67476000
GOOGL,2019-04-22,61.29,62.1658,61.1265,62.137,19084000
MSFT,2019-04-22,114.7082,115.9991,114.6614,115.7746,15648700
MSFT,2019-04-23,116.0926,117.4772,115.8401,117.3462,24025500
AAPL,2019-04-23,48.6705,49.461,48.5444,49.3967,93292000
AMZN,2019-04-23,94.56,96.463,94.479,96.1885,92808000
GOOGL,2019-04-23,62.2798,63.1614,62.0483,62.9711,31868000
AAPL,2019-04-24,49.3681,49.6348,49.2943,49.3205,70162400
AMZN,2019-04-24,96.25,96.4845,94.908,95.0875,73516000
GOOGL,2019-04-24,62.9711,63.1401,62.4369,62.4488,23396000
MSFT,2019-04-24,117.6736,117.7298,116.4856,116.944,31257000
MSFT,2019-04-25,121.6681,122.8936,120.5175,120.8168,38033900
AAPL,2019-04-25,49.2419,49.4633,48.8348,48.8729,74172800
AMZN,2019-04-25,95.85,96.1225,95.0155,95.1125,121982000
GOOGL,2019-04-25,62.9567,63.0806,62.3472,62.8101,31344000
AAPL,2019-04-26,48.7824,48.8062,48.1206,48.6396,74596400
AMZN,2019-04-26,96.45,97.55,94.9,97.5315,168652000
GOOGL,2019-04-26,63.1094,63.3835,62.6941,63.3096,27228000
MSFT,2019-04-26,121.3313,122.0984,120.6952,121.509,23654900
MSFT,2019-04-29,121.5184,121.7804,121.0039,121.3968,16324200
AAPL,2019-04-29,48.6634,49.0372,48.5348,48.7134,88818800
AMZN,2019-04-29,97.45,97.817,96.7045,96.9215,80426000
GOOGL,2019-04-29,63.4628,64.2785,63.0266,64.2404,72368000
AAPL,2019-04-30,48.3444,48.4253,47.404,47.7754,186139600
AMZN,2019-04-30,96.505,96.7855,95.3475,96.326,70120000
GOOGL,2019-04-30,59.0083,59.5212,58.6301,59.4211,133178000
MSFT,2019-04-30,121.4343,122.2668,121.0413,122.1733,24166500
MSFT,2019-05-01,122.1078,122.22,119.4604,119.6288,26821700
AAPL,2019-05-01,49.9681,51.2609,49.8133,50.1205,259309200
AMZN,2019-05-01,96.6545,97.182,95.5275,95.576,62340000
GOOGL,2019-05-01,59.3487,59.4355,58.0691,58.1504,74340000
AAPL,2019-05-02,49.9585,50.6276,49.5514,49.7943,127985200
AMZN,2019-05-02,95.6665,96.0775,94.0935,95.041,79258000
GOOGL,2019-05-02,58.1147,58.4507,57.4075,57.8129,45098000
MSFT,2019-05-02,119.7223,119.741,117.421,118.0665,27350200
MSFT,2019-05-03,119.1423,121.0787,119.0394,120.5829,24911100
AAPL,2019-05-03,50.2085,50.4347,50.0514,50.4133,83569600
AMZN,2019-05-03,97.45,98.22,96.8,98.123,127632000
GOOGL,2019-05-03,58.3531,59.0464,58.1618,58.9547,41588000
AAPL,2019-05-06,48.6372,49.7205,48.4491,49.6348,129772400
AMZN,2019-05-06,95.899,97.95,95.525,97.5275,108356000
GOOGL,2019-05-06,58.085,59.2462,58.0433,59.1485,31774000
MSFT,2019-05-06,118.2349,120.2649,117.973,119.8813,24239800
MSFT,2019-05-07,118.3004,118.9739,116.2049,117.421,36017700
AAPL,2019-05-07,49.0158,49.3824,47.8134,48.2968,155054800
AMZN,2019-05-07,96.9995,97.455,95.169,96.05,118042000
GOOGL,2019-05-07,58.7694,59.2134,57.738,58.4249,36604000
AAPL,2019-05-08,48.0682,48.8872,48.0325,48.3063,105358000
AMZN,2019-05-08,95.9435,96.7685,95.5,95.8885,81572000
GOOGL,2019-05-08,58.3471,58.6931,57.8684,58.0245,25520000
MSFT,2019-05-08,117.3462,118.2162,116.7007,117.4117,28419000
MSFT,2019-05-09,116.2704,117.6736,115.5969,117.4023,27235800
AAPL,2019-05-09,47.7111,48.0158,46.8206,47.7873,139634400
AMZN,2019-05-09,95.0,95.47,93.8,94.9935,106166000
GOOGL,2019-05-09,57.6191,58.1875,57.2246,57.8852,29556000
AAPL,2019-05-10,47.1826,47.5244,46.0713,47.1253,164834800
AMZN,2019-05-10,94.9,95.1895,92.8,94.499,114360000
GOOGL,2019-05-10,57.9283,58.2971,56.8147,57.8689,31650000
MSFT,2019-05-10,116.8504,119.6755,115.8307,118.9272,30915100
MSFT,2019-05-13,116.102,117.4491,115.1011,115.3911,33944900
AAPL,2019-05-13,44.862,45.285,43.7004,44.3864,229722400
AMZN,2019-05-13,91.828,92.327,90.9,91.134,115668000
GOOGL,2019-05-13,56.7587,57.0922,55.7804,56.33,45626000
AAPL,2019-05-14,44.5513,45.3376,44.3123,45.089,146118800
AMZN,2019-05-14,91.975,92.622,90.7875,92.006,92582000
GOOGL,2019-05-14,56.614,56.7404,55.6827,55.7487,40392000
MSFT,2019-05-14,115.8775,117.7578,115.7185,116.682,25266300
MSFT,2019-05-15,116.6726,118.973,116.1468,118.3252,24722700
AAPL,2019-05-15,44.5178,45.8275,44.458,45.6291,106178800
AMZN,2019-05-15,91.3975,93.7215,91.15,93.5575,93852000
GOOGL,2019-05-15,55.6342,58.3972,55.5772,58.0255,59302000
AAPL,2019-05-16,45.3877,45.9996,45.132,45.4284,132125600
AMZN,2019-05-16,94.297,95.8755,94.1145,95.3785,94156000
GOOGL,2019-05-16,58.077,59.1832,57.909,58.7045,35308000
MSFT,2019-05-16,119.0106,121.48,118.7383,121.0575,30112200
MSFT,2019-05-17,120.4753,122.494,120.1091,120.25,25770500
AAPL,2019-05-17,44.6755,45.6243,44.6349,45.1703,131516400
AMZN,2019-05-17,94.6525,95.5265,93.3665,93.45,94732000
GOOGL,2019-05-17,58.2748,58.7932,57.8084,57.9254,25362000
AAPL,2019-05-20,43.8606,44.0589,43.0862,43.7578,154449200
AMZN,2019-05-20,92.6345,93.389,91.777,92.9485,75964000
GOOGL,2019-05-20,57.1433,57.1433,56.4068,56.73,30602000
MSFT,2019-05-20,118.7946,119.7993,118.081,118.5129,23706900
MSFT,2019-05-21,119.6491,119.7429,118.851,119.1514,15293300
AAPL,2019-05-21,44.2669,44.9313,44.1426,44.5967,113459200
AMZN,2019-05-21,93.7395,93.95,92.3,92.876,80102000
GOOGL,2019-05-21,57.2166,57.3911,56.6631,57.2147,20562000
AAPL,2019-05-22,44.133,44.384,43.6287,43.6837,118994400
AMZN,2019-05-22,92.589,93.5745,92.55,92.984,58732000
GOOGL,2019-05-22,57.0566,57.6776,57.0442,57.2845,18826000
MSFT,2019-05-22,118.8885,120.4096,118.7946,119.8744,15396500
MSFT,2019-05-23,118.4942,118.5787,117.1233,118.4754,23603800
AAPL,2019-05-23,42.9715,43.1484,42.4959,42.938,146118800
AMZN,2019-05-23,91.8295,92.2,90.21,90.774,88486000
GOOGL,2019-05-23,56.7998,56.9971,56.16,56.7637,25214000
AAPL,2019-05-24,43.0671,43.5308,42.6895,42.7731,94858800
AMZN,2019-05-24,91.7945,92.088,90.8925,91.164,67394000
GOOGL,2019-05-24,57.0937,57.2107,56.3359,56.4301,18554000
MSFT,2019-05-24,119.1608,119.6397,118.2782,118.5317,14123400
MSFT,2019-05-28,119.2265,120.1843,118.3533,118.4566,23128400
AAPL,2019-05-28,42.7612,43.1603,42.5198,42.5963,111792800
AMZN,2019-05-28,91.6375,92.4635,91.3675,91.8215,64000000
GOOGL,2019-05-28,56.5724,57.3163,56.4331,56.4772,20948000
AAPL,2019-05-29,42.1637,42.864,42.0633,42.3931,113924800
AMZN,2019-05-29,91.156,91.5,90.3765,90.9595,85580000
GOOGL,2019-05-29,56.1372,56.2512,55.1088,55.5048,36230000
MSFT,2019-05-29,117.7242,117.7336,116.466,117.3111,22763100
MSFT,2019-05-30,117.6116,118.081,117.1609,118.0529,16829600
AAPL,2019-05-30,42.5294,42.8353,42.2234,42.613,84873600
AMZN,2019-05-30,91.2745,91.4735,90.3915,90.816,62938000
GOOGL,2019-05-30,55.5152,55.8448,55.3046,55.5777,18088000
AAPL,2019-05-31,42.1183,42.5389,41.8219,41.8411,108174400
AMZN,2019-05-31,89.5005,89.7795,88.635,88.7535,92376000
GOOGL,2019-05-31,54.7961,55.1807,54.6826,54.8387,31582000
MSFT,2019-05-31,116.6445,117.0106,115.79,116.1281,26646800
MSFT,2019-06-03,116.2877,116.7759,111.7432,112.5225,37983600
AAPL,2019-06-03,41.9677,42.5222,40.6939,41.418,161584400
AMZN,2019-06-03,88.0005,88.3145,83.6,84.6345,181974000
GOOGL,2019-06-03,52.8776,52.8811,50.9002,51.4805,96890000
AAPL,2019-06-04,41.9295,42.9787,41.7096,42.9333,123872000
AMZN,2019-06-04,84.962,86.541,84.0445,86.478,113582000
GOOGL,2019-06-04,51.7655,52.4569,51.3462,52.2611,60512000
MSFT,2019-06-04,113.8746,115.7525,113.283,115.6398,29382600
MSFT,2019-06-05,117.3205,118.1843,116.6257,118.1468,24926100
AAPL,2019-06-05,44.0422,44.2119,43.2917,43.6263,119093600
AMZN,2019-06-05,87.48,87.6,85.7625,86.925,84796000
GOOGL,2019-06-05,52.2864,52.3761,51.196,51.7729,46988000
AAPL,2019-06-06,43.7554,44.3266,43.5331,44.2669,90105200
AMZN,2019-06-06,86.8855,88.0,86.3065,87.718,73786000
GOOGL,2019-06-06,51.8507,52.0386,51.3204,51.9275,29020000
MSFT,2019-06-06,118.7195,120.1561,117.9308,120.0153,21459000
MSFT,2019-06-07,121.3016,124.1748,120.4284,123.3766,33885600
AAPL,2019-06-07,44.5752,45.8681,44.3983,45.4451,122737600
AMZN,2019-06-07,88.185,90.3125,87.9745,90.2015,96164000
GOOGL,2019-06-07,52.2507,53.1998,52.0956,52.949,43828000
AAPL,2019-06-10,45.8418,46.6927,45.7964,46.0259,104883600
AMZN,2019-06-10,91.1,94.2435,90.9,93.0315,107420000
GOOGL,2019-06-10,53.3767,54.2609,53.2915,53.6622,28510000
MSFT,2019-06-10,124.3156,125.893,123.94,124.5034,26477100
MSFT,2019-06-11,125.7052,126.0432,123.264,124.0339,23913700
AAPL,2019-06-11,46.5708,46.8432,46.2697,46.5588,107731600
AMZN,2019-06-11,94.1625,94.685,92.9,93.185,80854000
GOOGL,2019-06-11,54.3674,54.7153,53.5041,53.5769,33508000
AAPL,2019-06-12,46.3533,46.836,46.2194,46.4106,73012800
AMZN,2019-06-12,92.699,93.25,92.219,92.766,53566000
GOOGL,2019-06-12,53.5229,53.6503,53.01,53.4808,23670000
MSFT,2019-06-12,123.3767,123.9118,122.7288,123.4612,17092500
MSFT,2019-06-13,123.9212,124.8789,123.5269,124.2405,17200800
AAPL,2019-06-13,46.5325,47.032,46.2697,46.4011,86698400
AMZN,2019-06-13,93.336,94.1545,93.111,93.515,55916000
GOOGL,2019-06-13,53.7588,54.3476,53.6528,54.071,20814000
AAPL,2019-06-14,45.7797,46.2673,45.481,46.0641,75046000
AMZN,2019-06-14,93.2,93.8,92.95,93.4835,57024000
GOOGL,2019-06-14,54.0081,54.2569,53.5987,53.8376,24582000
MSFT,2019-06-14,124.1841,125.6207,123.602,124.3625,17821700
MSFT,2019-06-17,124.5316,125.5644,124.4377,124.7381,14517800
AAPL,2019-06-17,46.1023,46.5947,45.9279,46.339,58676400
AMZN,2019-06-17,93.825,94.7845,93.7725,94.3015,52686000
GOOGL,2019-06-17,53.9764,54.58,53.9219,54.2138,19770000
AAPL,2019-06-18,46.8552,47.8685,46.6544,47.4288,106204000
AMZN,2019-06-18,95.0675,96.0835,94.9895,95.0685,77914000
GOOGL,2019-06-18,55.0865,55.4473,54.5557,54.7763,34526000
MSFT,2019-06-18,125.9963,126.9822,125.4142,126.9071,25934500
MSFT,2019-06-19,126.7568,127.6301,125.6395,127.4047,23744400
AAPL,2019-06-19,47.7227,47.7705,47.1563,47.2902,84496800
AMZN,2019-06-19,95.392,95.979,94.6235,95.4395,57906000
GOOGL,2019-06-19,54.8754,54.9839,54.3198,54.7401,26714000
AAPL,2019-06-20,47.8876,47.945,47.3284,47.6702,86056000
AMZN,2019-06-20,96.6665,96.76,95.29,95.9095,64344000
GOOGL,2019-06-20,55.5921,55.6426,54.8635,55.1708,24018000
MSFT,2019-06-20,129.0572,129.2544,127.4328,128.5878,33042600
MSFT,2019-06-21,128.2404,129.3201,128.1277,128.6065,36727900
AAPL,2019-06-21,47.5124,48.0024,47.3571,47.5076,191202400
AMZN,2019-06-21,95.805,96.2975,95.379,95.565,78672000
GOOGL,2019-06-21,55.0053,55.8334,54.9983,55.7739,50774000
AAPL,2019-06-24,47.4503,47.8375,47.3619,47.4598,72881600
AMZN,2019-06-24,95.633,95.843,95.065,95.695,45660000
GOOGL,2019-06-24,55.5078,55.6847,55.1762,55.3442,24236000
MSFT,2019-06-24,128.6348,129.9492,128.6347,129.3671,20628800
MSFT,2019-06-25,128.8695,129.1887,124.6255,125.2827,33327400
AAPL,2019-06-25,47.424,47.6224,46.6735,46.7405,84281200
AMZN,2019-06-25,95.592,95.8195,93.621,93.9135,60246000
GOOGL,2019-06-25,55.264,55.2947,53.7534,53.9011,31644000
AAPL,2019-06-26,47.2663,48.0358,47.1659,47.7514,104270000
AMZN,2019-06-26,94.624,95.19,94.366,94.8915,48838000
GOOGL,2019-06-26,54.0705,54.2747,53.2127,53.5412,34698000
MSFT,2019-06-26,126.1465,127.4517,125.4423,125.7522,23657700
MSFT,2019-06-27,125.9493,126.4845,125.3578,125.9587,16557500
AAPL,2019-06-27,47.8685,48.1745,47.6965,47.7371,83598800
AMZN,2019-06-27,95.1,95.562,94.902,95.214,42834000
GOOGL,2019-06-27,53.8599,53.9447,53.3197,53.3584,24078000
AAPL,2019-06-28,47.4838,47.6797,47.0942,47.3021,124442400
AMZN,2019-06-28,95.455,95.647,94.2,94.6815,60748000
GOOGL,2019-06-28,53.3881,53.6641,53.2181,53.6641,33672000
MSFT,2019-06-28,126.3531,126.3813,125.0292,125.7804,30043000
MSFT,2019-07-01,128.2873,128.353,126.7287,127.3953,22613500
AAPL,2019-07-01,48.5568,48.8723,47.9546,48.1697,109012000
AMZN,2019-07-01,96.149,96.491,95.733,96.1095,63842000
GOOGL,2019-07-01,54.5681,54.9423,54.2851,54.5166,29196000
AAPL,2019-07-02,48.1362,48.5473,48.1243,48.4517,67740800
AMZN,2019-07-02,95.969,96.7395,95.3315,96.7155,52918000
GOOGL,2019-07-02,54.756,55.1554,54.5002,55.141,20630000
MSFT,2019-07-02,127.8084,128.2497,127.0761,128.2403,15237800
MSFT,2019-07-03,128.4469,129.3295,127.968,129.0666,13629300
AAPL,2019-07-03,48.5831,48.8604,48.4421,48.8532,45448000
AMZN,2019-07-03,96.7945,97.0795,96.525,96.95,33806000
GOOGL,2019-07-03,55.4335,55.9038,55.2526,55.656,20154000
AAPL,2019-07-05,48.5999,49.0133,48.4923,48.8102,69062000
AMZN,2019-07-05,96.43,97.295,96.265,97.1455,52568000
GOOGL,2019-07-05,55.4766,56.2339,55.3839,56.1357,29794000
MSFT,2019-07-05,127.6395,128.9446,127.4329,128.6911,18141100
MSFT,2019-07-08,128.0714,128.7286,127.1043,128.5972,16779700
AAPL,2019-07-08,47.9928,48.1338,47.4192,47.804,101354400
AMZN,2019-07-08,96.706,97.8,96.4125,97.616,57668000
GOOGL,2019-07-08,55.7987,55.8651,55.0994,55.3487,29888000
AAPL,2019-07-09,47.608,48.1601,47.5148,48.0956,82312000
AMZN,2019-07-09,97.39,99.5005,97.174,99.415,86914000
GOOGL,2019-07-09,55.0281,55.8973,54.8709,55.7204,29472000
MSFT,2019-07-09,127.6958,128.6066,127.508,128.1277,19953100
MSFT,2019-07-10,128.7568,130.1182,128.6535,129.4328,24204400
AAPL,2019-07-10,48.2414,48.6907,48.1721,48.5712,71588400
AMZN,2019-07-10,99.8255,101.247,99.77,100.8705,98638000
GOOGL,2019-07-10,56.1184,56.615,56.0361,56.5441,30710000
AAPL,2019-07-11,48.5903,48.8484,48.2079,48.2175,80767200
AMZN,2019-07-11,101.281,101.79,99.765,100.0535,86356000
GOOGL,2019-07-11,56.8043,57.1552,56.4757,56.7012,26004000
MSFT,2019-07-11,129.7614,130.7192,129.4516,129.9492,22327900
MSFT,2019-07-12,130.3718,130.6347,129.5831,130.4187,18936800
AAPL,2019-07-12,48.3848,48.7552,48.325,48.5879,70380800
AMZN,2019-07-12,100.4135,100.85,100.1935,100.55,50186000
GOOGL,2019-07-12,56.6442,56.8707,56.4276,56.7637,21878000
AAPL,2019-07-15,48.7767,49.2021,48.7552,49.0444,67789600
AMZN,2019-07-15,101.07,101.145,100.0775,101.0495,59626000
GOOGL,2019-07-15,56.7637,57.0283,56.499,57.0199,21164000
MSFT,2019-07-15,130.9257,131.0196,130.0056,130.4187,16651500
MSFT,2019-07-16,130.475,130.5595,128.184,128.7098,22726100
AAPL,2019-07-16,48.8962,49.2595,48.6357,48.8747,67467200
AMZN,2019-07-16,100.529,101.316,100.061,100.495,52364000
GOOGL,2019-07-16,56.8326,57.4198,56.8325,57.1661,25352000
AAPL,2019-07-17,48.7672,49.0157,48.5807,48.5999,56430000
AMZN,2019-07-17,100.3525,100.6,99.6015,99.6015,51176000
GOOGL,2019-07-17,57.0402,57.4129,56.8271,56.833,19538000
MSFT,2019-07-17,129.292,129.5079,127.9023,127.9493,20211000
MSFT,2019-07-18,127.2733,128.2779,126.447,128.0901,30381800
AAPL,2019-07-18,48.7552,49.2045,48.6835,49.1519,74162400
AMZN,2019-07-18,99.0005,99.375,97.5775,98.895,69738000
GOOGL,2019-07-18,56.5981,56.9039,56.1452,56.8578,25450000
AAPL,2019-07-19,49.183,49.3527,48.3633,48.4182,83717200
AMZN,2019-07-19,99.5605,99.8,98.1115,98.226,63712000
GOOGL,2019-07-19,56.9609,57.0729,56.0654,56.0802,23184000
MSFT,2019-07-19,131.6581,132.0806,128.1183,128.2779,48992400
MSFT,2019-07-22,129.0197,130.691,128.9446,129.9774,25074900
AAPL,2019-07-22,48.6716,49.5272,48.662,49.5248,89111600
AMZN,2019-07-22,98.557,99.45,97.913,99.2815,58000000
GOOGL,2019-07-22,56.2745,56.5,55.766,56.4599,28914000
AAPL,2019-07-23,49.8211,49.9287,49.5415,49.9119,73420800
AMZN,2019-07-23,99.7995,99.8895,98.6565,99.7245,54070000
GOOGL,2019-07-23,56.67,56.9381,56.1447,56.898,20648000
MSFT,2019-07-23,131.2262,131.4422,129.6018,130.7849,18034600
MSFT,2019-07-24,130.4187,132.1463,130.3717,132.1276,20738300
AAPL,2019-07-24,49.6323,49.986,49.5128,49.8713,59966400
AMZN,2019-07-24,98.465,100.065,98.2935,100.0405,52626000
GOOGL,2019-07-24,56.1333,56.7696,55.9296,56.4856,27192000
AAPL,2019-07-25,49.9239,50.0075,49.4077,49.477,55638400
AMZN,2019-07-25,100.05,100.06,98.636,98.691,82730000
GOOGL,2019-07-25,56.447,56.6769,55.6917,56.2978,54762000
MSFT,2019-07-25,131.8552,132.0243,130.813,131.6299,18356900
MSFT,2019-07-26,131.7989,133.0289,131.7332,132.7097,19037600
AAPL,2019-07-26,49.5869,50.1247,49.5057,49.649,70475600
AMZN,2019-07-26,97.1,97.545,96.2255,97.1525,98542000
GOOGL,2019-07-26,60.8603,62.8621,60.8603,61.7138,121216000
AAPL,2019-07-29,49.8211,50.3421,49.8164,50.1127,86693600
AMZN,2019-07-29,96.5,96.6115,94.527,95.6225,89864000
GOOGL,2019-07-29,61.579,61.9006,60.9694,61.5463,41382000
MSFT,2019-07-29,132.86,132.8694,130.86,132.4187,16605900
MSFT,2019-07-30,131.583,132.5971,131.2638,131.7802,16846500
AAPL,2019-07-30,49.8928,50.2274,49.5463,49.8976,135742800
AMZN,2019-07-30,94.556,95.4945,94.174,94.9265,58218000
GOOGL,2019-07-30,60.8108,61.3019,60.7275,60.8603,28616000
AAPL,2019-07-31,51.7235,52.9066,50.4999,50.9157,277125600
AMZN,2019-07-31,94.9055,94.9775,92.472,93.339,89414000
GOOGL,2019-07-31,60.7052,61.2028,59.878,60.3746,39960000
MSFT,2019-07-31,131.7614,131.9116,126.8319,127.9493,38598800
MSFT,2019-08-01,128.6347,132.3342,128.569,129.63,40557500
AAPL,2019-08-01,51.1213,52.1083,49.4101,49.814,216071600
AMZN,2019-08-01,93.586,94.896,92.2005,92.766,94266000
GOOGL,2019-08-01,60.3464,61.2717,59.8196,60.0565,35426000
AAPL,2019-08-02,49.1209,49.336,48.1888,48.76,163448400
AMZN,2019-08-02,92.2535,92.318,90.401,91.162,99124000
GOOGL,2019-08-02,59.6213,59.9435,58.977,59.2903,34910000
MSFT,2019-08-02,129.6581,129.8741,127.001,128.5408,30791600
MSFT,2019-08-05,125.1607,125.7522,122.7945,124.1372,42749600
AAPL,2019-08-05,47.3188,47.4766,46.0259,46.2075,209572000
AMZN,2019-08-05,88.511,89.4335,87.439,88.2565,121164000
GOOGL,2019-08-05,58.133,58.3268,56.6353,57.23,47840000
AAPL,2019-08-06,46.9173,47.338,46.3748,47.0822,143299200
AMZN,2019-08-06,89.6115,89.6885,87.67,89.3915,101406000
GOOGL,2019-08-06,57.7638,58.5508,57.5661,58.0394,36014000
MSFT,2019-08-06,125.6301,127.3953,125.0761,126.4658,32696700
MSFT,2019-08-07,125.6207,127.3671,123.7804,127.0197,33414500
AAPL,2019-08-07,46.7022,47.6941,46.3222,47.5698,133457600
AMZN,2019-08-07,88.6995,89.9465,87.85,89.67,90538000
GOOGL,2019-08-07,57.3812,58.475,57.0362,58.2787,30686000
AAPL,2019-08-08,47.847,48.6429,47.6534,48.619,108038000
AMZN,2019-08-08,90.3,91.713,89.9055,91.6445,74024000
GOOGL,2019-08-08,58.8001,59.7839,58.1841,59.7794,30116000
MSFT,2019-08-08,128.2591,130.5032,127.6301,130.4093,27496500
MSFT,2019-08-09,130.1464,130.8694,128.1277,129.3014,23466700
AAPL,2019-08-09,48.2927,48.643,47.8105,48.2183,98478800
AMZN,2019-08-09,91.4475,91.5545,90.111,90.379,57596000
GOOGL,2019-08-09,59.4721,59.6937,58.7238,58.9225,20418000
AAPL,2019-08-12,47.8897,48.4726,47.7769,48.096,89927600
AMZN,2019-08-12,89.7995,90.049,88.85,89.246,58110000
GOOGL,2019-08-12,58.4814,58.7595,57.9224,58.2089,22064000
MSFT,2019-08-12,128.7005,129.4422,126.9822,127.4986,20484300
MSFT,2019-08-13,127.7427,130.3248,126.7568,130.137,25154600
AAPL,2019-08-13,48.2255,50.8933,48.096,50.1328,188874000
AMZN,2019-08-13,89.15,91.587,89.0,91.217,79880000
GOOGL,2019-08-13,58.2014,59.7417,58.134,59.3106,28434000
AAPL,2019-08-14,48.7389,49.5258,48.6022,48.6406,146189600
AMZN,2019-08-14,89.6505,89.7825,87.861,88.148,97872000
GOOGL,2019-08-14,58.2867,58.6197,57.5433,57.7009,35430000
MSFT,2019-08-14,128.4602,128.9877,125.9259,126.218,32527300
MSFT,2019-08-15,126.6043,126.7832,124.5882,125.9354,28074400
AAPL,2019-08-15,48.8109,49.2139,47.9017,48.3983,108909600
AMZN,2019-08-15,89.0995,89.4,88.098,88.806,75182000
GOOGL,2019-08-15,57.908,58.304,57.6389,57.9521,28506000
AAPL,2019-08-16,49.0076,49.6986,48.9021,49.5402,110481600
AMZN,2019-08-16,89.6445,90.1455,89.2275,89.6285,60360000
GOOGL,2019-08-16,58.5206,58.6717,58.1345,58.4423,24916000
MSFT,2019-08-16,127.0659,128.5544,126.9152,128.2435,24449100
MSFT,2019-08-19,129.8638,130.5233,128.9595,130.3914,24355700
AAPL,2019-08-19,50.5286,51.0348,50.3871,50.4638,97654400
AMZN,2019-08-19,90.904,91.3,90.6305,90.806,56326000
GOOGL,2019-08-19,59.0677,59.938,58.9969,59.4944,24450000
AAPL,2019-08-20,50.591,51.1836,50.4566,50.4662,107537200
AMZN,2019-08-20,90.725,90.841,89.994,90.069,38590000
GOOGL,2019-08-20,59.2422,59.3735,58.6326,58.6564,20206000
MSFT,2019-08-20,130.203,130.674,129.2892,129.308,21170800
MSFT,2019-08-21,130.5233,131.4088,130.0051,130.7493,14970300
AAPL,2019-08-21,51.0972,51.2555,50.7637,51.0132,86141600
AMZN,2019-08-21,90.9695,91.479,90.75,91.177,40636000
GOOGL,2019-08-21,59.2655,59.5004,58.874,59.0553,14152000
AAPL,2019-08-22,51.1452,51.445,50.5598,50.97,89014800
AMZN,2019-08-22,91.4,91.4705,90.005,90.233,53070000
GOOGL,2019-08-22,59.1654,59.4122,58.4274,59.0524,17352000
MSFT,2019-08-22,130.6269,131.1356,128.3942,129.7979,18697000
MSFT,2019-08-23,129.242,130.3349,125.1064,125.6622,38508600
AAPL,2019-08-23,50.2431,50.8717,48.2207,48.6142,187272000
AMZN,2019-08-23,89.6515,90.245,87.2615,87.481,105416000
GOOGL,2019-08-23,58.7377,59.2581,56.9946,57.172,36254000
AAPL,2019-08-26,49.3867,49.7058,49.1948,49.5378,104174400
AMZN,2019-08-26,88.3455,88.5,87.1755,88.4435,61600000
GOOGL,2019-08-26,57.463,58.078,57.235,58.0443,21166000
MSFT,2019-08-26,127.1695,127.7065,126.1426,127.6029,20312600
MSFT,2019-08-27,128.4884,128.7993,126.8586,127.876,23102100
AAPL,2019-08-27,49.8665,50.032,48.8277,48.9788,103493200
AMZN,2019-08-27,88.7865,88.97,87.334,88.0915,60394000
GOOGL,2019-08-27,58.6301,58.7292,57.7162,58.0265,23460000
AAPL,2019-08-28,48.9644,49.3531,48.7773,49.3075,63755200
AMZN,2019-08-28,87.75,88.393,87.2025,88.2125,48394000
GOOGL,2019-08-28,57.7316,58.4071,57.5026,58.1717,16810000
MSFT,2019-08-28,127.0658,127.8949,125.813,127.7064,17393300
MSFT,2019-08-29,129.2986,130.4197,128.9783,130.1181,20168700
AAPL,2019-08-29,50.02,50.2167,49.5786,50.1424,83962000
AMZN,2019-08-29,89.15,89.9275,88.8625,89.32,60302000
GOOGL,2019-08-29,58.7996,59.4325,58.7431,59.1872,19636000
AAPL,2019-08-30,50.4183,50.4878,49.7081,50.0776,84573600
AMZN,2019-08-30,89.8745,89.987,88.2285,88.8145,61174000
GOOGL,2019-08-30,59.49,59.49,58.7649,59.0033,18064000
MSFT,2019-08-30,131.0885,131.1167,128.3753,129.8733,23940100
MSFT,2019-09-03,128.6956,129.2515,127.8384,128.1587,18869300
AAPL,2019-09-03,49.5234,49.6554,48.9932,49.3483,80092000
AMZN,2019-09-03,88.5,90.04,88.4,89.492,70860000
GOOGL,2019-09-03,58.5731,58.9314,57.6741,57.9635,25908000
AAPL,2019-09-04,49.9936,50.2551,49.7369,50.1855,76752400
AMZN,2019-09-04,90.25,90.3815,89.8115,90.031,46482000
GOOGL,2019-09-04,58.4542,58.7233,58.0617,58.5939,21312000
MSFT,2019-09-04,129.3457,129.7131,128.5732,129.6566,17995900
MSFT,2019-09-05,131.0509,132.2472,130.7211,131.9364,26101800
AAPL,2019-09-05,50.8597,51.3323,50.7421,51.1667,95654800
AMZN,2019-09-05,91.0975,92.1,90.779,92.036,66216000
GOOGL,2019-09-05,59.1584,60.1665,59.1104,60.0768,26394000
AAPL,2019-09-06,51.3515,51.4402,50.982,51.162,77449200
AMZN,2019-09-06,91.911,92.0325,91.32,91.6755,49938000
GOOGL,2019-09-06,59.9256,60.1145,59.6342,59.7859,18972000
MSFT,2019-09-06,131.9175,132.0588,130.1935,131.0414,20824500
MSFT,2019-09-09,131.503,131.6538,128.5544,129.553,25773900
AAPL,2019-09-09,51.541,51.9248,50.6366,51.3803,109237600
AMZN,2019-09-09,92.05,92.5,91.2305,91.5675,59990000
GOOGL,2019-09-09,59.8235,60.4911,59.1342,59.7338,31854000
AAPL,2019-09-10,51.3059,52.0064,50.7901,51.9872,127111600
AMZN,2019-09-10,91.1375,91.2905,90.267,91.0275,52278000
GOOGL,2019-09-10,59.2789,59.9682,59.2749,59.7551,27922000
MSFT,2019-09-10,128.8747,128.9594,126.7173,128.1964,28903400
MSFT,2019-09-11,128.0362,128.3754,127.2637,128.234,24726100
AAPL,2019-09-11,52.3159,53.669,52.2343,53.6402,177158400
AMZN,2019-09-11,90.607,91.671,90.454,91.1495,48656000
GOOGL,2019-09-11,59.6654,60.5863,59.5856,60.4639,23522000
AAPL,2019-09-12,53.9305,54.3191,53.465,53.5202,128906800
AMZN,2019-09-12,91.8815,92.683,91.714,92.1775,56470000
GOOGL,2019-09-12,60.6358,61.575,60.5907,61.2058,31644000
MSFT,2019-09-12,129.8638,130.4008,128.9406,129.553,27010000
MSFT,2019-09-13,129.7979,130.0617,128.658,129.3645,23363100
AAPL,2019-09-13,52.7789,52.9684,52.064,52.479,159053200
AMZN,2019-09-13,92.1005,92.306,91.7585,91.967,39426000
GOOGL,2019-09-13,61.064,61.5071,60.8147,61.4566,23676000
AAPL,2019-09-16,52.2343,52.8101,52.1935,52.7549,84632400
AMZN,2019-09-16,91.201,91.2845,90.01,90.392,73510000
GOOGL,2019-09-16,60.9813,61.4065,60.7211,61.0402,28218000
MSFT,2019-09-16,127.9609,128.7804,127.8007,128.4319,16731400
MSFT,2019-09-17,129.0254,129.5529,128.5261,129.4305,17814200
AAPL,2019-09-17,52.7693,52.9756,52.5678,52.9468,73274800
AMZN,2019-09-17,90.354,91.1995,90.205,91.1275,39648000
GOOGL,2019-09-17,61.0402,61.2073,60.6299,60.9535,20806000
AAPL,2019-09-18,53.0332,53.4626,52.6446,53.4435,101360000
AMZN,2019-09-18,90.852,91.103,89.775,90.873,50112000
GOOGL,2019-09-18,60.9714,61.2687,60.2889,61.0908,17440000
MSFT,2019-09-18,129.4022,130.6363,128.6203,130.495,23982100
MSFT,2019-09-19,132.1719,134.122,131.9552,132.8972,35772100
AAPL,2019-09-19,53.2611,53.681,52.8677,53.0092,88242400
AMZN,2019-09-19,91.051,91.6285,90.895,91.075,40630000
GOOGL,2019-09-19,61.0744,61.6702,61.0739,61.3931,16554000
AAPL,2019-09-20,53.11,53.3931,52.172,52.2343,221652400
AMZN,2019-09-20,91.0855,91.5315,89.046,89.708,106838000
GOOGL,2019-09-20,61.1399,61.5938,60.6413,60.9515,37692000
MSFT,2019-09-20,132.8407,133.4437,130.2407,131.3617,39167300
MSFT,2019-09-23,131.1639,131.5407,130.4197,131.0791,17139300
AAPL,2019-09-23,52.527,52.7405,52.2151,52.4718,76662000
AMZN,2019-09-23,88.85,89.635,88.366,89.265,58446000
GOOGL,2019-09-23,60.7895,61.4392,60.6512,61.1919,20798000
AAPL,2019-09-24,53.026,53.3763,52.1048,52.2223,124763200
AMZN,2019-09-24,89.5305,89.7855,86.7775,87.0805,92320000
GOOGL,2019-09-24,61.4551,61.8074,60.0,60.3811,35804000
MSFT,2019-09-24,132.2284,132.5393,128.95,129.421,29773200
MSFT,2019-09-25,129.5341,131.8516,128.1493,131.2863,21382000
AAPL,2019-09-25,52.4311,53.1388,52.0928,53.026,87613600
AMZN,2019-09-25,87.368,88.65,86.15,88.4165,69864000
GOOGL,2019-09-25,60.2661,61.8525,59.9286,61.7495,26798000
AAPL,2019-09-26,52.7789,53.0044,52.4982,52.7525,75334000
AMZN,2019-09-26,88.1395,88.1685,86.575,86.992,70736000
GOOGL,2019-09-26,61.5611,61.6865,61.0497,61.5686,23166000
MSFT,2019-09-26,131.3617,132.0588,130.4196,131.4559,17456600
MSFT,2019-09-27,132.0306,132.2284,128.7334,129.7508,22477700
AAPL,2019-09-27,52.9085,53.0092,52.1264,52.4958,101408000
AMZN,2019-09-27,87.4,87.456,85.691,86.2725,78144000
GOOGL,2019-09-27,61.5953,61.7024,60.226,60.7587,34122000
AAPL,2019-09-30,52.9948,53.8777,52.9684,53.7313,103909600
AMZN,2019-09-30,86.3495,86.873,85.461,86.7955,52894000
GOOGL,2019-09-30,60.4936,60.8311,60.1377,60.5204,24470000
MSFT,2019-09-30,130.0522,131.1545,129.7979,130.9754,17280900
MSFT,2019-10-01,131.569,132.1248,129.0631,129.129,21466600
AAPL,2019-10-01,53.9952,54.7509,53.7865,53.8801,139223200
AMZN,2019-10-01,87.3,87.78,86.4205,86.7825,61690000
GOOGL,2019-10-01,60.5873,61.1012,59.7477,59.77,24504000
AAPL,2019-10-02,53.513,53.6378,52.2823,52.5294,138449200
AMZN,2019-10-02,86.387,86.4445,85.25,85.6615,66022000
GOOGL,2019-10-02,59.2992,59.4112,58.1162,58.3783,33030000
MSFT,2019-10-02,128.3565,128.4696,125.8412,126.8492,30521700
MSFT,2019-10-03,127.1318,128.8275,125.502,128.3847,24132900
AAPL,2019-10-03,52.4023,53.0092,51.6106,52.9756,114426000
AMZN,2019-10-03,85.65,86.25,84.253,86.221,69364000
GOOGL,2019-10-03,58.647,59.0266,57.6458,58.9488,28368000
AAPL,2019-10-04,54.132,54.5758,53.7121,54.4606,138478800
AMZN,2019-10-04,86.301,87.029,85.9615,86.9825,49438000
GOOGL,2019-10-04,59.1897,60.0902,59.0251,60.0158,24282000
MSFT,2019-10-04,128.8275,130.2407,128.5167,130.1181,22897700
MSFT,2019-10-07,129.195,130.1747,129.0819,129.1761,15303700
AAPL,2019-10-07,54.2831,55.1612,54.18,54.4726,122306000
AMZN,2019-10-07,86.5815,87.3915,86.185,86.633,43094000
GOOGL,2019-10-07,59.8196,60.4098,59.6887,59.8815,17040000
AAPL,2019-10-08,54.1752,54.7125,53.8177,53.8345,111820000
AMZN,2019-10-08,86.1245,86.35,85.25,85.2755,50840000
GOOGL,2019-10-08,59.4117,59.8131,58.9513,58.9835,20086000
MSFT,2019-10-08,129.1384,129.779,127.763,127.8101,25550500
MSFT,2019-10-09,129.4964,130.6646,129.0348,130.2312,19749900
AAPL,2019-10-09,54.4654,54.6478,54.132,54.4654,74770400
AMZN,2019-10-09,85.9805,86.4975,85.718,86.0995,40870000
GOOGL,2019-10-09,59.5386,59.8919,59.3795,59.5916,15948000
AAPL,2019-10-10,54.6813,55.2835,54.5302,55.1995,113013600
AMZN,2019-10-10,86.262,86.9145,85.6875,86.013,51504000
GOOGL,2019-10-10,59.4033,60.2468,59.3666,59.942,12842000
MSFT,2019-10-10,130.4667,131.5784,130.2407,131.0414,17654600
MSFT,2019-10-11,132.0023,132.8596,131.4182,131.5878,25446000
AAPL,2019-10-11,55.8857,57.0108,55.7321,56.6678,166795600
AMZN,2019-10-11,87.146,87.2725,86.493,86.596,65100000
GOOGL,2019-10-11,60.6636,60.8975,60.1486,60.2512,22330000
AAPL,2019-10-14,56.3535,57.1284,56.2983,56.5862,96427600
AMZN,2019-10-14,86.4455,87.0945,86.1,86.8215,38204000
GOOGL,2019-10-14,60.161,60.7553,60.0614,60.3533,13296000
MSFT,2019-10-14,131.5972,132.1624,131.4371,131.4653,13304300
MSFT,2019-10-15,131.9458,133.5756,131.7103,133.3683,19695700
AAPL,2019-10-15,56.7109,57.0132,56.3487,56.4542,87360000
AMZN,2019-10-15,87.107,88.8225,87.031,88.369,62234000
GOOGL,2019-10-15,60.5382,61.8084,60.5094,61.5661,27584000
AAPL,2019-10-16,55.9864,56.4351,55.9457,56.2263,73903200
AMZN,2019-10-16,88.6665,89.312,88.526,88.8715,55268000
GOOGL,2019-10-16,61.5448,62.1583,61.3822,61.6037,22986000
MSFT,2019-10-16,132.6335,132.8219,131.4465,132.2755,20751600
MSFT,2019-10-17,132.7842,133.227,130.966,131.5972,21460600
AAPL,2019-10-17,56.3991,56.6534,56.0224,56.4446,67585200
AMZN,2019-10-17,89.8245,89.9425,89.101,89.374,52948000
GOOGL,2019-10-17,62.0201,62.6321,61.9442,62.0894,20958000
AAPL,2019-10-18,56.2791,56.9964,56.2071,56.7157,97433600
AMZN,2019-10-18,89.39,89.699,87.46,87.8755,67250000
GOOGL,2019-10-18,62.1831,62.3526,61.462,61.6736,31624000
MSFT,2019-10-18,131.6632,131.8893,128.6486,129.4493,32273500
MSFT,2019-10-21,130.4291,130.4761,129.0724,130.4102,20078200
AAPL,2019-10-21,56.982,57.8145,56.9341,57.6994,87247200
AMZN,2019-10-21,88.483,89.294,88.25,89.283,42608000
GOOGL,2019-10-21,61.8862,62.1246,61.4546,61.6672,18094000
AAPL,2019-10-22,57.8553,58.1048,57.4858,57.5674,82293600
AMZN,2019-10-22,89.4075,89.489,88.1,88.2865,42234000
GOOGL,2019-10-22,61.6771,61.8877,61.4476,61.5145,22862000
MSFT,2019-10-22,130.9189,131.8986,128.3659,128.4695,27431000
MSFT,2019-10-23,128.95,129.487,127.7536,129.2892,29844600
AAPL,2019-10-23,58.0808,58.3543,57.8697,58.3399,75828800
AMZN,2019-10-23,88.065,88.5025,87.1,88.1085,42764000
GOOGL,2019-10-23,61.4655,62.3491,61.4655,62.3288,21282000
AAPL,2019-10-24,58.659,58.7285,58.0112,58.4359,69275200
AMZN,2019-10-24,88.5545,89.417,88.0135,89.039,88922000
GOOGL,2019-10-24,62.4022,62.59,62.0671,62.4022,20224000
MSFT,2019-10-24,131.3146,132.285,130.6364,131.8328,37029300
MSFT,2019-10-25,131.2675,132.9632,131.1356,132.577,25959700
AAPL,2019-10-25,58.3351,59.1916,58.2679,59.1556,73477200
AMZN,2019-10-25,84.8775,88.2105,84.75,88.0665,192528000
GOOGL,2019-10-25,62.0498,62.8428,61.9086,62.6594,27104000
AAPL,2019-10-28,59.3571,59.7961,59.1891,59.7481,96572800
AMZN,2019-10-28,87.403,88.935,87.125,88.854,74178000
GOOGL,2019-10-28,63.1897,64.391,63.0564,63.8825,65428000
MSFT,2019-10-28,136.0343,137.2308,135.1959,135.8365,35280100
MSFT,2019-10-29,135.7329,136.1285,134.3857,134.5553,20589500
AAPL,2019-10-29,59.7289,59.9161,58.1936,58.3663,142839600
AMZN,2019-10-29,88.7405,88.85,87.7905,88.1355,45538000
GOOGL,2019-10-29,63.2392,63.4771,62.2287,62.479,52654000
AAPL,2019-10-30,58.7189,58.8485,57.8673,58.3591,124522000
AMZN,2019-10-30,88.012,89.119,87.956,88.9995,48988000
GOOGL,2019-10-30,62.2059,62.8438,61.9829,62.481,29204000
MSFT,2019-10-30,135.2054,136.5996,134.5176,136.2322,18496600
MSFT,2019-10-31,136.5054,136.5337,134.7061,135.064,24605100
AAPL,2019-10-31,59.3139,59.7769,56.9197,59.6786,139162000
AMZN,2019-10-31,88.7995,89.6,88.574,88.833,55624000
GOOGL,2019-10-31,62.4463,62.7694,61.9249,62.3868,31904000
AAPL,2019-11-01,59.8657,61.3987,59.7745,61.3723,151125200
AMZN,2019-11-01,89.4005,89.8725,89.2605,89.572,55808000
GOOGL,2019-11-01,62.7337,63.0906,62.4319,63.0534,28812000
MSFT,2019-11-01,135.9025,136.0532,134.6872,135.3938,33128400
MSFT,2019-11-04,136.4394,136.5996,135.8083,136.1756,16912000
AAPL,2019-11-04,61.7345,61.8593,61.2667,61.7753,103272000
AMZN,2019-11-04,90.0505,90.753,90.0505,90.233,55438000
GOOGL,2019-11-04,63.2447,64.057,63.2447,63.9138,30632000
AAPL,2019-11-05,61.6674,61.9409,61.4922,61.6866,79897600
AMZN,2019-11-05,90.458,90.5125,89.7,90.0855,37710000
GOOGL,2019-11-05,63.9925,64.2919,63.9024,64.0044,25148000
MSFT,2019-11-05,136.5713,136.6185,135.5728,136.0909,18250200
MSFT,2019-11-06,136.0061,136.1474,134.9039,135.714,16575800
AAPL,2019-11-06,61.6002,61.7729,61.2643,61.713,75864400
AMZN,2019-11-06,90.05,90.125,89.429,89.7885,40596000
GOOGL,2019-11-06,63.9376,64.0813,63.55,63.9832,24626000
AAPL,2019-11-07,62.2592,62.6466,62.1076,62.4252,94940400
AMZN,2019-11-07,90.188,90.295,89.174,89.41,53022000
GOOGL,2019-11-07,64.1452,65.5512,64.1189,64.7727,45140000
MSFT,2019-11-07,135.5068,136.4866,135.4409,135.9025,17786700
MSFT,2019-11-08,135.6387,137.5322,135.4314,137.504,16732700
AAPL,2019-11-08,62.2471,62.6682,61.8044,62.596,69986400
AMZN,2019-11-08,89.3945,89.494,88.702,89.294,42466000
GOOGL,2019-11-08,64.504,65.2767,64.504,64.8747,30392000
AAPL,2019-11-11,62.1533,63.1567,62.1485,63.0917,81821200
AMZN,2019-11-11,88.9,89.0,88.3565,88.5825,38920000
GOOGL,2019-11-11,64.6269,64.6715,64.224,64.3435,17234000
MSFT,2019-11-11,136.9199,137.9373,136.3452,137.6453,14362600
MSFT,2019-11-12,137.8054,139.0207,137.5982,138.5497,18641600
AAPL,2019-11-12,62.9353,63.2337,62.7837,63.034,87388800
AMZN,2019-11-12,88.733,89.311,88.5955,88.9,40752000
GOOGL,2019-11-12,64.3578,64.8921,64.1432,64.2904,28852000
AAPL,2019-11-13,62.8343,63.7125,62.8198,63.6379,102734400
AMZN,2019-11-13,88.6695,88.75,87.366,87.6555,59790000
GOOGL,2019-11-13,64.0907,64.5536,64.0397,64.2394,20538000
MSFT,2019-11-13,138.2388,138.9171,137.8054,138.7758,16919200
MSFT,2019-11-14,138.5026,139.812,138.4837,139.4823,19729800
AAPL,2019-11-14,63.4647,63.7366,63.0677,63.1976,89182800
AMZN,2019-11-14,87.5715,88.3295,87.478,87.73,45296000
GOOGL,2019-11-14,64.1809,65.2078,64.1283,64.8822,28948000
AAPL,2019-11-15,63.4478,63.9531,63.2866,63.9483,100206400
AMZN,2019-11-15,88.0025,88.084,86.643,86.9745,78552000
GOOGL,2019-11-15,65.1746,66.091,65.018,66.091,39286000
MSFT,2019-11-15,140.3019,141.3005,139.6802,141.2816,23485700
MSFT,2019-11-18,141.3759,141.8281,140.349,141.6302,21534000
AAPL,2019-11-18,63.958,64.3502,63.5802,64.2708,86703200
AMZN,2019-11-18,86.915,87.685,86.1355,87.6265,56790000
GOOGL,2019-11-18,66.0315,66.1098,65.2296,65.412,27984000
AAPL,2019-11-19,64.4633,64.4873,63.8593,64.0759,76167200
AMZN,2019-11-19,87.8495,88.034,87.1515,87.6395,45416000
GOOGL,2019-11-19,65.7485,65.7485,65.012,65.0527,21864000
MSFT,2019-11-19,142.1389,142.5628,141.4983,141.6773,23935700
MSFT,2019-11-20,142.0838,142.5848,140.3351,141.4316,25696800
AAPL,2019-11-20,63.8954,64.0254,62.6586,63.3299,106234400
AMZN,2019-11-20,87.457,88.126,86.706,87.2765,55800000
GOOGL,2019-11-20,64.9917,65.0834,63.8939,64.5209,28892000
AAPL,2019-11-21,63.4502,63.5273,62.8463,63.046,121395200
AMZN,2019-11-21,87.15,87.3435,86.518,86.7355,53258000
GOOGL,2019-11-21,64.3915,64.9798,63.9703,64.4356,25546000
MSFT,2019-11-21,141.2236,141.6017,140.3728,141.2992,18576100
MSFT,2019-11-22,141.8569,142.0744,140.6754,141.4032,15901800
AAPL,2019-11-22,63.1856,63.3275,62.7645,62.9907,65325200
AMZN,2019-11-22,86.951,87.3215,86.55,87.286,49582000
GOOGL,2019-11-22,64.5774,64.7707,63.9014,64.115,27776000
AAPL,2019-11-25,63.2144,64.112,63.1687,64.0951,84020400
AMZN,2019-11-25,87.6625,88.871,87.662,88.692,69724000
GOOGL,2019-11-25,64.2433,64.9446,64.2111,64.7082,23590000
MSFT,2019-11-25,141.7907,143.0669,141.7151,142.9534,22420900
MSFT,2019-11-26,143.0763,144.0783,143.0386,143.7097,24620100
AAPL,2019-11-26,64.2323,64.2852,63.1639,63.5946,105207600
AMZN,2019-11-26,88.996,89.8515,88.9175,89.847,63624000
GOOGL,2019-11-26,64.9199,65.123,64.6289,65.073,21910000
AAPL,2019-11-27,63.905,64.4825,63.8401,64.4488,65235600
AMZN,2019-11-27,90.05,91.225,89.8655,90.9255,60512000
GOOGL,2019-11-27,65.1929,65.3029,64.898,65.0299,18808000
MSFT,2019-11-27,143.9933,144.1539,143.2276,143.9838,15184400
MSFT,2019-11-29,143.7758,143.9649,143.0007,143.0952,11977300
AAPL,2019-11-29,64.1505,64.4873,63.982,64.3069,46617600
AMZN,2019-11-29,90.889,91.2345,90.0395,90.04,38468000
GOOGL,2019-11-29,64.7558,64.9218,64.5888,64.6314,12802000
AAPL,2019-12-02,64.3117,64.5475,63.3925,63.5633,94487200
AMZN,2019-12-02,90.22,90.2775,88.134,89.08,78512000
GOOGL,2019-12-02,64.5556,64.6983,63.4563,63.8766,26538000
MSFT,2019-12-02,143.5017,143.5206,140.2027,141.3654,27418400
MSFT,2019-12-03,139.4181,141.252,138.6241,141.1385,24066000
AAPL,2019-12-03,62.1557,62.4493,61.6696,62.43,114430400
AMZN,2019-12-03,88.0,88.6435,87.3615,88.498,67618000
GOOGL,2019-12-03,63.3711,64.2914,63.2913,64.168,25270000
AAPL,2019-12-04,62.8198,63.3588,62.726,62.981,67181600
AMZN,2019-12-04,88.7005,89.4545,88.011,88.0345,53402000
GOOGL,2019-12-04,64.731,65.6315,64.5799,65.3674,35506000
MSFT,2019-12-04,141.9231,141.9609,141.0345,141.649,17574700
MSFT,2019-12-05,141.8381,142.0933,141.2992,141.7246,17869100
AAPL,2019-12-05,63.4743,63.9796,63.2192,63.905,74424400
AMZN,2019-12-05,88.175,88.175,87.0,87.024,56476000
GOOGL,2019-12-05,65.7668,65.8154,65.1384,65.7649,24408000
AAPL,2019-12-06,64.3622,65.2092,64.3189,65.1394,106075600
AMZN,2019-12-06,87.56,87.72,87.0065,87.58,62348000
GOOGL,2019-12-06,66.0518,66.5335,65.9765,66.3809,32968000
MSFT,2019-12-06,142.7266,143.5584,142.046,143.445,16403500
MSFT,2019-12-09,142.8022,143.8798,142.6509,143.0763,16687400
AAPL,2019-12-09,64.9686,65.1611,63.7438,64.2275,128042400
AMZN,2019-12-09,87.533,88.3445,87.2805,87.4755,48856000
GOOGL,2019-12-09,66.3546,67.2809,66.2163,66.5593,30842000
AAPL,2019-12-10,64.6317,64.9854,63.9724,64.6029,90420400
AMZN,2019-12-10,87.37,87.5335,86.75,86.9605,50286000
GOOGL,2019-12-10,66.4081,66.8076,66.1137,66.5543,17606000
MSFT,2019-12-10,143.0101,143.5773,142.5092,142.8589,16476100
MSFT,2019-12-11,143.2465,143.5584,142.1027,143.3977,18856600
AAPL,2019-12-11,64.6822,65.2333,64.6077,65.1539,78756800
AMZN,2019-12-11,87.0835,87.5,86.7855,87.436,41952000
GOOGL,2019-12-11,66.8225,66.9013,66.4656,66.6218,20480000
AAPL,2019-12-12,64.4344,65.5846,64.3237,65.3199,137310400
AMZN,2019-12-12,87.5,88.2,87.272,88.0165,61918000
GOOGL,2019-12-12,66.5702,67.1337,66.3219,66.8319,29114000
MSFT,2019-12-12,143.3504,145.0426,142.755,144.8534,24612100
MSFT,2019-12-13,144.6266,146.4131,144.4659,146.0729,23845400
AAPL,2019-12-13,65.3199,66.2439,65.1924,66.2078,133587600
AMZN,2019-12-13,88.25,88.4495,87.75,88.047,54914000
GOOGL,2019-12-13,66.8026,66.9736,66.4934,66.7516,33170000
AAPL,2019-12-16,66.653,67.5649,66.6481,67.3411,128186000
AMZN,2019-12-16,88.35,88.475,87.8525,88.4605,62904000
GOOGL,2019-12-16,67.1545,67.5773,66.937,67.437,28128000
MSFT,2019-12-16,146.6211,147.3679,146.347,147.0181,24144200
MSFT,2019-12-17,146.9425,147.1883,145.9972,146.2241,25425600
AAPL,2019-12-17,67.2714,67.8007,67.0861,67.4735,114158400
AMZN,2019-12-17,88.9005,89.6,88.8695,89.533,72888000
GOOGL,2019-12-17,67.5218,67.6169,66.9449,67.1491,32948000
AAPL,2019-12-18,67.3267,67.832,67.1631,67.3123,116028400
AMZN,2019-12-18,89.751,89.91,89.118,89.2015,67028000
GOOGL,2019-12-18,67.2536,67.3741,66.9295,67.0014,23330000
MSFT,2019-12-18,145.8554,146.9708,145.742,145.9216,24129200
MSFT,2019-12-19,145.5719,147.245,145.3356,147.1883,24958900
AAPL,2019-12-19,67.2545,67.6588,67.1222,67.3797,98369200
AMZN,2019-12-19,89.025,89.6495,88.703,89.614,53056000
GOOGL,2019-12-19,67.0014,67.2799,66.8448,67.2259,28922000
AAPL,2019-12-20,67.9114,68.0125,67.0283,67.2401,275978000
AMZN,2019-12-20,89.981,90.1485,89.1225,89.325,103016000
GOOGL,2019-12-20,67.556,67.6006,66.9429,66.9672,50090000
MSFT,2019-12-20,148.7385,149.8162,147.7365,148.7952,53477500
MSFT,2019-12-23,149.4663,149.4664,148.6629,148.7952,17718200
AAPL,2019-12-23,67.5024,68.3975,67.4639,68.3373,98572000
AMZN,2019-12-23,89.413,89.65,89.2255,89.65,42728000
GOOGL,2019-12-23,67.3394,67.494,66.8076,66.938,19936000
AAPL,2019-12-24,68.5034,68.5515,68.0775,68.4023,48478800
AMZN,2019-12-24,89.6905,89.7785,89.379,89.4605,17626000
GOOGL,2019-12-24,66.9171,67.0063,66.6178,66.6307,13468000
MSFT,2019-12-24,148.8614,149.0788,148.5211,148.7669,8989200
MSFT,2019-12-26,148.937,150.043,148.7858,149.9863,14520600
AAPL,2019-12-26,68.5346,69.7763,68.5058,69.7594,93121200
AMZN,2019-12-26,90.0505,93.523,89.975,93.4385,120108000
GOOGL,2019-12-26,66.7358,67.5609,66.6842,67.5248,23662000
AAPL,2019-12-27,70.0506,70.7364,69.3287,69.733,146266000
AMZN,2019-12-27,94.146,95.07,93.3005,93.49,123732000
GOOGL,2019-12-27,67.6006,67.7517,67.0554,67.1367,23212000
MSFT,2019-12-27,150.7236,150.8181,149.5609,150.2605,18412800
MSFT,2019-12-30,150.2888,150.3171,148.1525,148.9654,16348400
AAPL,2019-12-30,69.6511,70.4284,68.6309,70.1468,144114400
AMZN,2019-12-30,93.7,94.2,92.031,92.3445,73494000
GOOGL,2019-12-30,67.2442,67.2537,66.3041,66.3967,19994000
AAPL,2019-12-31,69.7642,70.6666,69.6656,70.6594,100805600
AMZN,2019-12-31,92.1,92.663,91.6115,92.392,50130000
GOOGL,2019-12-31,66.2024,66.4438,66.0211,66.3809,19514000
MSFT,2019-12-31,148.1903,149.1355,147.8877,149.0694,18369400
MSFT,2020-01-02,150.0902,151.9335,149.6649,151.8295,22622100
AAPL,2020-01-02,71.2826,72.3317,71.0299,72.2716,135480400
AMZN,2020-01-02,93.75,94.9005,93.2075,94.9005,80580000
GOOGL,2020-01-02,66.8279,67.8325,66.7328,67.8325,27278000
AAPL,2020-01-03,71.5015,72.3269,71.3451,71.5689,146322800
AMZN,2020-01-03,93.225,94.31,93.225,93.7485,75288000
GOOGL,2020-01-03,66.8076,68.0838,66.7739,67.4777,23408000
MSFT,2020-01-03,149.6554,151.1962,149.4097,149.939,21116200
MSFT,2020-01-06,148.4833,150.3928,147.9445,150.3266,20813700
AAPL,2020-01-06,70.693,72.1777,70.4428,72.1392,118387200
AMZN,2020-01-06,93.0,95.1845,93.0,95.144,81236000
GOOGL,2020-01-06,66.9875,69.3015,66.9563,69.2762,46768000
AAPL,2020-01-07,72.1488,72.4039,71.5809,71.7999,108872000
AMZN,2020-01-07,95.225,95.6945,94.602,95.343,80898000
GOOGL,2020-01-07,69.4076,69.5582,68.9665,69.1424,34330000
MSFT,2020-01-07,150.6007,150.9315,148.7102,148.9559,21634100
MSFT,2020-01-08,150.2321,151.9997,149.3057,151.3286,27746500
AAPL,2020-01-08,71.5039,73.2557,71.5039,72.9549,132079200
AMZN,2020-01-08,94.902,95.55,94.322,94.5985,70160000
GOOGL,2020-01-08,69.128,69.972,69.0195,69.6345,35314000
AAPL,2020-01-09,73.9294,74.697,73.6792,74.5045,170108400
AMZN,2020-01-09,95.4945,95.891,94.79,95.0525,63346000
GOOGL,2020-01-09,70.4716,70.8062,69.8908,70.3656,33200000
MSFT,2020-01-09,152.9828,153.3419,152.2171,153.2191,21385000
MSFT,2020-01-10,153.9092,154.2873,152.3589,152.5102,20725900
AAPL,2020-01-10,74.7379,75.236,74.1725,74.673,140644800
AMZN,2020-01-10,95.2685,95.347,94.0,94.158,57074000
GOOGL,2020-01-10,70.8453,71.1164,70.3561,70.82,26258000
AAPL,2020-01-13,74.9882,76.2948,74.8703,76.2683,121532000
AMZN,2020-01-13,94.5655,94.9,94.04,94.565,55616000
GOOGL,2020-01-13,71.1317,71.4405,70.6421,71.3687,30730000
MSFT,2020-01-13,152.9071,154.3723,152.4345,154.344,21626500
MSFT,2020-01-14,154.448,154.6465,152.8694,153.257,23477400
AAPL,2020-01-14,76.2058,76.4151,75.1158,75.2385,161954400
AMZN,2020-01-14,94.294,94.3555,92.9275,93.472,68818000
GOOGL,2020-01-14,71.3672,71.4975,70.761,70.9008,26076000
AAPL,2020-01-15,75.0387,75.917,74.4853,74.916,121923600
AMZN,2020-01-15,93.6125,93.943,92.7545,93.101,57932000
GOOGL,2020-01-15,71.0212,71.4058,70.9538,71.3275,21550000
MSFT,2020-01-15,153.7201,154.9679,153.6728,154.2494,21417900
MSFT,2020-01-16,155.3554,157.142,155.0529,157.0758,23865400
AAPL,2020-01-16,75.4574,75.9651,75.0965,75.8544,108829200
AMZN,2020-01-16,94.1495,94.2795,93.301,93.897,53190000
GOOGL,2020-01-16,71.6373,71.8975,71.3672,71.8707,26080000
AAPL,2020-01-17,76.1023,76.6966,75.7967,76.6942,137816400
AMZN,2020-01-17,94.2945,94.332,92.8625,93.236,79946000
GOOGL,2020-01-17,72.4843,73.3769,72.1874,73.3258,52424000
MSFT,2020-01-17,158.2574,158.3047,156.3763,157.9549,34371700
MSFT,2020-01-21,157.5579,158.9852,157.3215,157.3878,29517200
AAPL,2020-01-21,76.3237,76.764,76.0373,76.1745,110843200
AMZN,2020-01-21,93.25,94.7135,93.0,94.6,74156000
GOOGL,2020-01-21,73.3,73.8393,72.8644,73.4611,48930000
AAPL,2020-01-22,76.6581,76.9974,76.3525,76.4464,101832400
AMZN,2020-01-22,94.8045,95.125,94.167,94.373,64326000
GOOGL,2020-01-22,73.8318,74.3696,73.4814,73.5414,28458000
MSFT,2020-01-22,158.2385,158.3236,156.6126,156.6316,24138800
MSFT,2020-01-23,157.0946,157.6713,156.225,157.5956,19680800
AAPL,2020-01-23,76.4993,76.8939,75.9531,76.8145,104472000
AMZN,2020-01-23,94.2555,94.499,93.638,94.229,49692000
GOOGL,2020-01-23,73.7238,74.0187,73.3655,73.582,26650000
AAPL,2020-01-24,77.06,77.8011,76.4031,76.5931,146537600
AMZN,2020-01-24,94.5685,94.7495,92.372,93.082,75324000
GOOGL,2020-01-24,73.985,74.0533,72.516,72.6642,29786000
MSFT,2020-01-24,158.3425,158.3614,155.4499,156.0077,24918100
MSFT,2020-01-27,152.3305,154.4385,151.4325,153.3987,32078100
AAPL,2020-01-27,74.608,75.0195,73.3616,74.3409,161940000
AMZN,2020-01-27,91.0,92.05,90.767,91.417,70570000
GOOGL,2020-01-27,70.9479,71.1977,70.3512,70.9573,34132000
AAPL,2020-01-28,75.2192,76.6148,75.1205,76.444,162234000
AMZN,2020-01-28,92.025,92.9055,91.501,92.6625,56160000
GOOGL,2020-01-28,71.4534,72.1007,70.8894,71.8876,29724000
MSFT,2020-01-28,154.8166,156.6882,154.1455,156.4047,24899900
MSFT,2020-01-29,158.6544,159.5146,156.6221,158.8435,34754500
AAPL,2020-01-29,78.0706,78.8887,77.3319,78.0441,216229200
AMZN,2020-01-29,93.2,93.7375,92.751,92.9,41760000
GOOGL,2020-01-29,72.282,72.5636,71.6343,72.1948,21566000
AAPL,2020-01-30,77.1297,77.984,76.699,77.931,126743200
AMZN,2020-01-30,92.9,93.6435,92.5305,93.534,126548000
GOOGL,2020-01-30,71.273,72.123,71.1194,72.0734,27110000
MSFT,2020-01-30,164.5246,164.5246,161.443,163.3241,51597500
MSFT,2020-01-31,162.7852,162.9649,160.2992,160.9136,36142700
AAPL,2020-01-31,77.2236,77.6447,74.1821,74.4756,199588400
AMZN,2020-01-31,102.5735,102.786,100.1135,100.436,311346000
GOOGL,2020-01-31,72.7479,72.8376,70.7258,71.0093,43822000
AAPL,2020-02-03,73.222,75.4333,72.7215,74.2711,173788400
AMZN,2020-02-03,100.53,102.425,100.0125,100.21,117834000
GOOGL,2020-02-03,72.4402,73.6618,72.1904,73.4784,71636000
MSFT,2020-02-03,161.1027,164.9499,161.0743,164.8365,30107000
MSFT,2020-02-04,167.4455,170.7539,166.6609,170.2624,36433300
AAPL,2020-02-04,75.8713,76.9132,75.467,76.7231,136616400
AMZN,2020-02-04,101.494,102.99,100.7685,102.4835,105786000
GOOGL,2020-02-04,72.0853,72.7221,70.4766,71.6353,95880000
AAPL,2020-02-05,77.8468,78.1452,76.7472,77.3487,118826800
AMZN,2020-02-05,103.551,103.551,101.6,101.9935,87524000
GOOGL,2020-02-05,72.5373,72.5854,70.8557,71.667,36376000
MSFT,2020-02-05,173.9584,174.1191,168.646,170.0544,39186300
MSFT,2020-02-06,171.0659,173.7598,170.2056,173.5803,27751400
AAPL,2020-02-06,77.6182,78.2559,77.0624,78.2535,105425600
AMZN,2020-02-06,102.051,102.815,101.24,102.5115,63660000
GOOGL,2020-02-06,71.9609,73.4269,71.8866,73.1499,37822000
AAPL,2020-02-07,77.7542,78.0026,76.7002,77.1898,117684000
AMZN,2020-02-07,102.0995,104.9265,101.905,103.964,101906000
GOOGL,2020-02-07,72.7246,73.6098,72.6265,73.3055,28360000
MSFT,2020-02-07,172.8429,175.4708,172.4932,173.826,33529100
MSFT,2020-02-10,173.533,178.5051,173.221,178.3728,35844300
AAPL,2020-02-10,75.7788,77.5564,75.6992,77.5564,109348800
AMZN,2020-02-10,104.2505,106.78,104.248,106.6955,101124000
GOOGL,2020-02-10,73.2123,74.7809,73.1117,74.77,38302000
AAPL,2020-02-11,78.0509,78.1232,76.8714,77.0885,94323200
AMZN,2020-02-11,107.545,109.2975,106.8,107.54,114920000
GOOGL,2020-02-11,74.9985,75.8217,74.6109,74.8394,34852000
MSFT,2020-02-11,180.2161,180.2633,173.4573,174.346,53159900
MSFT,2020-02-12,175.4235,175.6788,171.8977,174.6012,47062900
AAPL,2020-02-12,77.5371,78.924,77.5371,78.9192,113730400
AMZN,2020-02-12,108.16,109.0125,107.7645,108.0,66686000
GOOGL,2020-02-12,75.1268,75.3469,74.7705,75.2641,31042000
AAPL,2020-02-13,78.1932,78.6828,77.9905,78.3572,94747600
AMZN,2020-02-13,107.2495,108.514,107.1,107.4935,60636000
GOOGL,2020-02-13,74.8364,75.6269,74.539,75.0044,22914000
MSFT,2020-02-13,173.0604,176.038,172.8619,173.6559,35295800
MSFT,2020-02-14,173.2211,175.2628,172.6539,175.2061,23149500
AAPL,2020-02-14,78.3258,78.6249,77.87,78.3765,80113600
AMZN,2020-02-14,107.784,107.952,106.2945,106.7435,52124000
GOOGL,2020-02-14,75.0609,75.3345,74.6159,75.2691,23198000
AAPL,2020-02-18,76.0634,77.1222,75.8825,76.9414,152531200
AMZN,2020-02-18,106.251,108.3035,106.2055,107.7835,58912000
GOOGL,2020-02-18,75.0515,75.8554,74.8865,75.3043,25642000
MSFT,2020-02-18,175.4519,177.4275,175.3479,176.9833,27792200
MSFT,2020-02-19,178.2533,178.3671,176.7463,177.514,29997500
AAPL,2020-02-19,77.1826,78.2848,77.1826,78.0557,93984000
AMZN,2020-02-19,108.39,109.255,108.056,108.511,51224000
GOOGL,2020-02-19,75.6888,75.8643,75.3806,75.5734,22746000
AAPL,2020-02-20,77.8169,78.3041,76.7508,77.2549,100566000
AMZN,2020-02-20,108.6535,108.8395,106.3725,107.655,62626000
GOOGL,2020-02-20,75.2829,75.6824,74.5519,75.1828,25962000
MSFT,2020-02-20,177.2012,177.4856,171.6563,174.8032,36862400
MSFT,2020-02-21,173.6184,173.9311,168.007,169.2772,48572600
AAPL,2020-02-21,76.8497,77.2911,74.8912,75.5062,129554000
AMZN,2020-02-21,107.1075,107.2275,104.4,104.7985,92926000
GOOGL,2020-02-21,74.5678,74.8835,73.2748,73.5211,42520000
AAPL,2020-02-24,71.6978,73.3668,69.761,71.9197,222195200
AMZN,2020-02-24,100.159,101.965,99.3985,100.4645,130940000
GOOGL,2020-02-24,70.5271,71.1878,69.7213,70.369,49560000
MSFT,2020-02-24,159.0214,165.4479,154.7182,161.9787,68311100
MSFT,2020-02-25,165.1161,165.7227,158.9077,159.3057,68073300
AAPL,2020-02-25,72.5878,72.9689,69.0133,69.4836,230673600
AMZN,2020-02-25,101.321,101.73,97.921,98.637,124382000
GOOGL,2020-02-25,70.9211,71.211,68.4144,68.7068,51580000
AAPL,2020-02-26,69.1097,71.8473,69.1025,70.5859,198054800
AMZN,2020-02-26,98.514,100.7335,98.0225,98.9795,104492000
GOOGL,2020-02-26,69.136,70.0622,68.2226,68.9124,49776000
MSFT,2020-02-26,160.8602,164.2251,159.4385,161.2962,56206100
MSFT,2020-02-27,154.8035,158.32,149.7419,149.9315,93174900
AAPL,2020-02-27,67.8001,68.9819,65.8367,65.9718,320605600
AMZN,2020-02-27,96.719,98.75,94.138,94.215,162880000
GOOGL,2020-02-27,67.3597,67.8682,65.1344,65.1696,62290000
AAPL,2020-02-28,62.05,67.1512,61.8353,65.9332,426510000
AMZN,2020-02-28,90.7315,94.488,90.5565,94.1875,189620000
GOOGL,2020-02-28,63.1555,66.5325,62.8532,66.3739,80198000
MSFT,2020-02-28,144.4624,155.1731,144.0738,153.5618,97012700
MSFT,2020-03-02,156.6897,163.9029,153.8462,163.7796,71030800
AAPL,2020-03-02,68.0847,72.706,66.9848,72.0716,341397200
AMZN,2020-03-02,95.3245,97.7255,93.5,97.6975,135234000
GOOGL,2020-03-02,66.9756,68.7637,65.6776,68.7068,55430000
AAPL,2020-03-03,73.2438,73.3234,68.9337,69.7827,319475600
AMZN,2020-03-03,98.7685,99.8165,94.4045,95.4495,150690000
GOOGL,2020-03-03,69.2698,69.7907,65.8778,66.2981,56602000
MSFT,2020-03-03,164.737,165.8744,153.7987,155.9314,71677000
MSFT,2020-03-04,159.7038,161.7986,156.9835,161.6564,49814400
AAPL,2020-03-04,71.5,73.1787,70.7016,73.0195,219178400
AMZN,2020-03-04,97.3285,98.9,96.1,98.7915,95458000
GOOGL,2020-03-04,67.3508,68.5313,66.2624,68.4728,47598000
AAPL,2020-03-05,71.2781,72.2501,70.2868,70.651,187572800
AMZN,2020-03-05,96.65,98.036,95.5,96.2015,94964000
GOOGL,2020-03-05,66.6862,67.0866,64.51,65.1602,54380000
MSFT,2020-03-05,157.3911,161.9598,157.0499,157.5997,47817300
MSFT,2020-03-06,154.1305,154.6044,147.8651,153.1447,72821100
AAPL,2020-03-06,68.0171,70.1445,67.8314,69.7127,226176800
AMZN,2020-03-06,93.75,95.5435,93.475,95.0545,105472000
GOOGL,2020-03-06,62.9394,64.565,62.308,64.2176,64640000
AAPL,2020-03-09,63.6153,67.0741,63.4344,64.199,286744800
AMZN,2020-03-09,88.693,93.1385,88.0645,90.0305,156264000
GOOGL,2020-03-09,59.7185,62.086,59.3755,60.2552,69252000
MSFT,2020-03-09,143.1259,149.5239,142.1781,142.7657,70419300
MSFT,2020-03-10,149.9125,152.6329,144.6235,152.5286,65354400
AAPL,2020-03-10,66.8449,69.088,64.9708,68.8227,285290000
AMZN,2020-03-10,93.544,94.7135,90.9085,94.591,142666000
GOOGL,2020-03-10,62.1682,63.2318,60.1918,63.1981,54872000
AAPL,2020-03-11,66.9052,67.829,65.5714,66.4325,255598800
AMZN,2020-03-11,92.8925,93.566,90.075,91.043,112496000
GOOGL,2020-03-11,61.8649,62.2941,59.0335,60.0129,54732000
MSFT,2020-03-11,148.9363,149.4765,143.2681,145.6188,56371600
MSFT,2020-03-12,137.7231,145.4671,131.3536,131.8085,93226400
AAPL,2020-03-12,61.7316,65.1228,59.8165,59.872,418474000
AMZN,2020-03-12,86.099,88.25,83.75,83.8305,226924000
GOOGL,2020-03-12,55.6376,58.9151,54.9364,55.089,94326000
AAPL,2020-03-13,63.8903,67.5154,61.0104,67.0451,370732000
AMZN,2020-03-13,87.75,89.3155,84.031,89.25,176194000
GOOGL,2020-03-13,58.2331,60.1863,55.1257,60.1799,79400000
MSFT,2020-03-13,139.8084,153.467,133.3914,150.5476,92727400
MSFT,2020-03-16,132.6996,141.562,127.9603,128.3584,87905900
AAPL,2020-03-16,58.3573,62.4889,57.8869,58.42,322423600
AMZN,2020-03-16,82.0755,87.9725,81.3015,84.4575,178346000
GOOGL,2020-03-16,54.0017,56.7701,52.8851,53.1785,96520000
AAPL,2020-03-17,59.6983,62.1344,57.501,60.9887,324056000
AMZN,2020-03-17,88.7735,92.889,84.462,90.392,218342000
GOOGL,2020-03-17,54.0527,55.8052,51.994,55.4117,83194000
MSFT,2020-03-17,132.6995,139.8084,127.9603,138.9269,81059800
MSFT,2020-03-18,130.8038,138.3866,127.9792,133.0786,81593200
AAPL,2020-03-18,57.8314,60.2989,57.1923,59.4957,300233600
AMZN,2020-03-18,87.5,92.083,87.25,91.5,192904000
GOOGL,2020-03-18,52.5312,54.7639,51.3943,54.08,93044000
AAPL,2020-03-19,59.6693,60.9839,58.5164,59.0398,271857200
AMZN,2020-03-19,93.0,97.25,91.6325,94.0465,207998000
GOOGL,2020-03-19,53.9328,57.124,52.3136,55.095,74064000
MSFT,2020-03-19,135.3251,142.3203,131.7517,135.2682,85922700
MSFT,2020-03-20,138.3866,139.4292,128.7754,130.1877,84866200
AAPL,2020-03-20,59.6187,60.7403,54.9926,55.2917,401693200
AMZN,2020-03-20,96.3155,97.85,91.0365,92.3045,196358000
GOOGL,2020-03-20,56.048,56.4237,52.6382,52.9411,82878000
AAPL,2020-03-23,55.0119,55.1132,51.2806,54.117,336752800
AMZN,2020-03-23,91.3875,95.97,90.6,95.1415,156170000
GOOGL,2020-03-23,52.3543,52.8766,50.0001,52.2433,83672000
MSFT,2020-03-23,129.8654,133.2398,125.6096,128.8891,78975200
MSFT,2020-03-24,136.2539,141.7989,133.9033,140.6046,82516700
AAPL,2020-03-24,57.009,59.7417,56.5121,59.5463,287531200
AMZN,2020-03-24,97.575,97.75,95.017,97.005,142942000
GOOGL,2020-03-24,54.7138,56.1684,53.8441,56.0039,72468000
AAPL,2020-03-25,60.4798,62.2887,58.9241,59.2183,303602000
AMZN,2020-03-25,96.0345,97.513,94.289,94.292,129582000
GOOGL,2020-03-25,55.7348,56.8048,53.6746,54.5969,90324000
MSFT,2020-03-25,141.1449,146.2823,136.908,139.2587,75638200
MSFT,2020-03-26,140.6614,148.4908,140.6331,147.9694,64568100
AAPL,2020-03-26,59.4595,62.3924,59.4209,62.3346,252087200
AMZN,2020-03-26,95.1,97.8245,94.4645,97.7745,124426000
GOOGL,2020-03-26,55.2461,58.0592,54.1216,57.6349,76562000
AAPL,2020-03-27,60.9622,61.7147,59.5874,59.7538,204216800
AMZN,2020-03-27,96.543,96.9895,94.996,95.005,107758000
GOOGL,2020-03-27,55.878,57.0467,54.7148,55.0251,62794000
MSFT,2020-03-27,143.8368,146.813,141.4197,141.8937,57042300
MSFT,2020-03-30,144.4908,152.2253,142.1875,151.8746,63420300
AAPL,2020-03-30,60.4774,61.6303,60.1542,61.459,167976400
AMZN,2020-03-30,96.1415,98.6815,95.617,98.1975,122522000
GOOGL,2020-03-30,56.1342,57.0442,54.4418,56.8117,58736000
AAPL,2020-03-31,61.6496,63.3114,60.7813,61.3336,197002000
AMZN,2020-03-31,98.2175,99.651,97.2005,97.486,102472000
GOOGL,2020-03-31,56.9317,58.1543,56.3365,57.5869,65228000
MSFT,2020-03-31,151.0879,156.1873,148.396,149.486,77927200
MSFT,2020-04-01,145.0216,149.5239,142.9553,144.178,57969900
AAPL,2020-04-01,59.4547,59.9901,57.6771,58.1064,176218400
AMZN,2020-04-01,96.6485,97.248,94.65,95.385,82438000
GOOGL,2020-04-01,55.706,55.9747,54.1939,54.6207,51970000
AAPL,2020-04-02,57.9689,59.1291,57.1392,59.076,165934000
AMZN,2020-04-02,95.082,96.3765,94.5,95.9415,86720000
GOOGL,2020-04-02,54.5166,55.6451,54.1761,55.3606,56410000
MSFT,2020-04-02,143.9411,147.3723,142.5193,147.1638,49630700
MSFT,2020-04-03,147.0121,149.1732,144.2538,145.8083,41243300
AAPL,2020-04-03,58.5623,59.2617,57.6385,58.227,129880000
AMZN,2020-04-03,95.5575,96.3165,94.4575,95.3295,72198000
GOOGL,2020-04-03,55.2456,55.4478,53.2815,54.1548,51374000
AAPL,2020-04-06,60.5159,63.4609,60.1493,63.3066,201820400
AMZN,2020-04-06,96.8,99.926,96.501,99.8795,115464000
GOOGL,2020-04-06,56.1521,59.0142,55.7556,58.6395,63320000
MSFT,2020-04-06,151.96,157.8176,149.3628,156.6518,67111700
MSFT,2020-04-07,160.7465,161.1351,154.7466,154.9646,62769000
AAPL,2020-04-07,65.3157,65.5328,62.4696,62.5733,202887200
AMZN,2020-04-07,100.8555,101.786,99.881,100.58,102280000
GOOGL,2020-04-07,60.3157,60.5025,58.3451,58.6083,61620000
AAPL,2020-04-08,63.3717,64.4884,63.0075,64.1749,168895200
AMZN,2020-04-08,101.05,102.2,100.5575,102.15,79546000
GOOGL,2020-04-08,59.6263,60.2111,58.6772,59.8196,40334000
MSFT,2020-04-08,157.0309,157.9788,154.9741,156.5191,48318200
MSFT,2020-04-09,157.6849,158.6422,154.8129,156.5285,51385100
AAPL,2020-04-09,64.8092,65.1397,63.8445,64.638,161834800
AMZN,2020-04-09,102.215,102.65,100.883,102.138,92930000
GOOGL,2020-04-09,60.3737,60.5625,59.097,59.7983,54028000
AAPL,2020-04-13,64.7152,66.0152,64.117,65.9067,131022800
AMZN,2020-04-13,102.0,109.0,101.9,108.4435,134334000
GOOGL,2020-04-13,59.547,60.1923,58.5969,59.9886,38702000
MSFT,2020-04-13,155.7798,156.9361,153.8366,156.8793,41905300
MSFT,2020-04-14,160.1873,164.6896,159.2394,164.6422,52874300
AAPL,2020-04-14,67.5347,69.5246,67.0644,69.2352,194994800
AMZN,2020-04-14,110.0235,114.6,109.3105,114.166,161744000
GOOGL,2020-04-14,61.4536,63.2269,60.8871,62.7055,63358000
AAPL,2020-04-15,68.1136,69.0615,67.6867,68.6032,131154400
AMZN,2020-04-15,112.884,116.6685,112.25,115.384,137332000
GOOGL,2020-04-15,61.7777,63.1951,61.1577,62.3125,42236000
MSFT,2020-04-15,162.2725,164.519,160.4148,162.9171,40940800
MSFT,2020-04-16,165.2109,168.0355,163.8839,167.808,50479600
AAPL,2020-04-16,69.3148,69.5125,68.1015,69.1483,157125200
AMZN,2020-04-16,117.3,123.05,116.75,120.4095,240764000
GOOGL,2020-04-16,62.8001,63.1084,61.3659,62.3189,57896000
AAPL,2020-04-17,68.6659,69.2111,66.7774,68.2101,215250000
AMZN,2020-04-17,118.6165,120.0,115.801,118.75,158600000
GOOGL,2020-04-17,63.5217,63.9331,62.7436,63.3879,51050000
MSFT,2020-04-17,170.1397,170.6137,166.699,169.2867,52765600
MSFT,2020-04-20,167.4194,169.4288,165.8649,165.9312,36669600
AAPL,2020-04-20,67.0403,67.9399,66.775,66.7943,130015200
AMZN,2020-04-20,119.4975,122.249,119.3025,119.6805,115414000
GOOGL,2020-04-20,62.9364,63.2799,62.2698,62.5033,35292000
AAPL,2020-04-21,66.6375,66.8715,64.0205,64.7296,180991600
AMZN,2020-04-21,120.8305,121.4155,113.983,116.406,149534000
GOOGL,2020-04-21,61.5894,61.9507,59.7204,60.0753,49648000
MSFT,2020-04-21,164.4526,164.6138,157.448,159.0688,56203700
MSFT,2020-04-22,162.4526,164.9266,161.9124,164.4716,34620200
AAPL,2020-04-22,65.9935,67.0282,65.6534,66.5941,116862400
AMZN,2020-04-22,118.45,119.7,117.55,118.1745,84244000
GOOGL,2020-04-22,61.5101,63.4315,61.3163,62.3675,46296000
AAPL,2020-04-23,66.5386,67.9568,66.2974,66.336,124814400
AMZN,2020-04-23,119.999,121.211,119.104,119.9725,101332000
GOOGL,2020-04-23,62.7307,63.8414,62.4725,62.9999,34202000
MSFT,2020-04-23,165.0308,165.9313,161.9977,162.4811,32790800
MSFT,2020-04-24,163.0877,165.4573,161.8081,165.4479,34277600
AAPL,2020-04-24,66.8594,68.2607,66.8111,68.2511,126161200
AMZN,2020-04-24,120.85,121.0215,119.1,120.511,76498000
GOOGL,2020-04-24,62.1985,63.324,61.6533,63.269,37402000
AAPL,2020-04-27,67.9689,68.6298,67.5227,68.2993,117087600
AMZN,2020-04-27,122.16,122.244,118.15,118.8,112912000
GOOGL,2020-04-27,64.0322,64.1363,62.697,62.9845,44186000
MSFT,2020-04-27,167.3814,167.6753,164.2631,164.9739,33194400
MSFT,2020-04-28,166.4336,166.5094,160.5569,160.955,34392700
AAPL,2020-04-28,68.76,68.9409,67.1006,67.1923,112004800
AMZN,2020-04-28,118.605,118.675,115.3,115.704,105388000
GOOGL,2020-04-28,63.5961,63.6734,60.9783,61.0878,80700000
AAPL,2020-04-29,68.6756,69.8671,68.473,69.3992,137280800
AMZN,2020-04-29,116.5005,119.5945,115.5,118.6355,91832000
GOOGL,2020-04-29,66.6589,67.4098,65.7534,66.5192,108358000
MSFT,2020-04-29,164.1872,168.4146,162.9171,168.1777,51286600
MSFT,2020-04-30,170.6137,170.9928,167.0403,169.8649,53875900
AAPL,2020-04-30,69.937,71.0393,69.5487,70.8632,183064000
AMZN,2020-04-30,120.992,123.75,119.8005,123.7,190692000
GOOGL,2020-04-30,65.9829,66.9067,65.4942,66.7432,55842000
AAPL,2020-05-01,69.0422,72.1175,68.9457,69.7224,240616800
AMZN,2020-05-01,116.84,118.122,112.9095,114.302,195452000
GOOGL,2020-05-01,65.6226,66.9776,64.9075,65.2871,48872000
MSFT,2020-05-01,166.6327,169.3246,164.936,165.4669,39370500
MSFT,2020-05-04,165.3909,169.6658,164.737,169.5141,30372900
AAPL,2020-05-04,69.7465,70.8367,69.0591,70.7089,133568000
AMZN,2020-05-04,112.819,116.349,112.819,115.7995,97318000
GOOGL,2020-05-04,64.8316,65.6414,64.2309,65.5636,30806000
AAPL,2020-05-05,71.1671,72.5998,71.0224,71.7701,147751200
AMZN,2020-05-05,117.0,117.55,115.3565,115.89,64850000
GOOGL,2020-05-05,66.2872,67.948,66.1648,66.8581,39666000
MSFT,2020-05-05,171.2013,174.0733,170.5189,171.334,36839200
MSFT,2020-05-06,172.5852,174.5947,172.1587,173.0212,32139300
AAPL,2020-05-06,72.4696,73.1401,72.0861,72.5106,142333600
AMZN,2020-05-06,116.472,117.8725,116.0,117.563,62356000
GOOGL,2020-05-06,67.3032,67.833,66.6654,66.6802,31732000
AAPL,2020-05-07,73.1353,73.6056,72.8338,73.2607,115215200
AMZN,2020-05-07,118.739,118.8,117.1555,118.3805,67928000
GOOGL,2020-05-07,67.4672,68.1953,67.0326,67.8622,30652000
MSFT,2020-05-07,174.5662,174.9264,173.0591,174.0259,28316000
MSFT,2020-05-08,175.334,175.3529,173.7984,175.0496,30877800
AAPL,2020-05-08,73.9185,75.0577,73.5921,75.0044,133838400
AMZN,2020-05-08,118.607,119.362,117.85,118.9805,64132000
GOOGL,2020-05-08,68.4837,69.2182,67.9976,68.6086,33326000
AAPL,2020-05-11,74.5135,76.678,74.3055,76.1847,145946400
AMZN,2020-05-11,118.735,120.9835,118.6055,120.45,65184000
GOOGL,2020-05-11,68.2344,70.1544,68.1705,69.5627,32718000
MSFT,2020-05-11,173.5994,177.732,173.315,177.0022,30892700
MSFT,2020-05-12,177.0591,177.2866,172.7938,172.9928,32038200
AAPL,2020-05-12,76.8667,77.3165,75.1931,75.314,162301200
AMZN,2020-05-12,120.5925,120.95,117.75,117.8475,61498000
GOOGL,2020-05-12,69.7921,70.095,68.1215,68.1547,33918000
AAPL,2020-05-13,75.493,76.412,73.3309,74.4046,200622400
AMZN,2020-05-13,118.34,120.385,116.89,118.396,95658000
GOOGL,2020-05-13,68.2032,68.6577,65.8169,66.824,40368000
MSFT,2020-05-13,173.0307,174.4525,167.3341,170.3767,44711500
MSFT,2020-05-14,168.2819,171.2677,166.5189,171.116,41873900
AAPL,2020-05-14,73.6453,74.9222,72.9245,74.8618,158929200
AMZN,2020-05-14,118.0505,119.5685,117.6605,119.4425,72962000
GOOGL,2020-05-14,66.09,67.272,65.5835,67.2467,36660000
AAPL,2020-05-15,72.6392,74.4651,72.6053,74.4192,166348400
AMZN,2020-05-15,118.426,120.55,117.8185,120.489,84700000
GOOGL,2020-05-15,66.8205,68.1249,66.3616,68.0496,41544000
MSFT,2020-05-15,169.7227,177.3055,167.7701,173.6089,46610400
MSFT,2020-05-18,176.0638,176.4903,174.3672,175.2676,35264500
AAPL,2020-05-18,75.7397,76.545,75.0504,76.1726,135178400
AMZN,2020-05-18,120.2175,121.65,119.2005,121.313,87144000
GOOGL,2020-05-18,67.4806,69.0259,67.1149,68.6503,47094000
AAPL,2020-05-19,76.1895,77.0336,75.701,75.7324,101729600
AMZN,2020-05-19,121.4915,124.25,121.4485,122.4665,86410000
GOOGL,2020-05-19,68.6651,69.0125,68.0843,68.116,31586000
MSFT,2020-05-19,175.3814,176.8695,173.9216,174.0544,26799100
MSFT,2020-05-20,175.6607,176.6493,174.8338,176.4687,31261300
AAPL,2020-05-20,76.5886,77.2754,76.5499,77.2053,111504800
AMZN,2020-05-20,123.8935,125.0005,123.3635,124.897,79962000
GOOGL,2020-05-20,68.8475,69.981,68.7613,69.8387,38262000
AAPL,2020-05-21,77.0674,77.6068,76.3927,76.6297,102688800
AMZN,2020-05-21,125.0,126.2725,122.127,122.337,102288000
GOOGL,2020-05-21,69.9294,70.2005,69.1067,69.7193,30894000
MSFT,2020-05-21,176.2215,177.4286,174.2159,174.349,29119500
MSFT,2020-05-22,174.1209,175.3281,173.5031,174.4251,20826900
AAPL,2020-05-22,76.3685,77.2053,76.2669,77.123,81803200
AMZN,2020-05-22,122.7505,123.4925,121.5065,121.844,57342000
GOOGL,2020-05-22,69.578,70.2273,69.184,70.0409,28544000
AAPL,2020-05-26,78.238,78.4169,76.545,76.6006,125522000
AMZN,2020-05-26,122.9,123.1,120.703,121.093,71364000
GOOGL,2020-05-26,71.4643,71.6204,70.3462,70.4439,44590000
MSFT,2020-05-26,177.115,177.267,172.1344,172.5811,36073600
MSFT,2020-05-27,171.2789,172.9803,167.8572,172.8092,39517100
AAPL,2020-05-27,76.458,77.0795,75.7203,76.9344,112945200
AMZN,2020-05-27,120.2495,120.679,116.5,120.5195,101138000
GOOGL,2020-05-27,70.376,70.6411,69.1171,70.3898,31684000
AAPL,2020-05-28,76.6103,78.2235,76.3346,76.9683,133560800
AMZN,2020-05-28,119.2165,121.8485,118.9115,120.055,63804000
GOOGL,2020-05-28,69.3848,71.5882,69.3392,70.2887,35170000
MSFT,2020-05-28,171.7922,175.0334,171.45,172.4195,33810200
MSFT,2020-05-29,173.6836,175.1474,171.4785,174.1779,42130400
AAPL,2020-05-29,77.2101,77.6696,76.5377,76.8933,153532400
AMZN,2020-05-29,120.797,122.1185,119.91,122.1185,70198000
GOOGL,2020-05-29,70.3973,71.2051,70.1767,71.046,37044000
AAPL,2020-06-01,76.8473,77.9598,76.7167,77.8389,80791200
AMZN,2020-06-01,122.4,123.8465,122.2085,123.552,58578000
GOOGL,2020-06-01,70.6585,71.4455,70.489,71.1129,25162000
MSFT,2020-06-01,173.5031,173.9403,172.4766,173.7788,22622400
MSFT,2020-06-02,175.1284,175.8413,172.372,175.7558,30794600
AAPL,2020-06-02,77.5729,78.2234,77.1327,78.1993,87642800
AMZN,2020-06-02,123.35,123.6765,122.2655,123.6205,50598000
GOOGL,2020-06-02,71.1194,71.5158,70.4557,71.4817,23442000
AAPL,2020-06-03,78.5185,78.891,77.9477,78.6298,104491200
AMZN,2020-06-03,123.4005,124.4,123.0585,123.92,53420000
GOOGL,2020-06-03,71.501,71.8137,70.9519,71.33,27732000
MSFT,2020-06-03,175.6702,176.7348,174.4916,176.1835,27311000
MSFT,2020-06-04,175.1759,176.6397,173.275,173.8642,28761800
AAPL,2020-06-04,78.4532,78.7507,77.5801,77.9526,87560400
AMZN,2020-06-04,123.8715,125.377,122.5005,123.03,58974000
GOOGL,2020-06-04,71.2076,71.4326,69.6826,70.0935,26982000
AAPL,2020-06-05,78.2017,80.2332,78.1727,80.1728,137250400
AMZN,2020-06-05,122.2255,124.4325,121.8565,124.15,66128000
GOOGL,2020-06-05,70.1599,71.6794,69.7624,71.3681,42642000
MSFT,2020-06-05,173.5791,178.4362,172.9993,177.9324,39893600
MSFT,2020-06-08,176.7348,179.2156,175.309,179.0349,33211600
AAPL,2020-06-08,79.8704,80.6806,79.1618,80.6468,95654400
AMZN,2020-06-08,125.01,126.5,124.367,126.203,79414000
GOOGL,2020-06-08,70.6872,71.8132,70.598,71.7656,33878000
AAPL,2020-06-09,80.3275,83.5852,80.2961,83.1934,147712400
AMZN,2020-06-09,126.472,131.3215,126.25,130.043,103520000
GOOGL,2020-06-09,71.6269,72.745,71.4841,71.9659,33624000
MSFT,2020-06-09,178.6928,181.2591,177.9894,180.4037,29783900
MSFT,2020-06-10,181.6678,188.692,181.5537,187.0951,43872300
AAPL,2020-06-10,84.139,85.8006,83.7013,85.3338,166651600
AMZN,2020-06-10,132.25,136.1175,131.313,132.3725,98920000
GOOGL,2020-06-10,72.4332,72.9913,72.0789,72.5913,31762000
AAPL,2020-06-11,84.4801,84.9033,81.1353,81.2369,201662400
AMZN,2020-06-11,130.175,133.569,126.8115,127.898,116002000
GOOGL,2020-06-11,71.4182,71.9421,69.306,69.4789,47144000
MSFT,2020-06-11,183.5688,186.0686,176.8583,177.0485,52854700
MSFT,2020-06-12,181.107,182.2286,176.0124,178.4457,43373600
AAPL,2020-06-12,83.37,84.1149,80.8306,81.9382,200146000
AMZN,2020-06-12,130.0605,131.074,125.1675,127.251,108722000
GOOGL,2020-06-12,70.6664,71.0951,68.681,70.0251,36676000
AAPL,2020-06-15,80.596,83.6022,80.434,82.9516,138808800
AMZN,2020-06-15,126.33,129.2,125.4,128.634,77302000
GOOGL,2020-06-15,68.8639,70.6238,68.7504,70.4126,30468000
MSFT,2020-06-15,175.4421,181.3732,174.9003,179.5862,32770200
MSFT,2020-06-16,183.3407,185.8975,181.9815,183.987,42556700
AAPL,2020-06-16,85.0,85.4208,83.37,85.15,165428800
AMZN,2020-06-16,131.0,131.0,128.8,130.7635,71712000
GOOGL,2020-06-16,71.8132,72.2181,70.8215,71.6878,30648000
AAPL,2020-06-17,85.8925,85.9529,84.9106,85.0315,114406400
AMZN,2020-06-17,132.375,132.75,131.591,132.049,59186000
GOOGL,2020-06-17,72.0085,72.4674,71.1258,71.9887,30610000
MSFT,2020-06-17,185.3748,186.6009,184.1011,184.6239,25687800
MSFT,2020-06-18,184.3958,186.7625,184.3957,186.6009,23061600
AAPL,2020-06-18,84.9879,85.4813,84.4583,85.0653,96820400
AMZN,2020-06-18,132.3505,132.982,131.8055,132.699,49756000
GOOGL,2020-06-18,71.8553,72.01,70.6852,71.0758,34862000
AAPL,2020-06-19,85.7691,86.2335,83.474,84.5792,264476000
AMZN,2020-06-19,133.904,134.8715,132.95,133.7505,115540000
GOOGL,2020-06-19,71.3672,71.5902,70.3264,70.6059,52784000
MSFT,2020-06-19,188.7585,189.4238,184.7474,185.4888,44441100
MSFT,2020-06-22,186.0971,190.8211,185.5648,190.6405,32818900
AAPL,2020-06-22,84.971,86.9348,84.9251,86.7921,135445200
AMZN,2020-06-22,134.225,135.75,133.45,135.691,64176000
GOOGL,2020-06-22,70.6243,71.9099,70.3358,71.8955,29442000
AAPL,2020-06-23,88.0328,90.0595,87.6144,88.6447,212155600
AMZN,2020-06-23,136.301,139.1555,135.902,138.2205,84634000
GOOGL,2020-06-23,71.9619,73.1117,71.615,72.5556,37752000
MSFT,2020-06-23,192.0852,193.8531,191.4578,191.9142,30917400
MSFT,2020-06-24,191.6195,193.1878,186.829,188.0456,36740600
AAPL,2020-06-24,88.2746,89.1913,86.7075,87.0799,192623200
AMZN,2020-06-24,139.0,139.8,136.05,136.72,90532000
GOOGL,2020-06-24,72.5209,73.1409,70.8716,71.0054,31592000
AAPL,2020-06-25,87.2347,88.2747,86.4778,88.236,137522400
AMZN,2020-06-25,136.9775,137.8115,135.607,137.729,59374000
GOOGL,2020-06-25,70.932,71.4821,70.3532,71.4217,23958000
MSFT,2020-06-25,188.0077,190.6785,185.793,190.4219,27803900
MSFT,2020-06-26,189.8421,189.9942,185.2322,186.6104,54675800
AAPL,2020-06-26,88.132,88.3521,85.3773,85.5249,205256800
AMZN,2020-06-26,138.753,139.1285,134.4,134.6435,130016000
GOOGL,2020-06-26,71.0019,71.2195,67.1545,67.5282,97640000
AAPL,2020-06-29,85.4329,87.5902,84.9565,87.4959,130646000
AMZN,2020-06-29,134.5005,134.84,131.504,134.019,84468000
GOOGL,2020-06-29,67.4192,69.2856,66.9885,69.2445,45074000
MSFT,2020-06-29,186.0876,188.7015,183.968,188.6159,26701600
MSFT,2020-06-30,188.0837,194.2809,187.9506,193.4349,34310300
AAPL,2020-06-30,87.0848,88.5117,87.0654,88.2263,140223200
AMZN,2020-06-30,134.2535,138.4815,133.7515,137.941,75394000
GOOGL,2020-06-30,69.2301,70.5742,68.737,70.2793,40286000
AAPL,2020-07-01,88.3037,88.8454,88.011,88.0594,110737200
AMZN,2020-07-01,137.8995,144.75,137.7,143.935,127268000
GOOGL,2020-07-01,70.3348,71.7874,70.0875,71.4663,42182000
MSFT,2020-07-01,193.0832,196.1343,191.7811,194.566,32061200
MSFT,2020-07-02,195.4975,197.7216,194.8511,196.0488,29315800
AAPL,2020-07-02,88.9639,89.5976,87.9457,88.0594,114041600
AMZN,2020-07-02,145.6005,147.778,143.555,144.515,131868000
GOOGL,2020-07-02,71.954,73.7719,71.9158,72.8505,57218000
AAPL,2020-07-06,89.4839,90.8818,89.4524,90.415,118655600
AMZN,2020-07-06,146.7485,152.994,146.5,152.852,137612000
GOOGL,2020-07-06,73.7535,74.8364,73.1999,74.3234,44712000
MSFT,2020-07-06,198.4916,200.6777,197.7882,200.269,31897600
MSFT,2020-07-07,200.0313,204.0424,197.6932,197.9402,33600700
AAPL,2020-07-07,90.7923,91.5687,90.0232,90.1345,112424400
AMZN,2020-07-07,152.9275,153.4775,149.5,150.006,105150000
GOOGL,2020-07-07,74.149,75.3974,73.8303,73.8412,42364000
AAPL,2020-07-08,91.1091,92.2652,91.0221,92.2337,117092000
AMZN,2020-07-08,151.1305,154.1985,150.6215,154.0555,100752000
GOOGL,2020-07-08,74.3804,74.8944,73.9592,74.5192,31766000
MSFT,2020-07-08,199.6702,202.7023,198.3585,202.2935,33600000
MSFT,2020-07-09,205.6202,205.6678,201.0009,203.7097,33121700
AAPL,2020-07-09,93.1237,93.1769,91.5856,92.6303,125642800
AMZN,2020-07-09,155.7995,159.694,153.7,159.1315,127774000
GOOGL,2020-07-09,74.8329,75.785,74.1222,75.2656,41836000
AAPL,2020-07-10,92.2264,92.8504,91.617,92.7924,90257200
AMZN,2020-07-10,159.588,160.75,156.785,160.0,109720000
GOOGL,2020-07-10,74.9975,76.3896,74.3765,76.2741,35918000
MSFT,2020-07-10,203.0444,203.4817,200.6302,203.0919,26177600
MSFT,2020-07-13,203.8619,205.1165,196.2769,196.8187,38135600
AAPL,2020-07-13,94.0935,96.6958,92.1515,92.3643,191649200
AMZN,2020-07-13,162.553,167.2145,153.4195,155.2,154408000
GOOGL,2020-07-13,76.8159,78.1253,74.6659,74.9469,42954000
AAPL,2020-07-14,91.7476,94.0839,90.8165,93.8928,170989200
AMZN,2020-07-14,154.45,156.369,147.5,154.2,144638000
GOOGL,2020-07-14,73.9835,75.4708,73.6435,75.3746,38108000
MSFT,2020-07-14,195.9253,198.5105,192.0282,198.0354,37591800
MSFT,2020-07-15,199.1854,200.8678,194.8797,197.7407,32179400
AAPL,2020-07-15,95.7623,96.0114,93.3438,94.5385,153198000
AMZN,2020-07-15,154.0115,154.9175,148.659,150.4435,115778000
GOOGL,2020-07-15,75.4921,76.1413,74.2333,75.1774,31026000
AAPL,2020-07-16,93.414,94.229,92.7779,93.3753,110577600
AMZN,2020-07-16,148.553,151.6,145.9115,149.995,127884000
GOOGL,2020-07-16,74.4152,75.1293,73.7595,75.0803,26484000
MSFT,2020-07-16,195.2314,195.5165,192.2944,193.8246,29940700
MSFT,2020-07-17,194.3474,194.8892,191.4199,192.8362,31635300
AAPL,2020-07-17,93.8251,93.9799,92.715,93.1866,92186800
AMZN,2020-07-17,150.45,151.2,147.4225,148.0985,95226000
GOOGL,2020-07-17,75.1789,75.502,74.2466,75.1759,34264000
AAPL,2020-07-20,93.2737,95.2883,92.9302,95.1504,90318000
AMZN,2020-07-20,150.01,160.068,149.701,159.842,151964000
GOOGL,2020-07-20,75.0842,77.761,74.4746,77.5047,30166000
MSFT,2020-07-20,194.8511,201.7898,192.9597,201.1244,36884800
MSFT,2020-07-21,203.0825,203.3486,197.7312,198.4155,37990400
AAPL,2020-07-21,95.9388,96.0138,93.5881,93.8372,103433200
AMZN,2020-07-21,161.6245,162.029,155.286,156.9145,122426000
GOOGL,2020-07-21,78.5549,78.6551,76.9487,77.1122,27486000
AAPL,2020-07-22,93.5397,94.7804,93.4526,94.1008,89001600
AMZN,2020-07-22,156.25,157.5,153.263,154.9955,82084000
GOOGL,2020-07-22,77.1018,77.6604,76.4833,77.5548,24482000
MSFT,2020-07-22,198.8432,201.7898,198.0733,201.267,49605700
MSFT,2020-07-23,196.9327,200.4781,192.1422,192.5129,67457000
AAPL,2020-07-23,93.8348,93.9122,89.0099,89.8177,197004400
AMZN,2020-07-23,154.9135,154.9135,148.5,149.3275,113138000
GOOGL,2020-07-23,77.6083,77.8274,74.7665,75.171,33910000
AAPL,2020-07-24,88.0207,89.9386,86.2383,89.5952,185438800
AMZN,2020-07-24,146.5,151.579,144.4,150.4455,112648000
GOOGL,2020-07-24,74.3007,75.1055,73.7258,74.7477,29902000
MSFT,2020-07-24,190.4979,192.8171,187.7319,191.3344,39827000
MSFT,2020-07-27,191.496,193.8721,190.9161,193.7581,30160900
AAPL,2020-07-27,90.6545,91.8105,90.432,91.7186,121214000
AMZN,2020-07-27,153.1,154.9,150.7885,152.7605,83410000
GOOGL,2020-07-27,74.998,76.2023,74.9519,75.7994,27124000
AAPL,2020-07-28,91.2905,91.4671,90.207,90.2119,103625600
AMZN,2020-07-28,152.7135,153.8545,149.788,150.0165,62534000
GOOGL,2020-07-28,75.5798,75.6299,74.3666,74.5217,30910000
MSFT,2020-07-28,193.53,194.566,191.7525,192.0187,23251400
MSFT,2020-07-29,192.4749,194.5185,192.0092,193.9577,19632600
AAPL,2020-07-29,90.6931,92.1249,90.6569,91.9411,90329200
AMZN,2020-07-29,151.5495,151.958,149.8385,151.6765,59482000
GOOGL,2020-07-29,74.5886,75.9927,74.49,75.506,22676000
AAPL,2020-07-30,91.1164,93.1576,90.7101,93.0536,158130000
AMZN,2020-07-30,150.7,154.6,150.25,152.594,122566000
GOOGL,2020-07-30,74.2402,76.3673,74.1014,76.2424,36042000
MSFT,2020-07-30,191.0492,194.3379,189.69,193.8056,25079600
MSFT,2020-07-31,194.2808,194.9463,189.1577,194.8606,51044000
AAPL,2020-07-31,99.5303,102.9452,97.5375,102.7952,374336800
AMZN,2020-07-31,162.2,162.341,157.55,158.234,161710000
GOOGL,2020-07-31,74.1946,74.5896,72.061,73.7436,91468000
AAPL,2020-08-03,104.672,107.9974,104.3745,105.3854,308151200
AMZN,2020-08-03,159.0255,159.2,155.2,155.5945,101494000
GOOGL,2020-08-03,73.8948,74.2283,72.9392,73.4864,45482000
MSFT,2020-08-03,201.0484,206.8654,200.0219,205.8199,78983000
MSFT,2020-08-04,203.5672,204.1375,199.8983,202.7307,49280100
AAPL,2020-08-04,105.5741,107.1775,104.8534,106.0892,173071600
AMZN,2020-08-04,155.0605,158.362,155.0605,156.9415,93886000
GOOGL,2020-08-04,73.6821,73.9993,72.5581,73.0175,37212000
AAPL,2020-08-05,105.8111,106.793,105.3467,106.4738,121776800
AMZN,2020-08-05,157.1885,160.6795,156.365,160.2515,78330000
GOOGL,2020-08-05,73.192,73.8452,72.9144,73.3045,29134000
MSFT,2020-08-05,204.261,204.3561,201.0959,202.3981,28806400
MSFT,2020-08-06,201.8278,205.6583,201.0769,205.6393,32656800
AAPL,2020-08-06,106.8051,110.6819,106.2174,110.1886,202428800
AMZN,2020-08-06,159.718,162.3735,158.2715,161.25,78812000
GOOGL,2020-08-06,73.1588,74.6515,72.9481,74.5861,33306000
AAPL,2020-08-07,109.7112,110.1668,106.8886,107.6833,198045600
AMZN,2020-08-07,161.2005,162.0405,157.0335,158.373,78722000
GOOGL,2020-08-07,74.7888,75.3365,73.6603,74.26,27718000
MSFT,2020-08-07,204.2135,205.0215,200.4876,201.9609,27820400
MSFT,2020-08-10,201.1909,201.3906,196.1343,197.9402,36716500
AAPL,2020-08-10,109.1249,110.2636,106.6052,109.2485,212403600
AMZN,2020-08-10,158.5155,158.6255,155.076,157.408,63346000
GOOGL,2020-08-10,73.8848,74.6952,73.2252,74.1832,20546000
AAPL,2020-08-11,108.5143,109.011,105.7402,105.9994,187902400
AMZN,2020-08-11,155.66,157.961,153.65,154.0335,74362000
GOOGL,2020-08-11,74.0434,74.8582,73.2599,73.3764,31098000
MSFT,2020-08-11,196.9043,197.37,193.0832,193.3114,36446500
MSFT,2020-08-12,195.1268,199.8698,194.6135,198.8337,28013100
AAPL,2020-08-12,107.0873,109.7791,106.8935,109.5223,165598000
AMZN,2020-08-12,155.4,158.7195,155.071,158.112,70442000
GOOGL,2020-08-12,73.7025,74.9192,73.5974,74.6996,22512000
AAPL,2020-08-13,110.8984,112.4612,110.4114,111.4605,210082000
AMZN,2020-08-13,159.1495,160.876,157.75,158.051,62980000
GOOGL,2020-08-13,74.7477,76.1731,74.7477,75.166,22388000
MSFT,2020-08-13,199.0714,200.8868,197.8452,198.368,22588900
MSFT,2020-08-14,198.4251,199.2139,197.2369,198.5581,17958900
AAPL,2020-08-14,111.2861,111.4509,109.5562,111.3612,165565200
AMZN,2020-08-14,158.909,158.912,156.0,157.401,55034000
GOOGL,2020-08-14,75.0153,75.3216,74.2912,74.5703,21942000
AAPL,2020-08-17,112.4806,112.5048,110.4454,111.0705,119561600
AMZN,2020-08-17,158.656,159.7485,157.709,159.1205,53824000
GOOGL,2020-08-17,75.1323,75.5194,74.5886,75.1457,19990000
MSFT,2020-08-17,199.2235,200.7348,198.5772,199.8698,20184800
MSFT,2020-08-18,200.1074,201.8468,198.8528,201.0199,21336200
AAPL,2020-08-18,110.8233,112.42,110.4889,111.996,105633600
AMZN,2020-08-18,160.6,166.0,160.291,165.6245,106920000
GOOGL,2020-08-18,75.6353,77.1841,75.4148,77.1053,28378000
AAPL,2020-08-19,112.403,113.5466,112.042,112.1365,145538000
AMZN,2020-08-19,165.1505,165.795,162.8,163.024,83702000
GOOGL,2020-08-19,76.9422,77.7535,76.3232,76.5517,30472000
MSFT,2020-08-19,201.5058,202.087,199.3715,199.8003,27627600
MSFT,2020-08-20,199.6479,204.8501,199.0476,204.4499,26981500
AAPL,2020-08-20,112.1777,114.7386,112.1607,114.6248,126907200
AMZN,2020-08-20,162.6,165.631,161.9,164.8685,66650000
GOOGL,2020-08-20,76.3217,78.3141,76.0487,78.1198,26382000
AAPL,2020-08-21,115.5818,121.0138,115.5697,120.5317,338054800
AMZN,2020-08-21,164.75,165.72,163.7695,164.236,71518000
GOOGL,2020-08-21,77.8992,78.8944,77.4289,78.0861,34838000
MSFT,2020-08-21,203.7639,206.0411,202.8016,202.9636,36249300
MSFT,2020-08-24,204.65,205.3456,202.4014,203.6019,25460100
AAPL,2020-08-24,124.7256,124.8104,120.1125,121.9733,345937600
AMZN,2020-08-24,165.5075,169.016,162.878,165.373,93326000
GOOGL,2020-08-24,78.9237,79.732,78.0598,78.5609,25638000
AAPL,2020-08-25,120.8491,121.3167,119.2548,120.9726,211495600
AMZN,2020-08-25,164.7495,167.87,163.35,167.3245,79856000
GOOGL,2020-08-25,78.3106,79.737,78.2006,79.5868,25150000
MSFT,2020-08-25,203.0398,206.3841,203.0398,206.2507,23043700
MSFT,2020-08-26,207.5941,211.6054,207.0987,210.7097,39600800
AAPL,2020-08-26,122.2858,123.0732,121.2222,122.6177,163022400
AMZN,2020-08-26,167.5555,172.587,167.2285,172.0925,130174000
GOOGL,2020-08-26,79.6091,81.9132,79.3454,81.484,52188000
AAPL,2020-08-27,123.2186,123.5505,120.0107,121.1519,155552400
AMZN,2020-08-27,172.5025,172.65,168.9,170.0,85296000
GOOGL,2020-08-27,81.6069,81.6753,80.2291,80.7103,31350000
MSFT,2020-08-27,212.3676,220.2377,209.0424,215.8834,57602200
MSFT,2020-08-28,217.4079,219.7518,215.8834,218.1034,26292900
AAPL,2020-08-28,122.1235,122.5402,120.7327,120.9557,187630000
AMZN,2020-08-28,171.15,171.6685,169.325,170.09,57940000
GOOGL,2020-08-28,80.7574,81.3462,80.5661,81.251,22418000
AAPL,2020-08-31,123.6426,126.957,122.1114,125.0575,225702700
AMZN,2020-08-31,170.4495,174.75,170.25,172.548,83718000
GOOGL,2020-08-31,81.4562,81.5023,80.5522,80.7604,26422000
MSFT,2020-08-31,216.2836,217.9033,213.7206,214.883,28774200
MSFT,2020-09-01,214.864,216.7124,213.8349,216.5409,25725500
AAPL,2020-09-01,128.6627,130.6398,126.5015,130.0389,151948100
AMZN,2020-09-01,174.479,175.6935,173.35,174.956,68644000
GOOGL,2020-09-01,80.8907,82.2318,80.7604,82.0266,22652000
AAPL,2020-09-02,133.3436,133.7216,123.0805,127.3447,200119000
AMZN,2020-09-02,177.35,177.6125,174.3345,176.5725,78630000
GOOGL,2020-09-02,82.6675,85.5464,82.2799,85.1148,49522000
MSFT,2020-09-02,217.2078,221.8669,216.6171,220.7141,34080800
MSFT,2020-09-03,218.4464,218.4846,204.812,207.0415,58400300
AAPL,2020-09-03,122.9933,124.8637,116.7811,117.1494,257599600
AMZN,2020-09-03,174.25,174.4205,165.15,168.4,163222000
GOOGL,2020-09-03,84.2291,84.2529,79.679,80.7594,63726000
AAPL,2020-09-04,116.3644,119.8824,107.4677,117.2269,332607200
AMZN,2020-09-04,165.9,169.075,155.5565,164.731,175636000
GOOGL,2020-09-04,79.7429,81.031,76.2226,78.3656,55850000
MSFT,2020-09-04,204.9454,208.0515,195.5033,204.1355,59664100
MSFT,2020-09-08,196.7514,200.1147,192.6543,193.0927,52924300
AAPL,2020-09-08,110.4333,115.3177,109.2024,109.3381,231366600
AMZN,2020-09-08,157.2,162.5425,156.5,157.492,121884000
GOOGL,2020-09-08,75.5798,77.0939,75.1586,75.5104,54032000
AAPL,2020-09-09,113.6411,115.4631,111.7028,113.6992,176940500
AMZN,2020-09-09,160.1495,165.159,159.25,163.4305,103774000
GOOGL,2020-09-09,76.7643,77.251,75.5882,76.6815,39242000
MSFT,2020-09-09,197.7995,204.6976,196.9419,201.3152,45679000
MSFT,2020-09-10,203.3256,204.6024,194.4742,195.6747,35461500
AAPL,2020-09-10,116.6454,116.7811,109.028,109.9874,182274400
AMZN,2020-09-10,165.361,167.4945,158.5275,158.7555,106614000
GOOGL,2020-09-10,76.8278,77.9914,75.332,75.6319,33024000
AAPL,2020-09-11,111.0341,111.6738,106.6052,108.5434,180860300
AMZN,2020-09-11,160.4345,160.867,154.199,155.811,101880000
GOOGL,2020-09-11,75.7359,76.2588,73.9949,75.1219,30706000
MSFT,2020-09-11,197.4183,198.7808,191.7396,194.398,33620100
MSFT,2020-09-14,194.5981,199.3239,194.398,195.7128,30375800
AAPL,2020-09-14,111.1795,112.3521,109.3187,111.7997,140150100
AMZN,2020-09-14,158.647,159.3695,154.8,155.1485,90592000
GOOGL,2020-09-14,75.9094,77.1658,74.5941,74.7784,42660000
AAPL,2020-09-15,114.6781,115.1627,110.1038,111.9742,184642000
AMZN,2020-09-15,156.808,158.751,155.446,157.8065,80430000
GOOGL,2020-09-15,75.7231,76.8679,75.4361,76.0814,23042000
MSFT,2020-09-15,198.5807,199.8765,197.161,198.9238,21823900
MSFT,2020-09-16,200.6769,200.7054,194.9792,195.3699,26328100
AAPL,2020-09-16,111.6738,112.42,108.5822,108.6694,154679000
AMZN,2020-09-16,158.9995,159.362,153.7075,153.905,90244000
GOOGL,2020-09-16,76.4461,77.0354,74.9152,74.94,22128000
AAPL,2020-09-17,106.3338,108.7373,105.355,106.9347,178011000
AMZN,2020-09-17,150.4625,151.4715,148.6275,150.4365,128982000
GOOGL,2020-09-17,73.6375,74.2744,72.4803,73.6985,40008000
MSFT,2020-09-17,190.6059,194.6838,190.5201,193.3309,34011300
MSFT,2020-09-18,193.226,194.0359,186.9852,190.9298,55225300
AAPL,2020-09-18,106.9928,107.458,102.8158,103.5427,287104900
AMZN,2020-09-18,151.587,151.89,145.277,147.7455,177852000
GOOGL,2020-09-18,73.7609,74.1029,70.9519,71.9168,63056000
AAPL,2020-09-21,101.3137,106.7893,99.9181,106.6827,195713800
AMZN,2020-09-21,145.325,148.1,143.55,148.0235,122358000
GOOGL,2020-09-21,70.9519,71.3701,69.5176,70.8785,56908000
MSFT,2020-09-21,187.8809,193.1403,187.1091,192.9783,39839700
MSFT,2020-09-22,195.3794,198.2758,192.54,197.628,33517100
AAPL,2020-09-22,109.2024,109.3769,105.7911,108.3593,183055400
AMZN,2020-09-22,151.692,156.6995,150.01,156.4495,138976000
GOOGL,2020-09-22,71.8786,72.5551,70.8468,72.3495,33950000
AAPL,2020-09-23,108.1752,108.65,103.4748,103.8141,150718700
AMZN,2020-09-23,156.0215,156.35,149.619,149.993,113054000
GOOGL,2020-09-23,71.9663,72.0154,69.5176,69.8501,37726000
MSFT,2020-09-23,198.0853,198.2759,190.5869,191.1204,30803800
MSFT,2020-09-24,190.4153,195.8653,189.796,193.5976,31202500
AAPL,2020-09-24,101.9242,106.8475,101.7595,104.8801,167743300
AMZN,2020-09-24,148.8895,153.465,148.25,150.9895,110588000
GOOGL,2020-09-24,69.5176,71.2676,69.4913,70.5177,34552000
AAPL,2020-09-25,105.0836,108.9699,104.3471,108.8148,149981400
AMZN,2020-09-25,152.743,155.077,149.95,154.7565,92304000
GOOGL,2020-09-25,70.6262,71.6616,69.7654,71.3206,30326000
MSFT,2020-09-25,193.9407,199.1714,192.9783,198.0091,29437300
MSFT,2020-09-28,200.9246,202.5348,198.2377,199.5526,32004900
AAPL,2020-09-28,111.4605,111.761,109.2994,111.4121,137672400
AMZN,2020-09-28,157.4425,158.752,155.8585,158.7025,84484000
GOOGL,2020-09-28,72.9526,73.0022,71.6784,72.292,30784000
AAPL,2020-09-29,111.0148,111.7513,110.065,110.569,99382200
AMZN,2020-09-29,158.7695,159.413,156.627,157.244,69916000
GOOGL,2020-09-29,72.5522,72.9531,72.061,72.6567,31816000
MSFT,2020-09-29,199.4668,200.1529,197.0468,197.4755,24221900
MSFT,2020-09-30,197.9233,201.9727,196.7895,200.4006,33829100
AAPL,2020-09-30,110.2782,113.6411,110.1134,112.2359,142675200
AMZN,2020-09-30,157.057,160.644,156.6995,157.4365,97922000
GOOGL,2020-09-30,72.405,73.6569,72.1482,72.6359,40924000
AAPL,2020-10-01,114.0094,114.0869,112.2553,113.1856,116120400
AMZN,2020-10-01,160.4,161.2,158.6,161.063,99438000
GOOGL,2020-10-01,73.531,74.0965,73.191,73.7411,32884000
MSFT,2020-10-01,203.4114,203.8878,201.3438,202.43,27158400
MSFT,2020-10-02,198.1805,201.0294,195.8367,196.456,33154800
AAPL,2020-10-02,109.406,111.8094,108.7566,109.5319,144712000
AMZN,2020-10-02,157.6815,159.79,156.15,156.25,112262000
GOOGL,2020-10-02,72.34,73.3015,71.7314,72.1403,31222000
AAPL,2020-10-05,110.3945,113.0499,110.0456,112.9046,106243800
AMZN,2020-10-05,157.292,160.1265,157.0425,159.96,75506000
GOOGL,2020-10-05,72.4897,73.5825,72.3628,73.4898,21602000
MSFT,2020-10-05,197.4374,200.4768,197.2087,200.4482,21331600
MSFT,2020-10-06,198.9618,200.2576,195.1507,196.1892,28554300
AAPL,2020-10-06,112.1293,112.5363,108.7857,109.6676,161498200
AMZN,2020-10-06,158.25,159.1,154.5,154.998,101738000
GOOGL,2020-10-06,73.1266,73.5736,71.6155,71.9133,26096000
AAPL,2020-10-07,111.0826,111.9839,110.6077,111.5284,96849000
AMZN,2020-10-07,156.75,160.0,156.6195,159.7845,86188000
GOOGL,2020-10-07,72.3242,72.8029,71.0317,72.3158,36108000
MSFT,2020-10-07,197.285,200.191,196.961,199.9242,25681100
MSFT,2020-10-08,200.572,201.22,198.4854,200.6387,19925800
AAPL,2020-10-08,112.6623,112.8077,111.0535,111.4218,83477200
AMZN,2020-10-08,161.2495,161.6645,158.7495,159.5275,63482000
GOOGL,2020-10-08,72.6285,73.7476,72.6285,73.5196,26076000
AAPL,2020-10-09,111.7222,113.3891,111.3733,113.3601,100506900
AMZN,2020-10-09,160.5,164.4495,159.8915,164.3325,98158000
GOOGL,2020-10-09,73.9869,74.9281,73.6965,74.8587,32966000
MSFT,2020-10-09,201.2581,205.6695,201.2581,205.6219,26458000
MSFT,2020-10-12,208.4612,213.2918,206.5747,210.948,40461400
AAPL,2020-10-12,116.3547,121.3167,115.5988,120.5607,240226800
AMZN,2020-10-12,167.497,174.812,166.9775,172.1465,167284000
GOOGL,2020-10-12,76.2241,78.7229,75.7929,77.5419,55344000
AAPL,2020-10-13,121.4039,121.5202,115.9573,117.3626,262330500
AMZN,2020-10-13,173.3995,174.619,171.211,172.1815,114894000
GOOGL,2020-10-13,78.1575,78.5614,77.2465,77.6648,39072000
MSFT,2020-10-13,212.2057,214.5781,210.0238,212.3391,28950800
MSFT,2020-10-14,212.4724,213.6348,208.7851,210.4335,23421700
AAPL,2020-10-14,117.2657,119.233,115.9283,117.4498,150712000
AMZN,2020-10-14,172.35,173.244,167.0,168.1855,116254000
GOOGL,2020-10-14,78.038,78.4965,76.6156,77.4849,33174000
AAPL,2020-10-15,115.056,117.4595,114.5036,116.9846,112559200
AMZN,2020-10-15,164.6005,167.794,164.0,166.9325,104468000
GOOGL,2020-10-15,76.5462,77.8794,76.3792,77.0899,31210000
MSFT,2020-10-15,206.851,209.9571,205.8124,209.2901,22733100
MSFT,2020-10-16,209.757,211.7959,208.9662,209.2901,26057900
AAPL,2020-10-16,117.537,117.7987,115.1433,115.3468,115393800
AMZN,2020-10-16,168.1615,169.983,158.0,163.6355,129488000
GOOGL,2020-10-16,77.4051,78.1921,77.1985,77.6961,34194000
AAPL,2020-10-19,116.2578,116.7036,112.0905,112.4006,120639300
AMZN,2020-10-19,164.9805,166.45,159.637,160.3605,104472000
GOOGL,2020-10-19,78.1039,78.5004,75.4767,75.8251,29734000
MSFT,2020-10-19,210.0142,211.8055,203.6305,204.1069,27625800
MSFT,2020-10-20,205.6124,207.1082,203.0302,204.5166,22753500
AAPL,2020-10-20,112.6138,115.308,112.0614,113.8834,124423700
AMZN,2020-10-20,161.114,163.3,159.6005,160.8505,90194000
GOOGL,2020-10-20,75.4861,78.0004,75.3568,76.8724,41670000
AAPL,2020-10-21,113.0693,115.0464,112.8561,113.2631,89946000
AMZN,2020-10-21,160.625,161.694,158.0,159.247,91854000
GOOGL,2020-10-21,77.8026,80.0472,77.6683,78.6025,60322000
MSFT,2020-10-21,203.0588,206.6794,203.0588,204.6595,22724900
MSFT,2020-10-22,203.8306,205.8601,201.7059,204.7453,22351500
AAPL,2020-10-22,113.8253,114.397,111.0535,112.1777,101988000
AMZN,2020-10-22,159.4935,159.9375,156.097,158.82,84240000
GOOGL,2020-10-22,78.5535,79.962,78.1808,79.6269,30512000
AAPL,2020-10-23,112.798,112.953,110.753,111.4896,82572600
AMZN,2020-10-23,159.55,160.2665,157.0,160.22,69334000
GOOGL,2020-10-23,80.0428,80.9879,79.8871,80.9314,30548000
MSFT,2020-10-23,204.8787,206.0697,203.097,206.022,18879600
MSFT,2020-10-26,203.7544,206.1268,198.2758,200.1624,37111600
AAPL,2020-10-26,110.4914,112.953,109.3963,111.4993,111850700
AMZN,2020-10-26,159.937,164.149,157.665,160.352,118024000
GOOGL,2020-10-26,80.0403,80.7629,77.7,78.5182,35826000
AAPL,2020-10-27,111.9257,113.6605,111.005,113.0015,92276800
AMZN,2020-10-27,161.247,164.583,160.565,164.3165,85820000
GOOGL,2020-10-27,78.7482,79.396,78.1565,79.2413,25902000
MSFT,2020-10-27,201.6011,204.5357,200.4006,203.1827,36700300
MSFT,2020-10-28,197.8662,198.9809,192.5591,193.1117,51195600
AAPL,2020-10-28,111.4993,111.8676,107.6712,107.7681,143937800
AMZN,2020-10-28,162.465,163.201,158.1235,158.139,111766000
GOOGL,2020-10-28,76.8193,77.0077,74.7611,74.8761,45174000
AAPL,2020-10-29,108.902,113.3213,108.7373,111.761,146129200
AMZN,2020-10-29,160.0635,162.8625,158.2,160.5505,131930000
GOOGL,2020-10-29,75.1843,78.7388,75.161,77.1598,55406000
MSFT,2020-10-29,194.4361,197.5708,193.7691,195.0554,31432600
MSFT,2020-10-30,193.893,194.6457,190.1962,192.9117,36953700
AAPL,2020-10-30,107.6325,108.5337,104.3955,105.5004,190272600
AMZN,2020-10-30,157.8875,158.35,150.95,151.8075,167728000
GOOGL,2020-10-30,82.6392,83.3271,79.3747,80.0953,99878000
AAPL,2020-11-02,105.7426,107.2642,104.0079,105.4131,122866900
AMZN,2020-11-02,153.087,153.9855,147.506,150.224,145148000
GOOGL,2020-11-02,80.4635,82.1833,80.0026,80.5022,44228000
MSFT,2020-11-02,194.6457,195.589,190.6726,192.7782,30842200
MSFT,2020-11-03,194.2646,198.2949,193.5309,196.6847,27512000
AAPL,2020-11-03,106.2757,108.0492,105.3743,107.0316,107624400
AMZN,2020-11-03,150.9265,153.745,149.049,152.4205,97958000
GOOGL,2020-11-03,80.8213,82.2209,79.897,81.5598,31432000
AAPL,2020-11-04,110.6174,112.0226,108.8826,111.4024,138235500
AMZN,2020-11-04,157.9995,162.2425,156.9865,162.058,136780000
GOOGL,2020-11-04,84.5294,87.7236,84.4016,86.5253,71342000
MSFT,2020-11-04,203.9163,208.0134,202.3919,206.1745,42311800
MSFT,2020-11-05,211.5577,213.5396,210.7098,212.7487,36080100
AAPL,2020-11-05,114.3098,115.9282,113.2631,115.3565,126387100
AMZN,2020-11-05,165.9985,168.34,164.444,166.1,115786000
GOOGL,2020-11-05,87.7444,88.8036,86.2864,87.3504,39758000
AAPL,2020-11-06,114.8662,115.7205,112.7401,115.2254,114457900
AMZN,2020-11-06,165.232,166.1,161.6,165.5685,92946000
GOOGL,2020-11-06,86.7974,87.6478,86.0708,87.2132,28622000
MSFT,2020-11-06,211.7673,213.7682,207.7371,213.1584,25231900
MSFT,2020-11-09,213.8444,217.3507,207.5941,208.08,44395000
AAPL,2020-11-09,116.9826,118.4291,112.6625,112.9246,154515300
AMZN,2020-11-09,161.5515,164.45,155.6055,157.187,143808000
GOOGL,2020-11-09,89.0097,90.046,87.1051,87.2969,53440000
AAPL,2020-11-10,112.1771,114.1575,110.7985,112.5848,138023400
AMZN,2020-11-10,154.751,155.7,150.974,151.751,131820000
GOOGL,2020-11-10,85.7283,87.1958,85.0518,86.1223,43022000
MSFT,2020-11-10,204.3737,206.2792,199.8193,201.0485,44045100
MSFT,2020-11-11,202.3633,207.7466,202.1823,206.327,29440800
AAPL,2020-11-11,113.7692,116.138,113.0411,116.0021,112295000
AMZN,2020-11-11,153.089,156.9575,152.5,156.8695,87338000
GOOGL,2020-11-11,86.6516,87.3703,86.387,86.5937,31838000
AAPL,2020-11-12,116.1283,117.0117,115.1089,115.7302,103162300
AMZN,2020-11-12,157.9975,158.794,154.3025,155.514,87240000
GOOGL,2020-11-12,86.3345,87.4734,86.1347,86.3751,26474000
MSFT,2020-11-12,206.9558,208.766,204.3356,205.2693,21593900
MSFT,2020-11-13,206.1459,207.1559,204.0498,206.2888,18621100
AAPL,2020-11-13,115.9535,116.1768,114.4293,115.7788,81581900
AMZN,2020-11-13,156.1,157.086,154.2695,156.4405,75124000
GOOGL,2020-11-13,86.6318,88.0755,86.0361,87.8342,29744000
AAPL,2020-11-16,115.4487,117.4583,114.7012,116.7884,91183000
AMZN,2020-11-16,154.66,157.135,153.6345,156.553,76174000
GOOGL,2020-11-16,87.4317,88.9285,87.2925,87.9219,25468000
MSFT,2020-11-16,204.7262,207.4608,204.3928,206.9748,24953300
MSFT,2020-11-17,205.8982,207.4035,203.9735,204.3356,24154100
AAPL,2020-11-17,116.0603,117.1476,115.4875,115.905,74271000
AMZN,2020-11-17,159.177,159.4625,156.763,156.783,68894000
GOOGL,2020-11-17,87.6161,88.076,87.2013,87.3088,21314000
AAPL,2020-11-18,115.1478,116.3224,114.5556,114.5847,76322100
AMZN,2020-11-18,156.7,157.0,155.255,155.273,58336000
GOOGL,2020-11-18,87.06,87.4744,86.1645,86.267,20108000
MSFT,2020-11-18,204.0968,205.5488,201.4984,201.6417,28372800
MSFT,2020-11-19,201.9283,203.5045,200.5431,202.9218,24792700
AAPL,2020-11-19,114.1575,115.5846,113.4003,115.1769,74113000
AMZN,2020-11-19,155.2655,156.25,154.046,155.851,60206000
GOOGL,2020-11-19,85.8998,87.3995,85.7407,87.1557,20106000
AAPL,2020-11-20,115.1769,115.3031,113.8663,113.9148,73604300
AMZN,2020-11-20,155.851,156.6445,154.9025,154.97,67488000
GOOGL,2020-11-20,87.3257,87.6409,85.9875,86.0559,27694000
MSFT,2020-11-20,202.7116,203.7529,200.61,200.9826,22843100
MSFT,2020-11-23,201.5175,202.7975,198.8522,200.7151,25683500
AAPL,2020-11-23,113.7595,114.1867,110.4296,110.5267,127959300
AMZN,2020-11-23,155.835,156.9875,153.273,154.9195,94178000
GOOGL,2020-11-23,86.2462,86.5322,84.7574,85.6188,22530000
AAPL,2020-11-24,110.585,112.4683,109.3035,111.8082,113874200
AMZN,2020-11-24,155.025,156.7125,154.313,155.903,72042000
GOOGL,2020-11-24,85.6158,87.5477,85.2803,87.4198,27984000
MSFT,2020-11-24,200.2183,204.6699,199.5209,204.2974,33979700
MSFT,2020-11-25,205.4915,205.6634,202.96,204.3069,21012900
AAPL,2020-11-25,112.1771,113.3421,111.8082,112.6431,76499200
AMZN,2020-11-25,157.0935,159.9,157.013,159.2535,75808000
GOOGL,2020-11-25,87.6136,87.741,86.6497,87.4312,19600000
AAPL,2020-11-27,113.1673,114.0604,112.8275,113.1867,46691300
AMZN,2020-11-27,160.563,160.8095,159.5025,159.767,47858000
GOOGL,2020-11-27,87.4516,89.0608,87.4515,88.5657,14790000
MSFT,2020-11-27,205.2431,206.5996,204.4693,205.6061,14512200
MSFT,2020-11-30,204.5267,205.1571,201.4124,204.498,33064800
AAPL,2020-11-30,113.5556,117.4389,113.4003,115.5749,169410200
AMZN,2020-11-30,160.424,161.4195,156.2775,158.402,81278000
GOOGL,2020-11-30,88.0022,88.2346,86.6239,86.949,32418000
AAPL,2020-12-01,117.4777,119.8659,116.5069,119.1378,127728200
AMZN,2020-12-01,159.425,162.4475,157.859,161.004,90740000
GOOGL,2020-12-01,87.5566,90.2854,87.3767,88.979,37350000
MSFT,2020-12-01,204.9183,207.6026,203.8102,206.5423,30904500
MSFT,2020-12-02,205.2718,205.8354,203.2848,205.7398,23724500
AAPL,2020-12-02,118.4582,119.7688,117.3612,119.4873,89004200
AMZN,2020-12-02,161.0825,161.6,158.663,160.1765,62586000
GOOGL,2020-12-02,88.979,90.8316,88.474,90.4465,29424000
AAPL,2020-12-03,119.9144,120.1668,118.6427,119.3514,78967600
AMZN,2020-12-03,160.273,161.432,159.0655,159.3365,57840000
GOOGL,2020-12-03,90.227,91.3812,90.0515,90.2914,24728000
MSFT,2020-12-03,205.0139,206.7047,204.0968,204.6604,25120900
GOOGL,2020-12-04,90.2111,90.671,89.8825,90.3865,20544000
MSFT,2020-12-04,204.6413,205.7494,203.6477,204.7751,24666000
AAPL,2020-12-04,119.0213,119.2737,117.9728,118.6815,78260400
AMZN,2020-12-04,159.9105,159.9105,157.938,158.129,58272000
AAPL,2020-12-07,118.7397,120.9338,118.6815,120.1377,86712000
AMZN,2020-12-07,157.824,159.038,157.0845,157.9,55026000
GOOGL,2020-12-07,89.9796,90.6606,89.3596,90.053,22288000
MSFT,2020-12-07,204.7846,205.9023,203.4663,204.7081,24620000
GOOGL,2020-12-08,89.6312,90.0005,88.7768,89.7705,19936000
MSFT,2020-12-08,204.4025,207.2492,203.3708,206.3512,23284100
AAPL,2020-12-08,120.7396,121.3318,119.497,120.7493,82225500
AMZN,2020-12-08,157.945,159.2065,156.001,158.8645,65726000
AAPL,2020-12-09,120.8949,122.2735,117.468,118.2252,115089200
AMZN,2020-12-09,158.3945,158.7215,154.4,155.21,82016000
GOOGL,2020-12-09,89.7224,90.615,87.3257,88.1117,31728000
MSFT,2020-12-09,205.5392,205.6061,201.7659,202.3295,32440600
GOOGL,2020-12-10,87.3554,87.9695,85.9147,87.6057,28688000
MSFT,2020-12-10,202.3008,203.5523,200.9539,201.1067,26733300
AAPL,2020-12-10,116.9826,120.2542,116.6428,119.6426,81312200
AMZN,2020-12-10,154.4495,157.105,153.8,155.0745,60604000
AAPL,2020-12-11,118.8562,119.1766,117.0311,118.8368,86939800
AMZN,2020-12-11,154.833,155.9335,153.641,155.821,61294000
GOOGL,2020-12-11,87.2266,88.0844,86.8667,87.96,18628000
MSFT,2020-12-11,200.6577,203.7815,199.7598,203.7242,30979400
GOOGL,2020-12-14,87.7578,88.7034,86.6878,86.843,33050000
MSFT,2020-12-14,203.5713,206.5423,203.3612,204.6221,28798400
AAPL,2020-12-14,119.0213,119.7494,117.9922,118.2252,79184500
AMZN,2020-12-14,157.15,159.5235,156.3,157.8485,83116000
AAPL,2020-12-15,120.7105,124.1666,120.5066,124.1472,157243700
AMZN,2020-12-15,159.0505,159.425,156.5245,158.256,66390000
GOOGL,2020-12-15,87.2196,87.4248,86.3181,87.2801,21352000
MSFT,2020-12-15,205.5488,205.7876,202.7498,204.5553,27000600
GOOGL,2020-12-16,87.678,87.678,86.6844,87.0873,24676000
MSFT,2020-12-16,205.1476,210.2679,205.1189,209.475,35023300
AAPL,2020-12-16,123.6909,124.6228,122.8657,124.0792,98208600
AMZN,2020-12-16,158.8005,162.35,158.184,162.048,88552000
AAPL,2020-12-17,125.1374,125.7975,124.3025,124.9432,94359800
AMZN,2020-12-17,162.5,163.1755,161.05,161.804,69486000
GOOGL,2020-12-17,87.4213,87.5591,85.7967,86.2606,34880000
MSFT,2020-12-17,210.0386,211.013,208.1758,209.6087,32515800
GOOGL,2020-12-18,86.5411,86.6497,84.9963,85.5524,85256000
MSFT,2020-12-18,208.8159,209.8667,206.3608,208.8159,63354900
AAPL,2020-12-18,125.1956,125.3316,122.4385,122.9628,192541500
AMZN,2020-12-18,162.1995,162.471,158.58,160.0825,119914000
AAPL,2020-12-21,121.3706,124.5646,119.8465,124.4869,121251600
AMZN,2020-12-21,160.0005,161.3485,158.3,160.309,76736000
GOOGL,2020-12-21,84.7054,86.0866,83.9555,85.9657,33974000
MSFT,2020-12-21,207.8224,213.984,207.5644,212.637,37181900
GOOGL,2020-12-22,85.7065,85.8691,84.5394,85.255,20370000
MSFT,2020-12-22,212.7326,215.5411,211.9301,213.9267,22612200
AAPL,2020-12-22,127.7683,130.4865,125.8654,128.0304,168904800
AMZN,2020-12-22,160.142,161.1,159.004,160.326,47388000
AAPL,2020-12-23,128.3022,128.5643,126.9625,127.1373,88223700
AMZN,2020-12-23,160.25,160.5065,159.2085,159.2635,41876000
GOOGL,2020-12-23,85.4389,86.439,85.3036,85.652,22974000
MSFT,2020-12-23,213.1338,213.5636,210.9271,211.1372,18699600
GOOGL,2020-12-24,85.6902,86.3548,85.4597,85.9459,9312000
MSFT,2020-12-24,211.5194,213.6114,211.3092,212.7899,10550600
AAPL,2020-12-24,127.4867,129.5643,127.2732,128.1178,54930100
AMZN,2020-12-24,159.695,160.1,158.45,158.6345,29038000
AAPL,2020-12-28,130.0788,133.331,129.6128,132.7,124486200
AMZN,2020-12-28,159.7,165.2,158.6345,164.198,113736000
GOOGL,2020-12-28,86.4787,88.5647,86.3255,87.9184,27650000
MSFT,2020-12-28,214.4138,215.9232,213.0478,214.901,17933500
GOOGL,2020-12-29,88.5761,88.6375,86.9842,87.1155,19726000
MSFT,2020-12-29,216.1907,217.0218,213.5828,214.1273,17403200
AAPL,2020-12-29,134.0203,134.7387,130.4186,130.9331,121047300
AMZN,2020-12-29,165.497,167.5325,164.061,166.1,97458000
AAPL,2020-12-30,131.6224,132.0204,129.506,129.8167,96452100
AMZN,2020-12-30,167.05,167.105,164.1235,164.2925,64186000
GOOGL,2020-12-30,87.4743,87.6111,85.6406,86.0495,21026000
MSFT,2020-12-30,215.159,215.5411,211.5671,211.7677,20272300
GOOGL,2020-12-31,86.1,87.1027,86.0416,86.8618,21070000
MSFT,2020-12-31,211.7868,213.0287,209.8571,212.4746,20942100
AAPL,2020-12-31,130.1662,130.8069,127.875,128.8167,99116600
AMZN,2020-12-31,163.75,164.146,162.06,162.8465,59144000
AAPL,2021-01-04,129.6225,129.7099,123.0598,125.6325,143301900
AMZN,2021-01-04,163.5,163.6,157.201,159.3315,88228000
GOOGL,2021-01-04,87.2265,87.3499,84.6068,85.5479,37324000
MSFT,2021-01-04,212.5797,213.0287,205.2049,207.9561,37130100
GOOGL,2021-01-05,85.4964,86.5738,85.0905,86.2378,20360000
MSFT,2021-01-05,207.5453,208.7491,206.0551,208.1567,23823000
AAPL,2021-01-05,125.1277,127.8945,124.6811,127.1858,97664900
AMZN,2021-01-05,158.3005,161.169,158.253,160.9255,53110000
AAPL,2021-01-06,123.9918,127.2246,122.6909,122.9045,155088000
AMZN,2021-01-06,157.324,159.8755,156.558,156.919,87896000
GOOGL,2021-01-06,84.2658,86.4321,84.0596,85.3869,46588000
MSFT,2021-01-06,202.683,206.8098,202.4632,202.7594,35930700
GOOGL,2021-01-07,85.5792,88.1097,85.5791,87.9372,41936000
MSFT,2021-01-07,204.4693,209.5324,204.1541,208.5293,27694500
AAPL,2021-01-07,124.6131,127.7877,124.1277,127.0984,109578200
AMZN,2021-01-07,157.85,160.427,157.75,158.108,70290000
AAPL,2021-01-08,128.5643,128.7585,126.4286,128.1954,105158200
AMZN,2021-01-08,159.0,159.532,157.11,159.135,70754000
GOOGL,2021-01-08,88.077,89.1772,87.287,89.1014,35484000
MSFT,2021-01-08,208.9018,210.7169,207.3256,209.7998,22956200
GOOGL,2021-01-11,88.0701,88.4348,86.837,87.0427,34796000
MSFT,2021-01-11,208.7013,209.1216,207.0391,207.7651,23031300
AAPL,2021-01-11,125.4189,126.3703,124.7491,125.215,100384500
AMZN,2021-01-11,157.4005,157.819,155.5,155.7105,73668000
AAPL,2021-01-12,124.7491,125.9043,123.1569,125.0403,91951100
AMZN,2021-01-12,156.0,157.107,154.3,156.0415,70292000
GOOGL,2021-01-12,86.501,87.6181,85.0647,86.108,29528000
MSFT,2021-01-12,206.8194,207.3925,203.7815,205.3196,23249300
GOOGL,2021-01-13,85.6069,87.0476,85.6069,86.5946,23432000
MSFT,2021-01-13,204.4502,207.0677,204.3642,206.6665,20087100
AAPL,2021-01-13,125.0015,127.6129,124.7394,127.0693,88636800
AMZN,2021-01-13,156.422,159.4975,156.104,158.2945,66424000
AAPL,2021-01-14,126.9819,127.1761,125.0015,125.1471,90221800
AMZN,2021-01-14,158.376,158.9,156.0295,156.3735,61418000
GOOGL,2021-01-14,86.6749,87.6007,85.5449,85.7853,29212000
MSFT,2021-01-14,206.2557,207.7364,203.2274,203.495,29480800
GOOGL,2021-01-15,85.6911,86.613,84.8333,85.6218,31444000
MSFT,2021-01-15,203.9726,204.9183,202.5492,203.1415,31746500
AAPL,2021-01-15,125.0209,126.4188,123.2928,123.4288,111598500
AMZN,2021-01-15,156.151,157.1275,154.7585,155.2125,84880000
AAPL,2021-01-19,124.0501,124.9529,123.2346,124.0986,90757300
AMZN,2021-01-19,155.35,157.25,154.8,156.038,66102000
GOOGL,2021-01-19,86.384,89.3993,85.88,88.4393,41660000
MSFT,2021-01-19,204.1923,207.2779,203.1224,206.762,30480900
GOOGL,2021-01-20,90.5159,94.1511,90.1759,93.1773,64152000
MSFT,2021-01-20,207.9657,215.6939,207.574,214.3088,37777300
AAPL,2021-01-20,124.9044,128.6226,124.7976,128.176,104319500
AMZN,2021-01-20,159.0995,163.99,158.75,163.169,106196000
AAPL,2021-01-21,129.8944,135.593,129.6905,132.8747,120150900
AMZN,2021-01-21,164.65,167.4275,164.4785,165.3495,98722000
GOOGL,2021-01-21,93.8503,95.7549,93.1446,93.3795,58634000
MSFT,2021-01-21,214.6527,216.1812,212.4746,214.9106,30709400
GOOGL,2021-01-22,93.7418,94.3826,93.0003,93.7963,32744000
MSFT,2021-01-22,216.9262,219.7826,215.7035,215.8468,30172700
AAPL,2021-01-22,132.302,135.7678,131.0787,135.0105,114459400
AMZN,2021-01-22,165.2155,166.0955,164.158,164.6115,56438000
AAPL,2021-01-25,138.8938,140.8548,132.5544,138.7482,157611700
AMZN,2021-01-25,166.425,168.1945,162.1575,164.7,74996000
GOOGL,2021-01-25,94.7964,95.2464,92.141,93.8815,50586000
MSFT,2021-01-25,218.875,219.5055,214.1941,219.2667,33152100
GOOGL,2021-01-26,93.4707,94.9456,92.982,94.559,31462000
MSFT,2021-01-26,221.4926,223.7088,219.7921,221.9415,49169600
AAPL,2021-01-26,139.4083,140.0879,137.2434,138.9811,98390600
AMZN,2021-01-26,164.818,166.9,164.1435,166.3065,59104000
AAPL,2021-01-27,139.2432,140.0879,136.3114,137.9132,140843800
AMZN,2021-01-27,167.0745,167.326,160.354,161.629,93204000
GOOGL,2021-01-27,92.9215,93.1971,89.0742,90.1476,82512000
MSFT,2021-01-27,227.358,229.6889,219.8494,222.486,69870600
GOOGL,2021-01-28,90.7453,93.5698,90.7454,91.8456,55278000
MSFT,2021-01-28,225.0749,231.7905,224.5781,228.2464,49111200
AAPL,2021-01-28,135.4474,137.8453,132.7097,133.0883,142621100
AMZN,2021-01-28,161.752,165.084,161.4345,161.881,62984000
AAPL,2021-01-29,131.8651,132.7485,126.4092,128.1081,177523800
AMZN,2021-01-29,161.5,161.8495,159.2275,160.31,85872000
GOOGL,2021-01-29,90.895,91.5651,89.2863,90.5649,44530000
MSFT,2021-01-29,225.4379,227.3771,221.0053,221.5881,42503100
GOOGL,2021-02-01,91.4189,94.9352,91.4189,93.8216,40252000
MSFT,2021-02-01,224.5494,231.6568,222.0371,228.9342,33314200
AAPL,2021-02-01,129.8458,131.4282,127.1081,130.2244,106239800
AMZN,2021-02-01,162.118,167.513,161.7515,167.144,83204000
AAPL,2021-02-02,131.768,132.3311,130.6807,131.0496,83305400
AMZN,2021-02-02,169.0,171.387,168.0565,169.0,141972000
GOOGL,2021-02-02,94.8158,96.6118,94.4807,95.1126,66332000
MSFT,2021-02-02,230.5104,231.4753,228.0171,228.8004,25916300
GOOGL,2021-02-03,102.3727,104.4052,99.7926,102.0392,97882000
MSFT,2021-02-03,228.8578,234.131,228.5616,232.1344,27158100
AAPL,2021-02-03,131.7971,131.8068,129.7099,130.0303,89880900
AMZN,2021-02-03,171.2505,171.7,165.431,165.6265,141776000
AAPL,2021-02-04,132.3214,133.3892,130.6612,133.3795,84183100
AMZN,2021-02-04,166.5,167.35,163.8875,166.55,73414000
GOOGL,2021-02-04,102.1254,102.5556,100.8606,101.779,48596000
MSFT,2021-02-04,231.8096,232.3637,229.622,231.1887,25296100
GOOGL,2021-02-05,102.0729,103.8759,101.5991,103.5235,29866000
MSFT,2021-02-05,231.3988,232.4019,229.6698,231.3702,18054800
AAPL,2021-02-05,133.54,133.608,132.0913,132.9663,75693800
AMZN,2021-02-05,165.95,168.85,165.1355,167.6075,72416000
AAPL,2021-02-08,132.2566,133.1608,131.1774,133.1122,71297200
AMZN,2021-02-08,167.925,168.25,165.2,166.147,65148000
GOOGL,2021-02-08,104.0771,104.8205,102.2607,103.3099,28828000
MSFT,2021-02-08,232.2777,232.784,230.0424,231.6281,22211900
GOOGL,2021-02-09,102.8282,104.0033,102.5903,102.8574,21892000
MSFT,2021-02-09,231.0549,233.8157,230.5869,232.87,23565000
AAPL,2021-02-09,132.8303,134.0553,132.0816,132.2372,76774200
AMZN,2021-02-09,165.6245,166.9,164.892,165.25,44070000
AAPL,2021-02-10,132.6941,133.19,130.6718,131.6343,73046600
AMZN,2021-02-10,165.7,165.8975,162.7,164.329,63032000
GOOGL,2021-02-10,103.2415,104.0216,101.7101,103.4071,25102000
MSFT,2021-02-10,234.0449,234.9238,230.1187,231.9624,22186700
GOOGL,2021-02-11,103.6311,103.7798,102.5338,103.5196,20480000
MSFT,2021-02-11,233.8348,234.1882,231.3224,233.5578,15751100
AAPL,2021-02-11,132.1302,132.6066,130.0593,131.3815,64280000
AMZN,2021-02-11,164.6,164.6,162.403,163.1065,46028000
AAPL,2021-02-12,130.6232,131.7704,129.9815,131.6149,60145100
AMZN,2021-02-12,162.5,164.0125,161.6655,163.8855,46706000
GOOGL,2021-02-12,103.0745,104.0523,102.7672,103.8308,18990000
MSFT,2021-02-12,233.0228,234.3316,231.8765,234.0354,16561100
GOOGL,2021-02-16,103.6682,106.3143,103.6683,104.6074,31004000
MSFT,2021-02-16,234.0736,235.1245,232.058,232.8031,26728500
AAPL,2021-02-16,131.7316,132.2372,129.1065,129.4954,80576300
AMZN,2021-02-16,162.7025,165.415,162.6795,163.4475,51494000
AAPL,2021-02-17,127.6092,128.5523,125.8786,127.2106,97918500
AMZN,2021-02-17,163.18,166.0455,162.975,165.432,65950000
GOOGL,2021-02-17,103.7788,105.1893,103.4997,104.9999,20294000
MSFT,2021-02-17,231.0605,233.9233,230.6966,233.818,21653500
GOOGL,2021-02-18,104.3249,105.167,103.7465,104.3651,22546000
MSFT,2021-02-18,231.5201,233.5595,230.62,233.4254,16925600
AAPL,2021-02-18,125.6161,126.3939,123.8757,126.1119,96856700
AMZN,2021-02-18,164.121,166.9,163.697,166.4115,60548000
AAPL,2021-02-19,126.6272,127.0842,125.2272,126.2675,87668800
AMZN,2021-02-19,166.4115,166.675,162.2875,162.495,86104000
GOOGL,2021-02-19,104.4632,104.998,103.2559,103.5225,37938000
MSFT,2021-02-19,233.3872,233.4925,229.9689,230.7254,25262600
GOOGL,2021-02-22,101.7775,103.1023,101.5,101.8102,29466000
MSFT,2021-02-22,227.3263,227.8146,222.5197,224.54,36446900
AAPL,2021-02-22,124.4591,126.1217,122.116,122.5048,103916400
AMZN,2021-02-22,160.4065,161.616,158.613,159.037,70314000
AAPL,2021-02-23,120.327,123.1951,115.1059,122.3687,158273000
AMZN,2021-02-23,156.3515,160.2365,154.68,159.725,93544000
GOOGL,2021-02-23,99.8144,102.7142,98.6369,102.1007,34658000
MSFT,2021-02-23,220.5377,224.8464,219.0057,223.3527,30228700
GOOGL,2021-02-24,100.6099,103.4983,100.4855,103.2747,22608000
MSFT,2021-02-24,220.2313,225.2007,219.2643,224.5783,26339700
AAPL,2021-02-24,121.4742,122.077,118.8394,121.8728,111039900
AMZN,2021-02-24,158.3375,158.5615,156.269,157.9765,60226000
AAPL,2021-02-25,121.2215,122.952,117.1963,117.6338,148199500
AMZN,2021-02-25,156.837,158.913,152.388,152.858,90676000
GOOGL,2021-02-25,101.893,103.2346,99.4427,99.9116,41548000
MSFT,2021-02-25,222.2133,224.6166,218.1919,219.2547,39542200
GOOGL,2021-02-26,100.6054,101.9222,99.1711,100.2069,40042000
MSFT,2021-02-26,221.6867,225.3634,219.7813,222.5006,37819200
AAPL,2021-02-26,119.1894,121.3867,117.838,117.8963,164560400
AMZN,2021-02-26,154.76,156.122,151.835,154.6465,85518000
AAPL,2021-03-01,120.3172,124.3813,119.3839,124.2452,116307900
AMZN,2021-03-01,156.3945,157.478,154.8995,157.307,54582000
GOOGL,2021-03-01,101.5,102.8991,100.8269,102.5735,26060000
MSFT,2021-03-01,225.8708,227.3742,223.2378,226.8666,25324000
GOOGL,2021-03-02,102.3346,103.8164,101.9297,102.3167,25564000
MSFT,2021-03-02,226.9337,227.2114,223.525,223.9272,22812500
AAPL,2021-03-02,124.848,125.1494,121.5423,121.6492,102260900
AMZN,2021-03-02,157.1735,158.176,154.356,154.7265,51916000
AAPL,2021-03-03,121.3478,122.2229,118.4602,118.6741,112966300
AMZN,2021-03-03,154.059,155.389,149.75,150.25,79774000
GOOGL,2021-03-03,101.6958,102.8872,98.8237,99.6866,33892000
MSFT,2021-03-03,222.2899,223.6495,217.5982,217.8854,34029500
GOOGL,2021-03-04,99.858,102.8178,99.3902,100.8027,49216000
MSFT,2021-03-04,217.1003,222.6059,214.7257,217.0908,44727800
AAPL,2021-03-04,118.3727,120.1714,115.3295,116.7977,178155000
AMZN,2021-03-04,150.6,152.9065,147.2715,148.8785,109632000
AAPL,2021-03-05,117.6241,118.5575,114.3087,118.0519,153766600
AMZN,2021-03-05,150.25,150.45,144.05,150.023,107772000
GOOGL,2021-03-05,102.1517,104.3844,100.4979,103.9319,53100000
MSFT,2021-03-05,219.7621,223.3527,216.8323,221.7537,41872800
GOOGL,2021-03-08,103.2871,104.7581,99.3783,99.4928,36868000
MSFT,2021-03-08,221.5335,223.4485,217.4738,217.7227,35267400
AAPL,2021-03-08,117.5755,117.6435,112.9864,113.1322,154376600
AMZN,2021-03-08,150.75,153.2295,147.5655,147.5975,83700000
AAPL,2021-03-09,115.7282,118.6741,115.4948,117.731,129525800
AMZN,2021-03-09,150.8995,154.548,150.2575,153.1425,80600000
GOOGL,2021-03-09,101.5867,102.289,100.8854,101.1213,33920000
MSFT,2021-03-09,222.9793,225.373,221.8207,223.841,33080500
GOOGL,2021-03-10,102.1641,102.1641,100.0791,100.9147,27100000
MSFT,2021-03-10,226.9241,226.9242,222.175,222.5388,29746800
AAPL,2021-03-10,118.3144,118.781,116.1365,116.6518,111943300
AMZN,2021-03-10,154.9225,155.823,151.5025,152.882,60250000
AAPL,2021-03-11,119.1408,119.7922,117.8963,118.5769,103026500
AMZN,2021-03-11,155.2005,156.589,154.1465,155.6795,55528000
GOOGL,2021-03-11,102.0065,104.6357,101.9188,104.1039,27702000
MSFT,2021-03-11,224.9709,229.0019,224.3485,227.0486,29907600
GOOGL,2021-03-12,102.908,102.9675,100.7278,101.5991,33818000
MSFT,2021-03-12,224.0612,225.7943,223.3144,225.7273,22653700
AAPL,2021-03-12,117.0602,117.8088,115.8546,117.6727,88105100
AMZN,2021-03-12,153.75,154.949,152.275,154.4745,48438000
AAPL,2021-03-15,118.0421,120.5603,117.0796,120.5506,92403800
AMZN,2021-03-15,153.7285,154.112,151.6045,154.084,58272000
GOOGL,2021-03-15,101.3503,101.8464,100.4984,101.8191,26168000
MSFT,2021-03-15,224.9709,225.1911,221.9548,224.8272,26034900
GOOGL,2021-03-16,102.3916,104.7551,102.0595,103.2787,31900000
MSFT,2021-03-16,226.2347,229.854,225.9092,227.6039,28092200
AAPL,2021-03-16,122.2131,123.691,121.2603,122.0867,115227900
AMZN,2021-03-16,155.2485,156.4455,153.793,154.593,50776000
AAPL,2021-03-17,120.609,122.3687,118.9463,121.2993,111932600
AMZN,2021-03-17,153.661,158.6525,153.511,156.7865,62372000
GOOGL,2021-03-17,102.5145,104.0276,101.3077,103.1959,26382000
MSFT,2021-03-17,226.1102,228.4082,223.3144,226.9624,29562100
GOOGL,2021-03-18,101.5089,102.5284,100.0716,100.1787,31700000
MSFT,2021-03-18,222.6729,224.2336,220.5377,220.9111,34833000
AAPL,2021-03-18,119.4714,119.7631,116.9824,117.1866,121229700
AMZN,2021-03-18,155.05,155.8315,151.25,151.3995,72992000
AAPL,2021-03-19,116.574,118.0616,116.3601,116.6615,185549500
AMZN,2021-03-19,151.4615,153.8645,150.8315,153.748,92508000
GOOGL,2021-03-19,100.5945,100.9568,99.2663,100.4572,46072000
MSFT,2021-03-19,221.1984,222.5867,219.5994,220.5569,46430700
GOOGL,2021-03-22,100.4904,101.5168,99.8149,100.6421,33536000
MSFT,2021-03-22,220.4802,226.8284,220.3558,225.9571,30127000
AAPL,2021-03-22,116.9921,120.4339,116.9241,119.9672,111912300
AMZN,2021-03-22,153.3925,156.329,153.0025,155.5435,58044000
AAPL,2021-03-23,119.9089,120.7936,118.7519,119.1408,95467100
AMZN,2021-03-23,156.35,159.1,156.0425,156.875,76346000
GOOGL,2021-03-23,101.101,102.2984,100.5088,101.1694,28510000
MSFT,2021-03-23,227.3933,230.8019,226.9911,227.4795,31638400
GOOGL,2021-03-24,101.6863,102.4714,100.5583,100.7333,25218000
MSFT,2021-03-24,227.738,227.8816,225.3156,225.4496,25620100
AAPL,2021-03-24,119.413,119.4908,116.7393,116.7588,88530500
AMZN,2021-03-24,157.552,158.0155,154.2575,154.3535,59180000
AAPL,2021-03-25,116.224,118.2852,115.699,117.2449,98844700
AMZN,2021-03-25,153.6495,155.489,151.857,152.313,71270000
GOOGL,2021-03-25,100.5608,101.383,98.9273,100.7298,35616000
MSFT,2021-03-25,225.2964,226.8667,221.725,222.4622,34061900
GOOGL,2021-03-26,100.6966,101.0733,99.3119,100.3467,27978000
MSFT,2021-03-26,221.7059,226.6465,221.7058,226.4263,25479900
AAPL,2021-03-26,117.0115,118.1102,115.6212,117.8477,94071200
AMZN,2021-03-26,152.203,152.833,149.8,152.6015,66258000
AAPL,2021-03-29,118.2755,119.1797,117.381,118.0227,80819200
AMZN,2021-03-29,152.772,154.5625,151.4225,153.7865,54920000
GOOGL,2021-03-29,100.2193,101.5599,99.3912,101.3904,26492000
MSFT,2021-03-29,226.5316,226.7327,222.0218,225.239,25227500
GOOGL,2021-03-30,101.7468,102.227,100.9127,101.4242,27312000
MSFT,2021-03-30,223.6017,223.908,221.2749,221.9931,24792000
AAPL,2021-03-30,116.7782,117.0602,115.5629,116.574,85671900
AMZN,2021-03-30,153.5005,153.65,151.7,152.7645,46752000
AAPL,2021-03-31,118.2755,120.0936,117.7894,118.7617,118323800
AMZN,2021-03-31,153.203,155.9665,153.125,154.704,61878000
GOOGL,2021-03-31,101.8172,103.3962,101.4504,102.2196,42570000
MSFT,2021-03-31,223.008,228.9348,222.5101,225.7464,43623500
GOOGL,2021-04-01,103.693,105.8489,103.6524,105.553,39880000
MSFT,2021-04-01,228.3317,232.5159,227.9295,232.0467,30338000
AAPL,2021-04-01,120.2297,120.7353,119.0922,119.588,75089100
AMZN,2021-04-01,155.897,158.122,155.7775,158.05,58806000
AAPL,2021-04-05,120.4339,122.6604,119.6561,122.4076,88651200
AMZN,2021-04-05,158.65,161.798,158.062,161.3365,66698000
GOOGL,2021-04-05,106.4139,110.4699,106.3178,109.9728,48510000
MSFT,2021-04-05,232.4392,239.3331,232.3818,238.481,36910600
GOOGL,2021-04-06,109.5744,110.4209,109.1219,109.4921,35240000
MSFT,2021-04-06,237.083,238.797,236.3841,237.3224,22931900
AAPL,2021-04-06,122.991,123.6035,122.1645,122.709,80171300
AMZN,2021-04-06,161.1875,162.3655,160.852,161.191,50756000
AAPL,2021-04-07,122.3395,124.3716,121.6687,124.3521,83466700
AMZN,2021-04-07,161.69,165.1805,161.1825,163.9695,66924000
GOOGL,2021-04-07,109.6824,111.2386,109.6824,110.9675,24134000
MSFT,2021-04-07,237.2746,240.2619,236.6809,239.2757,22719800
GOOGL,2021-04-08,112.2051,112.5911,111.1648,111.5325,28664000
MSFT,2021-04-08,242.0237,243.3354,241.2864,242.4833,23625200
AAPL,2021-04-08,125.373,126.773,124.9549,126.7439,88844600
AMZN,2021-04-08,165.545,166.225,164.6,164.965,56242000
AAPL,2021-04-09,126.1994,129.3495,125.8786,129.3106,106686700
AMZN,2021-04-09,165.235,168.61,164.445,168.61,86830000
GOOGL,2021-04-09,111.2852,112.6992,110.8798,112.5356,26146000
MSFT,2021-04-09,242.1194,245.1068,241.7077,244.9727,24326800
GOOGL,2021-04-12,111.7154,111.8527,110.412,111.2446,25024000
MSFT,2021-04-12,243.8812,246.7154,243.795,245.0302,27148700
AAPL,2021-04-12,128.844,129.1648,127.0064,127.5995,91420000
AMZN,2021-04-12,167.7605,169.752,167.5575,168.9695,65636000
AAPL,2021-04-13,128.7662,130.9246,128.2703,130.701,91266500
AMZN,2021-04-13,170.0425,171.6,169.7815,170.0,66316000
GOOGL,2021-04-13,111.5603,112.1788,111.1668,111.7308,25682000
MSFT,2021-04-13,246.3228,248.1708,245.9111,247.5005,23837500
GOOGL,2021-04-14,112.375,112.3751,110.8184,111.1103,21002000
MSFT,2021-04-14,246.5335,247.826,244.3121,244.7238,23070900
AAPL,2021-04-14,131.1968,131.2552,128.0078,128.3675,87222800
AMZN,2021-04-14,170.202,170.2065,166.3,166.65,62904000
AAPL,2021-04-15,130.1079,131.2552,129.9329,130.769,89347100
AMZN,2021-04-15,168.55,169.85,167.6,168.9545,64672000
GOOGL,2021-04-15,112.1035,113.791,111.5692,113.2582,29174000
MSFT,2021-04-15,246.9642,248.8793,246.7729,248.4675,25627500
GOOGL,2021-04-16,113.4559,113.7038,112.548,113.1343,26282000
MSFT,2021-04-16,248.4388,249.9038,246.6483,249.6548,24878600
AAPL,2021-04-16,130.5746,130.9343,129.5829,130.4385,84922400
AMZN,2021-04-16,169.0,170.34,167.7795,169.972,63720000
AAPL,2021-04-19,129.8065,131.7121,129.6412,131.0996,94264200
AMZN,2021-04-19,169.5165,171.7965,168.008,168.6005,54508000
GOOGL,2021-04-19,112.5114,114.1919,112.5113,113.4817,30290000
MSFT,2021-04-19,249.1282,250.3634,246.859,247.7399,23209300
GOOGL,2021-04-20,113.8648,113.9397,111.8641,112.949,22288000
MSFT,2021-04-20,246.859,249.1379,245.9207,247.2803,19722900
AAPL,2021-04-20,131.2746,131.7704,128.1536,129.4176,94812300
AMZN,2021-04-20,168.68,169.1495,165.8,166.7345,52460000
AAPL,2021-04-21,128.6884,130.0398,127.6578,129.7968,68847100
AMZN,2021-04-21,165.8,168.143,165.1905,168.101,44224000
GOOGL,2021-04-21,112.604,112.998,111.2545,112.9162,23204000
MSFT,2021-04-21,247.9314,249.5974,246.3132,249.5017,24030400
GOOGL,2021-04-22,112.77,113.4381,111.0315,111.6361,24146000
MSFT,2021-04-22,249.1474,250.6506,244.7717,246.2366,25606200
AAPL,2021-04-22,129.3496,130.4287,127.7647,128.2801,84566500
AMZN,2021-04-22,168.584,168.6435,165.0725,165.452,51612000
AAPL,2021-04-23,128.494,131.3718,128.494,130.594,78657500
AMZN,2021-04-23,165.955,168.75,165.425,167.044,63856000
GOOGL,2021-04-23,112.3537,114.2925,112.0688,113.9858,29066000
MSFT,2021-04-23,246.9164,250.3921,246.3324,250.0474,21462600
GOOGL,2021-04-26,114.2132,115.205,113.8564,114.4814,32038000
MSFT,2021-04-26,250.5357,251.2826,249.1091,250.4304,19763300
AAPL,2021-04-26,131.0899,131.3135,129.8551,130.9829,66905100
AMZN,2021-04-26,167.4,171.4225,166.547,170.45,97614000
AAPL,2021-04-27,131.2649,131.6538,130.3898,130.6621,66015800
AMZN,2021-04-27,172.1735,173.0,169.9005,170.8715,76542000
GOOGL,2021-04-27,114.863,114.9036,113.3033,113.5422,44386000
MSFT,2021-04-27,250.4591,252.0007,249.0612,250.8326,31014200
GOOGL,2021-04-28,118.5736,120.5005,116.6268,116.9153,81106000
MSFT,2021-04-28,245.1929,245.6334,242.196,243.7376,46903100
AAPL,2021-04-28,130.5843,131.2746,129.3884,129.8746,107760100
AMZN,2021-04-28,171.74,174.494,171.25,172.925,92638000
AAPL,2021-04-29,132.6844,133.2677,128.7759,129.7773,151101000
AMZN,2021-04-29,175.255,175.7225,171.75,173.5655,153648000
GOOGL,2021-04-29,118.4115,119.1514,117.6493,118.5865,41234000
MSFT,2021-04-29,244.5993,245.2121,238.414,241.7747,40589000
GOOGL,2021-04-30,117.3603,118.0458,116.2968,116.6407,44856000
MSFT,2021-04-30,239.1225,242.3205,238.9885,241.4588,30945100
AAPL,2021-04-30,128.1245,129.8551,127.4342,127.8134,109839500
AMZN,2021-04-30,176.256,177.7,173.125,173.371,140186000
AAPL,2021-05-03,128.3773,130.351,128.1731,128.8634,75135100
AMZN,2021-05-03,174.2365,174.3325,168.635,169.3245,117510000
GOOGL,2021-05-03,117.2062,118.0309,115.7486,116.1243,28242000
MSFT,2021-05-03,242.6269,243.5365,240.4438,241.1524,19626600
GOOGL,2021-05-04,114.6608,115.2277,111.8423,114.3277,44818000
MSFT,2021-05-04,240.3002,240.53,235.3117,237.2554,32756100
AAPL,2021-05-04,127.5509,127.8425,123.1854,124.3035,137564700
AMZN,2021-05-04,167.8095,168.399,163.6065,165.5935,108788000
AAPL,2021-05-05,125.616,126.8314,124.4202,124.5466,84000900
AMZN,2021-05-05,166.943,167.735,163.218,163.527,74226000
GOOGL,2021-05-05,115.4082,115.7238,114.3996,114.7212,26636000
MSFT,2021-05-05,238.4714,238.8927,235.3692,235.9915,21901300
GOOGL,2021-05-06,114.3029,115.8403,113.6443,115.8403,25190000
MSFT,2021-05-06,235.9724,239.2374,234.2872,239.1129,26491100
AAPL,2021-05-06,124.3424,126.1508,123.6035,126.1411,78128300
AMZN,2021-05-06,163.5,165.72,162.36,165.3185,88954000
AAPL,2021-05-07,127.4364,127.8357,126.1021,126.8131,78973300
AMZN,2021-05-07,165.9545,166.5445,164.4535,164.5805,94206000
GOOGL,2021-05-07,117.1557,117.5204,116.2769,116.5629,28898000
MSFT,2021-05-07,241.4301,243.4886,240.4917,241.7269,27032900
GOOGL,2021-05-10,115.3839,115.5256,113.223,113.5804,30914000
MSFT,2021-05-10,240.2045,241.0279,236.6139,236.6713,29299900
AAPL,2021-05-10,126.034,126.1606,123.5018,123.5407,88071200
AMZN,2021-05-10,164.116,164.15,159.5,159.5245,116772000
AAPL,2021-05-11,120.2781,122.9758,119.5672,122.6253,126142800
AMZN,2021-05-11,156.814,161.9,156.3685,161.1955,92396000
GOOGL,2021-05-11,111.1678,113.0119,110.7143,112.5054,34186000
MSFT,2021-05-11,234.1532,236.116,232.2573,235.7618,33641600
GOOGL,2021-05-12,110.3312,111.4111,108.717,109.0456,46376000
MSFT,2021-05-12,231.8744,233.9904,227.9487,228.8391,36684400
AAPL,2021-05-12,120.1807,121.3884,119.0607,119.5672,112172300
AMZN,2021-05-12,159.25,160.397,156.655,157.597,98728000
AAPL,2021-05-13,121.33,122.859,121.0183,121.7098,105861300
AMZN,2021-05-13,159.2735,160.192,156.65,158.0735,67018000
GOOGL,2021-05-13,110.3277,110.9879,109.3662,110.4724,33204000
MSFT,2021-05-13,231.5201,235.1585,231.1562,232.6978,29624300
GOOGL,2021-05-14,111.9345,113.2319,111.5112,112.9177,31996000
MSFT,2021-05-14,235.1394,238.5863,235.0532,237.6001,23901100
AAPL,2021-05-14,122.9564,124.5536,122.5668,124.1251,81918000
AMZN,2021-05-14,159.278,161.443,159.15,161.145,66500000
AAPL,2021-05-17,123.5115,123.6187,121.9046,122.9759,74244600
AMZN,2021-05-17,162.2965,164.6375,161.7295,163.5195,74478000
GOOGL,2021-05-17,112.1837,113.4827,111.7843,113.4401,21598000
MSFT,2021-05-17,236.0681,236.1064,233.1669,234.7564,24970200
GOOGL,2021-05-18,114.1057,114.3698,112.1153,112.1292,22204000
MSFT,2021-05-18,235.8001,235.9341,232.5733,232.7457,20168000
AAPL,2021-05-18,123.2583,123.6771,121.5247,121.5929,63342900
AMZN,2021-05-18,164.629,165.6,161.5185,161.614,56568000
AAPL,2021-05-19,119.947,121.6611,119.6548,121.4371,92612000
AMZN,2021-05-19,159.75,161.7375,159.2,161.59,53594000
GOOGL,2021-05-19,110.4422,112.7497,110.294,112.5768,23684000
MSFT,2021-05-19,229.665,233.427,228.9837,233.3215,25739800
GOOGL,2021-05-20,113.5432,114.584,113.1725,114.3337,32352000
MSFT,2021-05-20,234.1276,237.9568,234.0316,236.546,21800700
AAPL,2021-05-20,121.963,124.388,121.8364,123.9887,76857100
AMZN,2021-05-20,162.22,162.984,161.809,162.384,52664000
AAPL,2021-05-21,124.4854,124.6607,121.9435,122.1578,79295400
AMZN,2021-05-21,162.5,162.8345,159.8505,160.154,82098000
GOOGL,2021-05-21,114.8521,114.9254,113.4589,113.6983,40632000
MSFT,2021-05-21,237.5922,238.3215,234.8762,235.2889,21863100
GOOGL,2021-05-24,114.7272,117.2379,114.582,117.0144,31832000
MSFT,2021-05-24,237.8033,241.0374,237.5345,240.6728,21411500
AAPL,2021-05-24,122.7227,124.6023,122.6545,123.7842,63092900
AMZN,2021-05-24,160.775,162.8975,160.525,162.2495,48456000
AAPL,2021-05-25,124.4854,124.9724,123.0246,123.5894,72009500
AMZN,2021-05-25,163.3335,163.991,160.688,162.9525,65222000
GOOGL,2021-05-25,117.5576,118.1523,116.7151,117.1051,22440000
MSFT,2021-05-25,241.6228,242.5634,240.7112,241.5749,17704300
GOOGL,2021-05-26,117.286,118.3996,117.283,117.9694,21572000
MSFT,2021-05-26,241.2965,242.7457,240.644,241.3541,17771600
AAPL,2021-05-26,123.6479,124.0666,123.122,123.5407,56575900
AMZN,2021-05-26,163.7295,164.7865,162.9255,163.258,47680000
AAPL,2021-05-27,123.1414,124.3101,121.8169,122.0117,94625600
AMZN,2021-05-27,162.8,163.018,161.502,161.5055,51224000
GOOGL,2021-05-27,118.4026,118.4026,116.7775,117.0957,35224000
MSFT,2021-05-27,241.047,241.3445,239.2044,239.262,24426200
GOOGL,2021-05-28,117.6775,117.7593,116.6085,116.8067,21482000
MSFT,2021-05-28,240.8839,241.9203,239.5019,239.6171,18270200
AAPL,2021-05-28,122.2941,122.5181,121.3007,121.3592,71311100
AMZN,2021-05-28,162.1,162.3995,160.985,161.1535,46596000
AAPL,2021-06-01,121.8169,122.0799,120.7066,121.0378,67637100
AMZN,2021-06-01,162.175,162.549,160.453,160.9325,48600000
GOOGL,2021-06-01,117.6785,118.2371,116.6794,118.0126,23354000
MSFT,2021-06-01,241.1046,241.1622,237.0067,237.4289,23213300
GOOGL,2021-06-02,118.4076,118.6301,116.5842,117.4877,21158000
MSFT,2021-06-02,238.1296,239.2236,235.9319,237.333,19406700
AAPL,2021-06-02,121.0378,121.9727,120.8138,121.7974,59278900
AMZN,2021-06-02,161.155,161.75,160.4,161.6995,40290000
AAPL,2021-06-03,121.4273,121.5929,119.9178,120.3171,76229200
AMZN,2021-06-03,160.2115,160.722,159.2015,159.3505,47966000
GOOGL,2021-06-03,116.2556,116.8152,115.4523,116.3473,18696000
MSFT,2021-06-03,235.3368,236.4117,233.2063,235.8071,25307700
GOOGL,2021-06-04,117.4223,118.8972,117.0823,118.6266,24458000
MSFT,2021-06-04,237.7745,241.5077,237.5346,240.6824,25281100
AAPL,2021-06-04,120.8332,122.8687,120.619,122.6058,75169300
AMZN,2021-06-04,160.6,161.05,159.9405,160.311,44994000
AAPL,2021-06-07,122.8785,123.0245,121.5734,122.6155,71057600
AMZN,2021-06-07,159.8665,160.4,158.61,159.9005,44316000
GOOGL,2021-06-07,118.4219,119.1688,118.0036,119.0593,24120000
MSFT,2021-06-07,239.905,243.8494,239.7419,243.5806,23079200
GOOGL,2021-06-08,119.5405,119.9127,118.6866,118.868,24240000
MSFT,2021-06-08,244.8762,245.692,242.333,242.3906,22455000
AAPL,2021-06-08,123.2973,125.1087,122.9174,123.4336,74403800
AMZN,2021-06-08,161.1305,163.9765,160.9005,163.2055,68334000
AAPL,2021-06-09,123.8913,124.4173,123.2194,123.8134,56877900
AMZN,2021-06-09,163.6435,164.879,163.535,164.0575,49110000
GOOGL,2021-06-09,119.5118,119.5836,118.7916,119.3388,17942000
MSFT,2021-06-09,243.5806,245.2313,243.0048,243.3695,17937600
GOOGL,2021-06-10,119.2882,120.7295,119.1326,120.6863,25904000
MSFT,2021-06-10,244.0412,247.0835,243.4463,246.8723,24563600
AAPL,2021-06-10,123.7063,124.8458,122.6545,122.82,71186400
AMZN,2021-06-10,164.1005,167.55,164.0575,167.4825,69530000
AAPL,2021-06-11,123.2291,124.1153,122.8103,124.0277,53522400
AMZN,2021-06-11,167.4825,168.329,166.6725,167.3415,56348000
GOOGL,2021-06-11,120.9277,121.013,119.885,120.442,21958000
MSFT,2021-06-11,247.5922,248.072,246.2677,247.4962,18999700
GOOGL,2021-06-14,120.5441,121.3698,119.8374,121.3693,22098000
MSFT,2021-06-14,247.5058,249.4732,246.4501,249.4156,19150500
AAPL,2021-06-14,124.4854,127.1344,123.755,127.076,96906500
AMZN,2021-06-14,167.3415,169.25,166.775,169.1935,51394000
AAPL,2021-06-15,126.5501,127.1929,126.0145,126.258,62746300
AMZN,2021-06-15,169.2,169.8495,168.1555,169.1565,48524000
GOOGL,2021-06-15,121.3738,121.6964,119.992,120.3523,21562000
MSFT,2021-06-15,249.3004,249.5116,247.2947,247.9472,18038900
GOOGL,2021-06-16,120.5035,120.8147,118.4199,119.711,26472000
MSFT,2021-06-16,248.9453,250.0778,244.166,247.0067,27220000
AAPL,2021-06-16,126.9689,127.4753,125.1087,126.7546,91815000
AMZN,2021-06-16,169.6,171.3175,168.0265,170.7625,84056000
AAPL,2021-06-17,126.4138,129.092,126.2677,128.3519,96721700
AMZN,2021-06-17,170.159,174.86,170.05,174.462,102730000
GOOGL,2021-06-17,119.6367,121.4456,119.4409,120.6735,25842000
MSFT,2021-06-17,245.7496,251.2006,245.692,250.3849,27565500
GOOGL,2021-06-18,120.3003,120.5342,118.9601,119.0553,46116000
MSFT,2021-06-18,249.1661,251.7284,248.3215,248.9741,37202200
AAPL,2021-06-18,127.3001,128.0792,126.8423,127.0566,108953300
AMZN,2021-06-18,173.9995,175.35,173.6855,174.345,104954000
AAPL,2021-06-21,126.9007,128.9557,125.8392,128.8486,79663300
AMZN,2021-06-21,173.821,174.1,171.7,172.698,65542000
GOOGL,2021-06-21,119.4414,120.9277,118.8447,120.7419,27414000
MSFT,2021-06-21,249.3484,252.8992,247.5249,252.0452,26696100
GOOGL,2021-06-22,120.6799,121.3242,119.9999,121.2553,22390000
MSFT,2021-06-22,252.1315,255.0778,251.8245,254.8091,24694100
AAPL,2021-06-22,128.683,130.5821,128.1863,130.4847,74783600
AMZN,2021-06-22,172.903,176.189,172.8045,175.272,66902000
AAPL,2021-06-23,130.2802,130.8159,129.7543,130.2121,60214200
AMZN,2021-06-23,175.25,176.05,174.16,175.191,56266000
GOOGL,2021-06-23,121.0204,122.0136,120.7637,121.0536,19148000
MSFT,2021-06-23,255.2697,256.0758,253.7725,254.5787,19518700
GOOGL,2021-06-24,121.6215,121.9739,121.2251,121.4233,21362000
MSFT,2021-06-24,255.4329,257.0548,254.7707,255.9416,21446900
AAPL,2021-06-24,130.9425,131.1275,129.4621,129.9296,68711000
AMZN,2021-06-24,175.382,176.243,171.5425,172.454,76640000
AAPL,2021-06-25,129.9783,130.397,129.3452,129.6374,70783700
AMZN,2021-06-25,173.2,173.241,169.709,170.073,78820000
GOOGL,2021-06-25,120.9277,121.5552,120.4965,121.4317,34594000
MSFT,2021-06-25,255.5001,256.479,254.0893,254.3388,25611100
GOOGL,2021-06-28,121.6003,121.7058,120.3384,121.459,28526000
MSFT,2021-06-28,255.4616,258.0624,255.1929,257.8896,19590000
AAPL,2021-06-28,129.9296,131.7216,129.8712,131.2638,62111300
AMZN,2021-06-28,170.8,172.4,170.6755,172.1945,44856000
AAPL,2021-06-29,131.2833,132.9292,130.8451,132.7734,64556100
AMZN,2021-06-29,171.941,172.8015,171.1515,172.407,41968000
GOOGL,2021-06-29,121.5923,121.9397,120.6214,121.1978,23108000
MSFT,2021-06-29,258.0336,260.7016,257.1795,260.4616,19937800
GOOGL,2021-06-30,120.9223,121.1824,120.2879,121.0164,24474000
MSFT,2021-06-30,259.7803,260.4233,258.7342,259.9818,21656500
AAPL,2021-06-30,132.6176,133.8253,132.3254,133.387,63261400
AMZN,2021-06-30,172.053,173.58,171.75,172.008,48080000
AAPL,2021-07-01,133.0364,133.7474,132.2183,133.6889,52485800
AMZN,2021-07-01,171.7305,172.85,170.471,171.6485,40742000
GOOGL,2021-07-01,120.6551,121.5096,120.4633,121.3683,18110000
MSFT,2021-07-01,258.7439,260.8839,258.7342,260.6537,16725300
GOOGL,2021-07-02,122.0676,124.3018,121.9779,124.1566,25982000
MSFT,2021-07-02,261.8244,266.7957,261.5173,266.4597,26458000
AAPL,2021-07-02,134.3024,136.3477,134.1564,136.3087,78852600
AMZN,2021-07-02,172.582,175.586,171.846,175.549,63388000
AAPL,2021-07-06,136.4158,139.4155,136.4158,138.315,108181800
AMZN,2021-07-06,176.5055,184.274,176.45,183.787,134896000
GOOGL,2021-07-06,124.5441,125.3168,123.4875,125.0809,26404000
MSFT,2021-07-06,266.8245,268.1105,263.2448,266.4694,31565600
GOOGL,2021-07-07,126.0443,126.1653,125.0442,125.3624,24060000
MSFT,2021-07-07,268.1392,269.3772,265.9799,268.6479,23260000
AAPL,2021-07-07,139.7953,141.1101,138.9383,140.7985,104911600
AMZN,2021-07-07,185.869,186.71,183.9455,184.829,106562000
AAPL,2021-07-08,137.8865,140.3017,137.0002,139.5032,105575500
AMZN,2021-07-08,182.178,187.9995,181.056,186.5705,103612000
GOOGL,2021-07-08,122.9359,124.4916,122.9319,123.945,23790000
MSFT,2021-07-08,265.74,267.4963,263.7918,266.2391,24618600
GOOGL,2021-07-09,123.9261,124.6294,123.4568,124.4153,18632000
MSFT,2021-07-09,264.6076,266.8437,264.2237,266.7381,23916700
AAPL,2021-07-09,139.0259,141.8503,138.9285,141.3244,99890800
AMZN,2021-07-09,186.126,187.4,184.67,185.967,74964000
AAPL,2021-07-12,142.3957,142.5028,140.2433,140.7303,76299700
AMZN,2021-07-12,187.2,187.8645,184.8395,185.9275,51432000
GOOGL,2021-07-12,125.069,125.9527,124.507,125.8595,17668000
MSFT,2021-07-12,267.9089,268.4943,265.4329,266.1431,18931700
GOOGL,2021-07-13,125.9219,126.932,125.5611,126.2223,19240000
MSFT,2021-07-13,266.3351,271.4502,266.2103,269.6556,26120100
AAPL,2021-07-13,140.2725,143.6131,139.883,141.8405,100827100
AMZN,2021-07-13,185.105,188.654,183.566,183.868,76918000
AAPL,2021-07-14,144.2363,145.668,143.8273,145.2589,127050800
AMZN,2021-07-14,185.4425,185.883,183.0415,184.084,65932000
GOOGL,2021-07-14,126.8333,128.1898,126.7902,127.1099,23742000
MSFT,2021-07-14,270.9704,272.2275,269.2428,271.1239,23113700
GOOGL,2021-07-15,127.5183,127.5688,125.4179,125.8887,24218000
MSFT,2021-07-15,270.6345,271.1239,268.5519,269.7036,22604200
AAPL,2021-07-15,145.3466,146.0868,143.2527,144.6064,106820300
AMZN,2021-07-15,184.71,184.77,181.046,181.56,63706000
AAPL,2021-07-16,144.587,145.853,142.0742,142.571,93251400
AMZN,2021-07-16,181.6655,182.303,178.523,178.6815,80874000
GOOGL,2021-07-16,126.5409,126.6881,125.0447,125.854,20424000
MSFT,2021-07-16,270.7016,272.6498,268.1968,269.4348,26186800
GOOGL,2021-07-19,124.9813,125.0957,122.4195,123.4831,27968000
MSFT,2021-07-19,267.6882,269.0702,263.3888,265.8456,32935600
AAPL,2021-07-19,139.9999,140.3115,137.9741,138.7338,121434600
AMZN,2021-07-19,176.629,177.5105,174.958,177.4795,75692000
AAPL,2021-07-20,139.7174,143.2624,139.2305,142.3372,96350000
AMZN,2021-07-20,178.366,179.6,175.9,178.6595,65114000
GOOGL,2021-07-20,124.4242,125.9264,123.2576,125.1002,26312000
MSFT,2021-07-20,266.8245,269.646,265.1258,268.0625,26259700
GOOGL,2021-07-21,125.0249,126.4745,124.9159,126.4279,20746000
MSFT,2021-07-21,267.6594,270.1738,266.1143,270.0587,24364300
AAPL,2021-07-21,141.7334,142.3177,140.8568,141.6068,74993500
AMZN,2021-07-21,178.819,179.3225,177.182,179.26,46380000
AAPL,2021-07-22,142.1327,144.3337,142.0061,142.9703,77338200
AMZN,2021-07-22,179.3615,182.001,179.1135,181.9015,65308000
GOOGL,2021-07-22,126.7204,127.3537,126.3784,127.2928,14302000
MSFT,2021-07-22,272.4003,274.8763,271.9972,274.6076,23384100
GOOGL,2021-07-23,129.2841,132.2265,128.6597,131.8459,41506000
MSFT,2021-07-23,275.788,278.3024,274.9531,277.9953,22768100
AAPL,2021-07-23,143.7007,144.8402,143.0871,144.6844,71447400
AMZN,2021-07-23,182.0,183.3055,181.102,182.832,48726000
AAPL,2021-07-26,144.402,145.9212,143.8468,145.1032,72434100
AMZN,2021-07-26,183.6585,185.604,182.3625,184.991,58002000
GOOGL,2021-07-26,132.1566,133.0572,131.1387,132.8569,30572000
MSFT,2021-07-26,277.3524,278.0145,275.0875,277.4003,23176100
GOOGL,2021-07-27,133.0706,133.2177,128.9605,130.7407,54710000
MSFT,2021-07-27,277.7651,277.9089,271.5461,274.9915,33604100
AAPL,2021-07-27,145.2297,145.3174,141.7529,142.941,104818600
AMZN,2021-07-27,184.925,184.925,179.3075,181.3195,82638000
AAPL,2021-07-28,141.0322,143.1358,138.8214,141.1978,118931200
AMZN,2021-07-28,181.689,182.921,180.05,181.516,59988000
GOOGL,2021-07-28,135.1139,137.0814,134.0885,134.8978,95130000
MSFT,2021-07-28,277.3428,278.456,272.3907,274.6844,33566900
GOOGL,2021-07-29,134.9533,135.4598,134.3517,134.5841,31716000
MSFT,2021-07-29,274.7036,276.9877,274.55,274.9531,18168300
AAPL,2021-07-29,140.9153,142.7268,140.8082,141.8405,56699500
AMZN,2021-07-29,181.3875,181.8975,179.0005,179.996,110400000
AAPL,2021-07-30,140.6134,142.5125,140.3504,142.0548,70440600
AMZN,2021-07-30,167.3975,168.407,165.349,166.3795,199312000
GOOGL,2021-07-30,133.8481,134.1153,133.075,133.5424,25576000
MSFT,2021-07-30,273.6768,275.1067,272.4675,273.4273,20944800
GOOGL,2021-08-02,133.9294,134.147,132.618,133.6692,21634000
MSFT,2021-08-02,274.8187,275.2122,272.3043,273.3408,16267400
AAPL,2021-08-02,142.5417,143.1164,141.4607,141.7237,62880000
AMZN,2021-08-02,167.655,167.946,165.85,166.574,67078000
AAPL,2021-08-03,142.0061,144.1779,141.3925,143.5156,64786600
AMZN,2021-08-03,167.036,169.55,164.9885,168.312,83146000
GOOGL,2021-08-03,133.9473,134.539,132.1477,134.4379,20762000
MSFT,2021-08-03,273.9167,275.6537,272.5539,275.5481,17879000
GOOGL,2021-08-04,134.1599,134.4572,133.305,133.9379,19676000
MSFT,2021-08-04,274.6844,275.9992,273.1777,274.9627,16191300
AAPL,2021-08-04,143.428,143.9344,142.4638,143.1163,56368300
AMZN,2021-08-04,168.9675,169.444,167.278,167.736,43678000
AAPL,2021-08-05,143.1456,143.9831,142.3567,143.2235,46397700
AMZN,2021-08-05,167.811,169.45,167.046,168.7995,48670000
GOOGL,2021-08-05,134.488,135.1516,133.6608,135.054,17870000
MSFT,2021-08-05,275.3178,277.9571,274.5693,277.8514,13900200
GOOGL,2021-08-06,134.8463,135.273,134.0216,134.5454,20488000
MSFT,2021-08-06,276.8821,277.8322,276.0279,277.7938,16589300
AAPL,2021-08-06,142.7456,143.4869,142.0433,142.5407,54126800
AMZN,2021-08-06,168.75,168.75,166.452,167.247,52752000
AAPL,2021-08-09,142.5993,143.0869,141.936,142.492,48908700
AMZN,2021-08-09,167.1805,167.744,166.426,167.0935,42964000
GOOGL,2021-08-09,134.7477,135.9783,134.15,135.7096,17760000
MSFT,2021-08-09,278.0722,279.7996,276.2103,276.7094,16117600
GOOGL,2021-08-10,136.1349,136.5616,135.166,135.6046,19414000
MSFT,2021-08-10,277.1604,277.5923,273.7055,274.8956,18616600
AAPL,2021-08-10,142.8333,144.072,141.7214,142.014,69023100
AMZN,2021-08-10,167.2505,167.9,165.75,166.034,48252000
AAPL,2021-08-11,142.4529,143.1064,141.9457,142.2676,48493500
AMZN,2021-08-11,166.5725,166.885,163.8895,164.6055,58944000
GOOGL,2021-08-11,135.9758,136.4723,135.0738,135.0812,15352000
MSFT,2021-08-11,275.6345,277.0261,274.3389,275.385,13955900
GOOGL,2021-08-12,134.7804,136.0932,134.2352,135.9882,16506000
MSFT,2021-08-12,275.0778,278.2832,274.7995,278.1297,14561300
AAPL,2021-08-12,142.5895,145.379,142.2481,145.223,72282600
AMZN,2021-08-12,164.5,165.7255,163.4835,165.175,46282000
AAPL,2021-08-13,145.301,145.7595,144.6183,145.4278,59375000
AMZN,2021-08-13,165.2835,165.3035,164.15,164.6985,41134000
GOOGL,2021-08-13,136.0437,136.6448,135.8286,136.517,15948000
MSFT,2021-08-13,277.813,281.0951,277.6402,281.0472,18249000
GOOGL,2021-08-16,136.3163,137.1464,134.1098,137.0939,22384000
MSFT,2021-08-16,281.3735,282.9378,278.3312,282.7267,22507600
AAPL,2021-08-16,144.8816,147.4664,142.8626,147.3981,103296000
AMZN,2021-08-16,164.15,165.0,160.5565,164.9495,66394000
AAPL,2021-08-17,146.53,147.9443,145.4181,146.491,92229700
AMZN,2021-08-17,163.875,164.0245,161.284,162.098,67758000
GOOGL,2021-08-17,136.5393,137.0502,134.8859,135.4603,21716000
MSFT,2021-08-17,280.6057,281.6038,279.3485,281.2679,20075300
GOOGL,2021-08-18,135.3003,135.8995,134.1321,134.2585,19258000
MSFT,2021-08-18,280.8065,283.4795,279.1045,279.5468,21813000
AAPL,2021-08-18,146.1106,147.0079,142.5505,142.7553,86326000
AMZN,2021-08-18,162.0995,162.705,160.0,160.061,56086000
AAPL,2021-08-19,141.458,144.3549,140.9411,143.0869,86960300
AMZN,2021-08-19,159.701,161.65,159.123,159.3875,75658000
GOOGL,2021-08-19,133.2539,135.1541,133.07,134.4875,21782000
MSFT,2021-08-19,277.5853,286.0275,277.5372,285.3545,29850500
GOOGL,2021-08-20,134.8046,136.345,134.0612,136.2216,31194000
MSFT,2021-08-20,288.191,294.0756,286.5948,292.6525,40817600
AAPL,2021-08-20,143.8087,144.8426,143.165,144.5403,60549600
AMZN,2021-08-20,160.1935,160.3905,158.788,159.9975,67168000
AAPL,2021-08-23,144.6573,146.491,144.2476,146.0228,60131800
AMZN,2021-08-23,160.595,164.045,160.5005,163.2935,65362000
GOOGL,2021-08-23,136.7568,139.6363,136.398,138.8106,28454000
MSFT,2021-08-23,291.5851,293.6525,290.239,292.9313,22830200
GOOGL,2021-08-24,139.3756,140.8312,139.105,140.0199,19268000
MSFT,2021-08-24,293.2871,293.8928,290.3833,290.9794,18175800
AAPL,2021-08-24,145.7692,147.1445,145.4766,145.935,48606400
AMZN,2021-08-24,164.0,165.7745,163.729,165.289,51036000
AAPL,2021-08-25,146.1203,146.6178,144.1598,144.7061,58991300
AMZN,2021-08-25,165.4935,166.05,164.3075,164.959,33606000
GOOGL,2021-08-25,140.3802,140.9397,140.1334,140.8302,15848000
MSFT,2021-08-25,292.5948,292.8736,288.864,290.3929,20006100
GOOGL,2021-08-26,140.5041,141.1657,140.1145,140.1974,20610000
MSFT,2021-08-26,289.4121,290.7967,287.4506,287.5852,17666100
AAPL,2021-08-26,144.6964,145.4474,143.877,143.9063,48597200
AMZN,2021-08-26,164.95,166.6,164.8,165.8,41976000
AAPL,2021-08-27,143.8477,145.0864,143.2137,144.9402,55802400
AMZN,2021-08-27,166.6615,167.616,165.6875,167.4815,48048000
GOOGL,2021-08-27,140.4075,143.2424,140.2534,142.7383,28780000
MSFT,2021-08-27,287.489,289.2967,285.4121,288.191,22605700
GOOGL,2021-08-30,143.1308,144.6875,142.8959,143.3196,24434000
MSFT,2021-08-30,289.5371,292.5178,289.4794,291.9121,16348100
AAPL,2021-08-30,145.3303,149.7097,144.9499,149.3488,90956700
AMZN,2021-08-30,167.8715,172.25,167.761,171.0785,63844000
AAPL,2021-08-31,148.9001,149.0367,147.5639,148.0906,86453100
AMZN,2021-08-31,171.24,173.629,169.7795,173.5395,87128000
GOOGL,2021-08-31,143.8712,143.8955,143.0129,143.4257,22448000
MSFT,2021-08-31,292.7102,292.7872,289.9026,290.2679,26285300
GOOGL,2021-09-01,143.7255,144.9685,143.6101,143.9391,21936000
MSFT,2021-09-01,291.2198,293.4506,289.8929,290.2198,18983800
AAPL,2021-09-01,149.066,151.163,148.588,148.7538,80313700
AMZN,2021-09-01,174.82,176.35,173.762,173.95,72598000
AAPL,2021-09-02,150.0804,150.9094,148.6466,149.8658,71115500
AMZN,2021-09-02,174.738,175.598,172.75,173.156,58474000
GOOGL,2021-09-02,143.9396,144.2405,141.9265,142.0276,32342000
MSFT,2021-09-02,290.5756,291.6909,288.6332,289.5659,16285600
GOOGL,2021-09-03,141.8229,142.888,141.1489,142.4761,19850000
MSFT,2021-09-03,289.4121,290.9602,288.7102,289.5564,14747900
AAPL,2021-09-03,149.9731,150.8217,149.3196,150.4998,57808700
AMZN,2021-09-03,172.6,174.1335,171.822,173.9025,51514000
AAPL,2021-09-07,151.1532,153.3869,150.5876,152.8309,82278300
AMZN,2021-09-07,173.9,176.4045,173.847,175.4645,54758000
GOOGL,2021-09-07,142.5703,143.2944,142.3567,143.0124,20124000
MSFT,2021-09-07,289.4314,289.5083,286.7295,288.6333,17180400
GOOGL,2021-09-08,142.8335,143.1308,141.7431,142.428,18344000
MSFT,2021-09-08,288.2486,289.0467,286.0275,288.662,15046800
AAPL,2021-09-08,153.1138,153.1723,150.1876,151.2898,74420200
AMZN,2021-09-08,175.5825,177.2815,174.7835,176.275,61068000
AAPL,2021-09-09,151.6605,152.2652,150.1584,150.2755,57305700
AMZN,2021-09-09,176.301,177.4995,174.0185,174.208,54384000
GOOGL,2021-09-09,142.5762,143.0421,141.9191,142.2794,15314000
MSFT,2021-09-09,289.2487,290.518,285.5757,285.816,19927000
GOOGL,2021-09-10,142.945,143.4465,139.501,139.6378,36840000
MSFT,2021-09-10,286.941,288.3833,284.0179,284.3352,19633400
AAPL,2021-09-10,151.1826,151.6507,145.0377,145.3011,140893200
AMZN,2021-09-10,175.0915,175.4225,173.1455,173.4575,47946000
AAPL,2021-09-13,146.9201,147.6907,145.0864,145.8667,102404300
AMZN,2021-09-13,174.14,174.898,171.9,172.8585,51380000
GOOGL,2021-09-13,140.7019,141.6935,140.0085,141.0815,22094000
MSFT,2021-09-13,286.1045,287.0563,282.7679,285.566,23652900
GOOGL,2021-09-14,141.7387,142.103,140.5041,141.2916,19674000
MSFT,2021-09-14,288.0371,289.7968,286.6333,288.2582,21853400
AAPL,2021-09-14,146.647,147.3493,143.2918,144.472,109296300
AMZN,2021-09-14,173.7775,174.3405,171.8855,172.5,38738000
AAPL,2021-09-15,144.9011,145.7595,142.7651,145.3596,83281300
AMZN,2021-09-15,172.126,174.271,170.1005,173.7895,59150000
GOOGL,2021-09-15,141.5166,143.1809,140.1052,143.1601,27408000
MSFT,2021-09-15,291.5948,293.5756,290.2102,293.0948,28356300
GOOGL,2021-09-16,142.6853,143.0317,141.1499,142.3477,26190000
MSFT,2021-09-16,292.0755,293.5659,289.191,293.4794,19550800
AAPL,2021-09-16,144.7841,145.301,143.5941,145.1255,68034100
AMZN,2021-09-16,172.998,174.6275,172.307,174.412,51672000
AAPL,2021-09-17,145.1547,145.1547,142.1701,142.4627,129868800
AMZN,2021-09-17,174.4205,174.8705,172.6065,173.126,92332000
GOOGL,2021-09-17,141.7734,142.1892,139.2354,139.5625,53384000
MSFT,2021-09-17,292.4698,292.7871,288.0083,288.3352,41372500
GOOGL,2021-09-20,136.9471,137.7783,135.1238,137.5002,46518000
MSFT,2021-09-20,284.9313,287.2295,278.3833,282.9794,38278700
AAPL,2021-09-20,140.2584,141.2728,137.7907,139.4196,123478900
AMZN,2021-09-20,169.8,170.95,165.2505,167.7865,93382000
AAPL,2021-09-21,140.3851,141.0387,139.2635,139.8975,75834000
AMZN,2021-09-21,168.75,168.985,166.6195,167.1815,55618000
GOOGL,2021-09-21,138.5212,138.7809,137.0626,137.811,25332000
MSFT,2021-09-21,284.316,286.0948,282.7583,283.4603,22364100
GOOGL,2021-09-22,138.0796,139.6487,137.3337,139.0505,25056000
MSFT,2021-09-22,285.316,288.6717,283.1813,287.0948,26626300
AAPL,2021-09-22,140.8923,142.8236,140.1608,142.2579,76404300
AMZN,2021-09-22,167.55,169.45,167.0525,169.0025,48228000
AAPL,2021-09-23,143.0382,143.4576,142.0531,143.2137,64838200
AMZN,2021-09-23,169.0025,171.448,169.0025,170.8,47588000
GOOGL,2021-09-23,139.7483,140.4511,139.1675,139.9748,20952000
MSFT,2021-09-23,287.3544,289.3256,286.0852,288.0371,18604600
GOOGL,2021-09-24,139.3032,141.0795,139.0084,140.965,22984000
MSFT,2021-09-24,286.7583,288.2679,285.5083,287.8352,14999000
AAPL,2021-09-24,142.0726,143.838,141.975,143.3016,53477900
AMZN,2021-09-24,170.1005,171.463,169.67,171.276,42324000
AAPL,2021-09-27,141.8873,142.3652,140.2779,141.7897,74150700
AMZN,2021-09-27,168.575,170.7785,166.9805,170.29,72690000
GOOGL,2021-09-27,139.5669,140.691,138.8364,139.8321,21882000
MSFT,2021-09-27,284.7487,285.066,281.6718,282.8545,23571700
GOOGL,2021-09-28,137.4363,137.874,134.1703,134.6362,45772000
MSFT,2021-09-28,278.6526,279.5948,271.8737,272.6142,43186200
AAPL,2021-09-28,139.7219,141.185,138.2003,138.4149,108972300
AMZN,2021-09-28,167.8855,168.4595,164.505,165.798,88616000
AAPL,2021-09-29,138.9612,140.8923,138.5319,139.3123,74602000
AMZN,2021-09-29,166.1055,167.565,164.8935,165.056,51246000
GOOGL,2021-09-29,135.776,135.9455,132.6884,133.1726,30848000
MSFT,2021-09-29,274.1333,275.7391,272.1237,273.0756,26353700
GOOGL,2021-09-30,133.0814,134.3511,132.3821,132.5011,37996000
MSFT,2021-09-30,274.7199,276.7583,270.7872,271.0757,32343600
AAPL,2021-09-30,140.1218,140.8241,137.8004,138.015,89056700
AMZN,2021-09-30,165.8,166.3925,163.6995,164.252,56848000
AAPL,2021-10-01,138.4052,139.4,135.6839,139.1367,94639600
AMZN,2021-10-01,164.4505,165.4585,162.797,164.163,56712000
GOOGL,2021-10-01,133.2658,135.7072,132.8946,135.3429,35360000
MSFT,2021-10-01,271.2679,278.8256,270.4699,277.9795,30086300
GOOGL,2021-10-04,134.7655,134.7655,129.8982,132.4847,51202000
MSFT,2021-10-04,276.3448,276.6813,269.4698,272.2198,31350700
AAPL,2021-10-04,138.2686,138.7075,134.8646,135.7132,98322000
AMZN,2021-10-04,163.9695,163.9995,158.8125,159.489,90462000
AAPL,2021-10-05,136.0545,138.7368,135.9277,137.6346,80861100
AMZN,2021-10-05,160.225,163.0365,160.123,161.05,65384000
GOOGL,2021-10-05,132.8629,136.0184,132.8629,134.8275,32404000
MSFT,2021-10-05,273.1237,279.2295,273.1237,277.6525,24993000
GOOGL,2021-10-06,133.5656,136.5393,133.3674,136.3559,24364000
MSFT,2021-10-06,274.7872,282.3352,274.5275,281.8352,28002600
AAPL,2021-10-06,136.035,138.649,134.9621,138.5027,83221100
AMZN,2021-10-06,160.6765,163.217,159.931,163.1005,50660000
AAPL,2021-10-07,139.5366,140.668,139.205,139.7609,61732700
AMZN,2021-10-07,164.577,166.2875,164.153,165.1215,48182000
GOOGL,2021-10-07,137.6712,138.8111,137.4324,138.0013,25110000
MSFT,2021-10-07,283.8256,285.2295,282.6141,283.5083,20430500
GOOGL,2021-10-08,138.3502,139.0976,137.9939,138.5569,26526000
MSFT,2021-10-08,284.8256,285.2295,282.4602,283.5083,17685700
AAPL,2021-10-08,140.4827,140.629,139.0489,139.3805,58773200
AMZN,2021-10-08,165.85,166.0715,164.41,164.431,39964000
AAPL,2021-10-11,138.7661,141.2435,138.3173,139.2928,64452200
AMZN,2021-10-11,163.75,164.6295,161.905,162.315,40684000
GOOGL,2021-10-11,138.0677,139.4753,137.6385,137.6931,17954000
MSFT,2021-10-11,281.6525,286.5083,281.4891,282.9121,19298600
GOOGL,2021-10-12,138.254,138.2808,134.5668,135.2497,36332000
MSFT,2021-10-12,283.9794,284.0756,281.1044,281.6141,17974100
AAPL,2021-10-12,139.7024,139.7219,137.5663,138.0248,73035900
AMZN,2021-10-12,162.85,163.3765,161.814,162.3665,36392000
AAPL,2021-10-13,137.7614,137.9175,135.7717,137.4396,78762700
AMZN,2021-10-13,163.4855,164.419,163.0545,164.214,48402000
GOOGL,2021-10-13,136.1948,136.7871,135.3191,136.3727,19654000
MSFT,2021-10-13,283.5659,285.8448,282.2006,284.9121,23416300
GOOGL,2021-10-14,138.2481,140.0952,137.6048,139.9104,31894000
MSFT,2021-10-14,287.7005,291.6044,286.3736,291.1044,27262900
AAPL,2021-10-14,138.61,140.3364,138.0248,140.2193,69907100
AMZN,2021-10-14,165.1225,165.63,164.539,164.993,42190000
AAPL,2021-10-15,140.2291,141.3313,139.9755,141.2728,67940300
AMZN,2021-10-15,165.571,170.521,165.2,170.451,103598000
GOOGL,2021-10-15,140.3698,140.4724,139.5179,140.1255,30274000
MSFT,2021-10-15,290.7102,292.7391,288.9602,292.5082,25384800
GOOGL,2021-10-18,139.8365,141.5409,139.8296,141.5231,20396000
MSFT,2021-10-18,291.8929,296.3543,291.0467,295.4698,22729300
AAPL,2021-10-18,139.917,143.2235,139.6341,142.9406,85589200
AMZN,2021-10-18,169.418,172.4585,169.255,172.337,63482000
AAPL,2021-10-19,143.3893,145.4961,142.9407,145.0962,76378900
AMZN,2021-10-19,171.7145,172.7345,171.1,172.2075,47722000
GOOGL,2021-10-19,142.1272,142.3998,141.3467,141.978,20164000
MSFT,2021-10-19,296.489,297.4024,295.4025,296.3736,17682100
GOOGL,2021-10-20,142.0781,142.2843,140.1339,140.5229,23288000
MSFT,2021-10-20,297.316,297.7871,294.3352,295.5852,16537100
AAPL,2021-10-20,145.0377,146.0618,144.472,145.5839,58418800
AMZN,2021-10-20,172.633,173.143,170.0185,170.753,42796000
AAPL,2021-10-21,145.1449,145.9546,144.2281,145.7984,61421000
AMZN,2021-10-21,170.7125,172.014,170.15,171.7505,37628000
GOOGL,2021-10-21,140.523,140.9066,139.2651,140.6389,26292000
MSFT,2021-10-21,295.3543,299.0563,294.5755,298.8062,16918100
GOOGL,2021-10-22,137.927,139.3474,134.8602,136.3574,50588000
MSFT,2021-10-22,298.4601,299.1236,295.9601,297.2678,17449300
AAPL,2021-10-22,146.0033,146.4813,144.9792,145.0279,58883400
AMZN,2021-10-22,171.05,171.492,166.565,166.7775,62782000
AAPL,2021-10-25,145.0182,145.6912,143.9843,144.9792,50720600
AMZN,2021-10-25,166.75,167.39,164.885,166.0185,44520000
GOOGL,2021-10-25,136.341,136.7871,134.2337,136.2389,34412000
MSFT,2021-10-25,297.4601,297.4987,294.6718,296.2774,17554500
GOOGL,2021-10-26,138.0395,138.8518,137.0889,138.0841,49236000
MSFT,2021-10-26,299.0371,300.3832,296.7294,298.1813,28107300
AAPL,2021-10-26,145.6521,147.1249,145.34,145.6424,60893400
AMZN,2021-10-26,167.4755,170.806,167.199,168.8035,53966000
AAPL,2021-10-27,145.6814,146.0424,144.8329,145.1839,56094900
AMZN,2021-10-27,169.4,171.85,168.5725,169.6245,54044000
GOOGL,2021-10-27,138.1797,147.3435,138.1797,144.9324,85782000
MSFT,2021-10-27,303.8447,313.5562,303.8447,310.7389,52588700
GOOGL,2021-10-28,145.8413,145.8646,143.3558,144.5671,36206000
MSFT,2021-10-28,311.8543,312.3735,308.9985,311.8735,26297900
AAPL,2021-10-28,146.1301,149.3976,146.0325,148.8124,100077900
AMZN,2021-10-28,170.105,173.95,169.3,172.3285,114174000
AAPL,2021-10-29,143.5942,146.2472,142.8041,146.1106,124953200
AMZN,2021-10-29,165.001,168.741,163.666,168.6215,129722000
GOOGL,2021-10-29,143.8029,146.9391,143.3781,146.7448,43320000
MSFT,2021-10-29,311.6621,319.2293,311.4408,318.864,34766000
GOOGL,2021-11-01,146.7448,146.7448,141.9667,142.2358,46924000
MSFT,2021-11-01,318.6139,318.7389,313.8158,316.7005,27073200
AAPL,2021-11-01,145.3205,146.013,144.1598,145.2912,74588300
AMZN,2021-11-01,168.09,168.793,164.601,165.9055,72178000
AAPL,2021-11-02,144.9986,147.837,144.9889,146.3251,69122000
AMZN,2021-11-02,165.7505,166.556,164.1775,165.6375,52552000
GOOGL,2021-11-02,143.3088,145.3204,143.0669,144.1543,33482000
MSFT,2021-11-02,317.6043,320.6235,317.3062,320.3159,26487100
GOOGL,2021-11-03,144.6181,145.3799,143.3202,145.3095,27494000
MSFT,2021-11-03,321.0562,322.0177,317.9312,321.1523,21500100
AAPL,2021-11-03,146.6861,148.2271,146.1301,147.759,54511500
AMZN,2021-11-03,165.45,169.746,164.876,169.2,67944000
AAPL,2021-11-04,147.8468,148.6758,146.9299,147.2421,60394600
AMZN,2021-11-04,168.5,174.9315,168.25,173.85,107060000
GOOGL,2021-11-04,145.8314,148.4175,145.0221,146.9644,38412000
MSFT,2021-11-04,320.085,323.5946,316.8351,323.4984,23992200
GOOGL,2021-11-05,147.8584,149.0062,146.8944,147.5437,38354000
MSFT,2021-11-05,325.4889,325.7581,321.5562,323.1331,22570100
AAPL,2021-11-05,148.3653,148.6682,146.5779,147.7695,65463900
AMZN,2021-11-05,173.85,178.3125,173.849,175.9495,99940000
AAPL,2021-11-08,147.8965,148.0528,146.6755,146.949,55020900
AMZN,2021-11-08,176.162,178.95,174.393,174.449,61480000
GOOGL,2021-11-08,148.5081,149.2912,147.1259,147.7211,23052000
MSFT,2021-11-08,324.3254,324.662,321.5755,324.0273,20897000
GOOGL,2021-11-09,147.9214,148.5176,145.9508,147.6096,19530000
MSFT,2021-11-09,324.1428,325.6908,321.662,323.0274,21307400
AAPL,2021-11-09,146.7146,147.916,146.5778,147.3104,56787900
AMZN,2021-11-09,175.7625,179.6885,175.0715,178.8115,85898000
AAPL,2021-11-10,146.5387,146.6462,144.4191,144.4875,65187100
AMZN,2021-11-10,178.1935,180.2725,173.1545,174.1025,80548000
GOOGL,2021-11-10,146.2036,146.7686,143.2671,144.6112,29970000
MSFT,2021-11-10,321.7004,321.7581,317.2293,318.0754,25500900
GOOGL,2021-11-11,145.202,146.2388,144.3208,144.4853,16518000
MSFT,2021-11-11,318.5081,320.9312,317.7966,319.6427,16849800
AAPL,2021-11-11,145.5033,145.9624,144.253,144.4386,41000000
AMZN,2021-11-11,175.65,177.162,173.3735,173.625,45288000
AAPL,2021-11-12,144.9856,146.9099,144.0577,146.5094,63804000
AMZN,2021-11-12,174.25,177.0365,172.3525,176.2575,53788000
GOOGL,2021-11-12,145.3269,147.5417,144.1329,147.3712,22360000
MSFT,2021-11-12,321.0754,324.2581,320.9504,323.7677,23831000
GOOGL,2021-11-15,147.5917,148.2351,146.2779,147.1472,23508000
MSFT,2021-11-15,324.5562,324.8831,321.1812,323.1427,16723000
AAPL,2021-11-15,146.8806,148.3556,145.9624,146.5192,59222800
AMZN,2021-11-15,176.85,179.694,176.2905,177.284,58594000
AAPL,2021-11-16,146.4606,147.9746,145.8745,147.496,59256200
AMZN,2021-11-16,176.95,178.825,176.2575,177.035,44342000
GOOGL,2021-11-16,146.8474,147.455,146.0177,146.5763,18904000
MSFT,2021-11-16,322.7678,327.5658,322.6043,326.4505,20886800
GOOGL,2021-11-17,146.7264,147.2538,145.9459,146.7458,19594000
MSFT,2021-11-17,326.4986,329.6293,325.5931,326.672,19053400
AAPL,2021-11-17,147.496,151.4032,147.4862,149.9282,88807000
AMZN,2021-11-17,178.236,179.3625,177.2675,177.45,51206000
AAPL,2021-11-18,150.1431,154.988,149.4984,154.2066,137827700
AMZN,2021-11-18,178.3175,185.21,178.05,184.803,114070000
GOOGL,2021-11-18,146.9386,149.257,146.5847,148.5215,35608000
MSFT,2021-11-18,325.7664,329.8798,324.7454,328.743,22463500
GOOGL,2021-11-19,148.6573,149.6396,147.5903,147.6176,33682000
MSFT,2021-11-19,330.0628,332.4325,329.6389,330.5155,21963400
AAPL,2021-11-19,153.9917,157.2835,152.8977,156.8244,117305600
AMZN,2021-11-19,185.6345,188.1075,183.786,183.8285,98734000
AAPL,2021-11-22,157.9282,161.8549,157.2639,157.2835,117467900
AMZN,2021-11-22,183.819,185.673,178.375,178.6285,96844000
GOOGL,2021-11-22,148.02,148.5126,144.863,145.0161,30594000
MSFT,2021-11-22,331.97,336.8347,327.0862,327.3559,31031100
GOOGL,2021-11-23,144.8684,145.371,142.8483,144.5007,27218000
MSFT,2021-11-23,324.6779,326.9898,321.316,325.2848,30427600
AAPL,2021-11-23,157.3811,158.0454,155.369,157.6644,96041900
AMZN,2021-11-23,179.252,181.0525,176.3855,179.002,73804000
AAPL,2021-11-24,157.0197,158.3775,155.9355,158.1821,69463600
AMZN,2021-11-24,178.1335,180.682,176.8425,179.0205,46560000
GOOGL,2021-11-24,144.1949,144.9641,143.1041,144.8357,18040000
MSFT,2021-11-24,323.9362,325.7472,321.6532,325.5064,21661300
GOOGL,2021-11-26,143.0798,143.287,140.5958,140.9333,30470000
MSFT,2021-11-26,322.0771,325.5256,316.0757,317.5785,24217200
AAPL,2021-11-26,155.8671,156.7267,152.7316,153.1712,76959800
AMZN,2021-11-26,180.105,181.675,175.2075,175.228,59826000
AAPL,2021-11-29,155.6718,157.4495,155.1052,156.5216,88748200
AMZN,2021-11-29,177.382,179.8,176.575,178.0785,65312000
GOOGL,2021-11-29,142.7343,145.0116,142.6288,144.2514,32596000
MSFT,2021-11-29,322.6454,326.5852,322.4527,324.2733,28563500
GOOGL,2021-11-30,143.734,144.7168,140.3569,140.6503,42068000
MSFT,2021-11-30,323.0115,325.3811,316.9137,318.4551,42885600
AAPL,2021-11-30,156.2774,161.6791,156.209,161.4642,174048100
AMZN,2021-11-30,178.175,179.2885,174.6005,175.3535,80022000
AAPL,2021-12-01,163.5936,166.3481,160.712,160.9465,152052500
AMZN,2021-12-01,177.25,177.994,172.08,172.186,74916000
GOOGL,2021-12-01,142.7344,144.6677,139.6735,139.8118,34020000
MSFT,2021-12-01,322.8284,326.8261,317.2992,317.9637,33337600
GOOGL,2021-12-02,140.0085,142.6,138.9821,141.7094,29194000
MSFT,2021-12-02,318.1757,321.2486,315.7674,317.3954,30766000
AAPL,2021-12-02,155.0564,160.3897,154.1382,159.9599,136739200
AMZN,2021-12-02,173.0,174.635,171.1875,171.868,64726000
AAPL,2021-12-03,160.2139,161.1321,156.0136,158.0845,118023100
AMZN,2021-12-03,172.75,173.4935,166.93,169.4895,80712000
GOOGL,2021-12-03,142.4182,143.1308,139.0679,140.7534,41230000
MSFT,2021-12-03,319.8036,320.4876,306.356,311.1533,41779300
GOOGL,2021-12-06,141.7833,142.5881,138.9182,141.8968,30618000
MSFT,2021-12-06,312.0588,315.4303,307.512,314.2166,30032600
AAPL,2021-12-06,160.4776,163.9843,160.4678,161.4837,107497000
AMZN,2021-12-06,169.65,173.6955,166.9345,171.3685,68860000
AAPL,2021-12-07,165.1564,167.5984,164.4336,167.2077,120405400
AMZN,2021-12-07,174.6,177.4995,173.3345,176.1645,66410000
GOOGL,2021-12-07,144.3168,146.2343,143.9511,145.9751,32240000
MSFT,2021-12-07,319.4666,323.4738,317.9831,322.6262,31021900
GOOGL,2021-12-08,146.2992,147.0887,145.1192,146.884,24270000
MSFT,2021-12-08,323.0018,323.1848,318.6573,322.6743,24761000
AAPL,2021-12-08,168.1357,171.8768,166.7388,171.0172,116998900
AMZN,2021-12-08,176.1505,177.18,174.7505,176.158,45254000
AAPL,2021-12-09,170.8512,172.6484,169.8841,170.5093,108923700
AMZN,2021-12-09,175.75,176.9695,174.1395,174.171,46062000
GOOGL,2021-12-09,146.2938,147.7895,145.822,146.3409,23270000
MSFT,2021-12-09,322.1348,324.1384,319.9289,320.8729,22214200
GOOGL,2021-12-10,147.393,147.6681,145.4145,146.7007,24458000
MSFT,2021-12-10,322.6839,330.4095,322.5009,329.9664,38095700
AAPL,2021-12-10,171.1442,175.4616,170.6363,175.2858,115402700
AMZN,2021-12-10,175.417,175.927,170.5,172.212,60690000
AAPL,2021-12-13,176.9171,177.9036,171.4567,171.6619,153237000
AMZN,2021-12-13,172.0,172.1,169.13,169.5675,62170000
GOOGL,2021-12-13,146.4826,146.6695,144.2385,144.5448,27070000
MSFT,2021-12-13,328.1747,331.1706,326.6334,326.9417,28899400
GOOGL,2021-12-14,142.7026,143.2101,139.9738,142.6422,38446000
MSFT,2021-12-14,320.9885,322.3564,312.2129,316.2876,44438700
AAPL,2021-12-14,171.1832,173.6155,168.2138,170.2846,139380400
AMZN,2021-12-14,167.55,169.499,166.44,169.0915,55976000
AAPL,2021-12-15,171.0465,175.3346,168.3115,175.1393,131063300
AMZN,2021-12-15,168.598,173.6,165.195,173.315,75794000
GOOGL,2021-12-15,142.1485,145.4314,140.4328,145.1539,36370000
MSFT,2021-12-15,316.5477,322.8862,312.5886,322.366,35381100
GOOGL,2021-12-16,145.877,146.379,142.3448,143.1754,33650000
MSFT,2021-12-16,323.3871,324.3986,311.1629,312.9739,35034800
AAPL,2021-12-16,175.1197,176.9366,166.7877,168.2626,150185800
AMZN,2021-12-16,173.3685,174.166,168.1605,168.871,60876000
AAPL,2021-12-17,165.9867,169.4446,165.7523,167.1686,195432700
AMZN,2021-12-17,167.7105,170.8985,165.6135,170.0175,85542000
GOOGL,2021-12-17,141.2475,142.5703,140.0581,140.4793,50416000
MSFT,2021-12-17,309.1014,312.9932,305.6047,311.9142,47750300
GOOGL,2021-12-20,138.7695,140.5284,138.0965,140.3624,27192000
MSFT,2021-12-20,308.3019,310.951,305.913,308.1671,28326500
AAPL,2021-12-20,164.375,166.6216,163.574,165.8109,107499100
AMZN,2021-12-20,166.85,167.8745,165.6,167.079,57372000
AAPL,2021-12-21,167.5789,169.1808,165.1955,168.9757,91185900
AMZN,2021-12-21,167.8505,170.7165,165.6475,170.417,55956000
GOOGL,2021-12-21,140.805,142.6045,139.2676,142.2115,28756000
MSFT,2021-12-21,311.4231,315.7,308.0611,315.2763,24740600
GOOGL,2021-12-22,141.8101,145.2124,141.8101,145.1281,26322000
MSFT,2021-12-22,316.249,321.3642,313.7928,320.9692,24831500
AAPL,2021-12-22,169.0245,171.7791,168.1552,171.5642,92135300
AMZN,2021-12-22,169.27,172.05,168.5005,171.037,55036000
AAPL,2021-12-23,171.7693,172.7461,171.2028,172.1894,68356600
AMZN,2021-12-23,170.428,171.975,170.15,171.0685,36788000
GOOGL,2021-12-23,145.2124,146.9405,145.1648,145.6252,26384000
MSFT,2021-12-23,320.5358,324.0422,320.5165,322.4045,19617800
GOOGL,2021-12-27,145.9617,147.0402,145.876,146.6065,15976000
MSFT,2021-12-27,323.1463,329.9087,323.1174,329.8798,19947000
AAPL,2021-12-27,172.9806,176.2333,172.961,176.1454,74919600
AMZN,2021-12-27,171.037,172.943,169.2155,169.6695,58688000
AAPL,2021-12-28,175.9793,177.1222,174.3871,175.1295,79144300
AMZN,2021-12-28,170.1825,172.176,169.1355,170.661,54638000
GOOGL,2021-12-28,146.9331,146.9956,144.7708,145.3977,18200000
MSFT,2021-12-28,330.554,331.1898,327.8279,328.7237,15661500
GOOGL,2021-12-29,145.3556,146.1213,144.3674,145.366,17788000
MSFT,2021-12-29,328.7719,331.6617,327.2113,329.398,15042000
AAPL,2021-12-29,175.1686,176.4384,174.0062,175.2174,62348900
AMZN,2021-12-29,170.84,171.212,168.6005,169.201,35754000
AAPL,2021-12-30,175.3053,176.3798,173.9574,174.0648,59773000
AMZN,2021-12-30,169.7,170.888,168.524,168.6445,37584000
GOOGL,2021-12-30,145.4046,146.0053,144.7113,144.9155,15688000
MSFT,2021-12-30,329.3596,330.5348,326.383,326.8647,15994500
GOOGL,2021-12-31,144.7663,145.4091,143.5789,143.5789,18136000
MSFT,2021-12-31,326.0843,326.9032,323.522,323.9747,18000800
AAPL,2021-12-31,173.9573,175.0709,173.1467,173.4494,64062300
AMZN,2021-12-31,168.956,169.35,166.5585,166.717,47830000
AAPL,2022-01-03,173.7034,178.6362,173.5862,177.7864,104487900
AMZN,2022-01-03,167.55,170.7035,166.1605,170.4045,63520000
GOOGL,2022-01-03,143.7801,144.5691,142.4499,143.7171,28646000
MSFT,2022-01-03,323.0404,325.5931,317.6748,322.4624,28865100
GOOGL,2022-01-04,144.1181,145.1975,142.4534,143.1303,28400000
MSFT,2022-01-04,322.5394,322.8959,314.1491,316.9331,32674300
AAPL,2022-01-04,178.392,178.6948,174.9635,175.53,99310400
AMZN,2022-01-04,170.438,171.4,166.3495,167.522,70726000
AAPL,2022-01-05,175.4421,175.9891,170.5874,170.8609,94537600
AMZN,2022-01-05,166.883,167.1265,164.357,164.357,64302000
GOOGL,2022-01-05,143.1507,143.2295,136.4778,136.5641,54618000
MSFT,2022-01-05,313.8987,314.101,304.3814,304.7667,40054300
GOOGL,2022-01-06,135.7944,138.71,135.3583,136.5368,37348000
MSFT,2022-01-06,301.6552,307.0015,300.0561,302.3585,39646100
AAPL,2022-01-06,168.6925,171.2321,167.657,168.0087,96904000
AMZN,2022-01-06,163.4505,164.8,161.937,163.254,51958000
AAPL,2022-01-07,168.878,170.099,167.0612,168.1747,86709100
AMZN,2022-01-07,163.839,165.2435,162.031,162.554,46606000
GOOGL,2022-01-07,136.9313,137.2317,134.5732,135.8127,29760000
MSFT,2022-01-07,302.6186,304.8823,298.7076,302.5126,32720000
GOOGL,2022-01-10,133.8908,137.5994,131.9941,137.4507,44408000
MSFT,2022-01-10,298.1295,303.1676,293.5058,302.7341,44289500
AAPL,2022-01-10,165.1564,168.497,164.2675,168.1943,106765600
AMZN,2022-01-10,160.5855,161.6615,156.3045,161.486,87798000
AAPL,2022-01-11,168.3213,171.1149,166.8561,171.0172,76138300
AMZN,2022-01-11,161.5,166.35,160.7015,165.362,62806000
GOOGL,2022-01-11,136.794,138.9836,135.4911,138.5078,28730000
MSFT,2022-01-11,301.8768,304.9882,298.5149,303.418,29386800
GOOGL,2022-01-12,139.9094,141.3546,139.4579,140.1874,26108000
MSFT,2022-01-12,307.9359,311.5387,305.441,306.5873,34372200
AAPL,2022-01-12,172.0331,173.0684,170.7632,171.4568,74805200
AMZN,2022-01-12,166.575,166.878,164.417,165.207,50030000
AAPL,2022-01-13,171.7009,172.5214,167.8035,168.1943,84505800
AMZN,2022-01-13,165.2505,166.2215,161.091,161.214,52188000
GOOGL,2022-01-13,140.296,141.5944,137.1925,137.3689,31436000
MSFT,2022-01-13,308.7065,309.1015,292.8411,293.6117,45366000
GOOGL,2022-01-14,135.8742,139.505,135.7944,138.2546,29662000
MSFT,2022-01-14,293.082,299.4107,292.6003,298.8136,39846400
AAPL,2022-01-14,167.364,169.7474,167.1198,169.0538,80440800
AMZN,2022-01-14,160.15,162.25,159.8005,162.138,45974000
AAPL,2022-01-18,167.53,168.5362,165.4788,165.8597,90956700
AMZN,2022-01-18,159.105,159.7345,157.6645,158.9175,67292000
GOOGL,2022-01-18,134.9781,135.9262,134.2481,134.8027,34872000
MSFT,2022-01-18,292.9085,298.4283,290.6641,291.5406,42333200
GOOGL,2022-01-19,135.3236,136.7469,133.8288,133.9289,28648000
MSFT,2022-01-19,295.047,302.3874,291.5889,292.1957,45933900
AAPL,2022-01-19,166.0551,167.11,162.0893,162.3726,94815000
AMZN,2022-01-19,158.762,159.25,156.25,156.299,53242000
AAPL,2022-01-20,163.1052,165.7425,160.3702,160.6925,91420500
AMZN,2022-01-20,156.766,158.0,151.351,151.6675,71974000
GOOGL,2022-01-20,135.0525,136.4164,131.7958,132.1358,29908000
MSFT,2022-01-20,297.725,300.2103,290.0861,290.5292,35380700
GOOGL,2022-01-21,131.4281,133.6801,128.9431,129.2058,55652000
MSFT,2022-01-21,291.5792,292.947,284.759,285.1636,57984400
AAPL,2022-01-21,160.6046,162.4703,158.5338,158.6412,122848900
AMZN,2022-01-21,149.95,150.9,142.0705,142.643,163972000
AAPL,2022-01-24,156.3067,158.5338,151.1101,157.8696,162294600
AMZN,2022-01-24,139.0,144.945,135.352,144.544,155624000
GOOGL,2022-01-24,124.8708,130.0498,123.4057,129.6543,76622000
MSFT,2022-01-24,281.4743,286.204,265.917,285.4912,85731500
GOOGL,2022-01-25,127.6085,128.2617,125.3887,125.8193,46960000
MSFT,2022-01-25,280.8192,284.1618,274.7023,277.9004,72848600
AAPL,2022-01-25,155.2908,158.9831,153.3763,156.0723,115798400
AMZN,2022-01-25,142.2425,143.6,138.145,139.986,90824000
AAPL,2022-01-26,159.7059,160.5753,154.1578,155.9843,108275300
AMZN,2022-01-26,144.75,145.185,137.3185,138.8725,95602000
GOOGL,2022-01-26,129.9665,131.831,126.0245,128.0971,49130000
MSFT,2022-01-26,296.6846,297.1759,282.2738,285.8187,90428900
GOOGL,2022-01-27,130.1499,131.4866,127.7993,127.8711,31950000
MSFT,2022-01-27,291.5503,296.02,286.9939,288.8338,53481300
AAPL,2022-01-27,158.6803,160.038,154.607,155.5252,121954600
AMZN,2022-01-27,140.8,144.2435,139.35,139.6375,77516000
AAPL,2022-01-28,161.8646,166.397,159.0221,166.3774,179935700
AMZN,2022-01-28,140.8605,143.998,137.9295,143.978,74392000
GOOGL,2022-01-28,128.5194,132.1844,127.3557,132.1789,34362000
MSFT,2022-01-28,289.2095,297.1567,283.6417,296.9447,49743700
GOOGL,2022-01-31,132.9828,134.2823,131.0475,134.1143,39986000
MSFT,2022-01-31,297.6095,300.9135,295.1241,299.5649,46444500
AAPL,2022-01-31,166.2114,170.9391,165.5765,170.7242,115541600
AMZN,2022-01-31,144.75,150.3605,144.3005,149.5735,78308000
AAPL,2022-02-01,169.972,170.7828,168.3115,170.5581,86213900
AMZN,2022-02-01,150.0,151.708,147.6275,151.1935,59220000
GOOGL,2022-02-01,136.3851,136.5819,133.1875,136.4342,68644000
MSFT,2022-02-01,299.0158,299.2277,293.9296,297.4263,40950400
GOOGL,2022-02-02,149.9206,150.2145,144.2435,146.6992,123200000
MSFT,2022-02-02,298.2645,303.5529,297.5419,301.9539,36636000
AAPL,2022-02-02,170.6949,171.7986,169.3078,171.7596,84914300
AMZN,2022-02-02,155.0505,155.075,148.8635,150.6125,87330000
AAPL,2022-02-03,170.4312,172.1503,168.1259,168.8878,89418100
AMZN,2022-02-03,141.7375,144.2475,138.333,138.8455,225532000
GOOGL,2022-02-03,144.4248,148.3595,141.4116,141.8323,71518000
MSFT,2022-02-03,298.1296,299.8057,288.9494,290.192,43730000
GOOGL,2022-02-04,142.1837,143.6016,139.28,142.0336,57998000
MSFT,2022-02-04,289.1902,297.4649,288.959,294.7099,35096500
AAPL,2022-02-04,167.9097,170.2766,166.9317,168.6042,82465400
AMZN,2022-02-04,155.6065,161.2,150.608,157.6395,253456000
AAPL,2022-02-07,169.0638,170.1299,167.1958,167.8902,77251200
AMZN,2022-02-07,158.52,162.691,157.25,157.9355,102624000
GOOGL,2022-02-07,142.9821,142.9822,137.6792,137.9775,54974000
MSFT,2022-02-07,294.9315,296.5402,288.8916,289.9031,28533300
GOOGL,2022-02-08,137.8045,138.7695,135.8098,138.1738,54284000
MSFT,2022-02-08,290.192,294.3438,288.9397,293.3805,32421200
AAPL,2022-02-08,167.9587,171.4992,167.6653,170.9906,74829200
AMZN,2022-02-08,156.7505,161.7925,155.5505,161.4135,76040000
AAPL,2022-02-09,172.1838,172.7706,171.059,172.4087,71285000
AMZN,2022-02-09,162.8735,163.8345,160.25,161.1895,68786000
GOOGL,2022-02-09,139.7245,141.2718,138.9549,140.3475,40144000
MSFT,2022-02-09,298.4956,300.48,296.1067,299.7864,31284700
GOOGL,2022-02-10,138.4756,140.241,136.7445,137.4016,39330000
MSFT,2022-02-10,292.8797,297.7732,289.6623,291.2806,45386200
AAPL,2022-02-10,170.3157,171.6263,167.7826,168.3401,90865900
AMZN,2022-02-10,158.35,160.7165,157.75,159.0035,68268000
AAPL,2022-02-11,168.5455,169.279,164.3497,164.9365,98670700
AMZN,2022-02-11,158.1345,159.0,152.734,153.2935,77100000
GOOGL,2022-02-11,137.3818,137.9334,132.2275,133.1023,39958000
MSFT,2022-02-11,292.0609,293.1206,283.4202,284.21,39175600
GOOGL,2022-02-14,132.0853,135.102,132.0853,134.3348,34302000
MSFT,2022-02-14,282.9866,285.8668,280.6554,284.1715,36359500
AAPL,2022-02-14,163.6944,165.8559,162.9022,165.1712,86185500
AMZN,2022-02-14,151.751,158.4485,151.65,155.167,83230000
AAPL,2022-02-15,167.2154,169.1519,166.5111,168.9954,62527400
AMZN,2022-02-15,157.6055,158.007,154.6375,156.5105,56440000
GOOGL,2022-02-15,136.3613,136.8946,134.6277,135.4078,26680000
MSFT,2022-02-15,288.9976,289.7585,286.1173,289.4407,27058300
GOOGL,2022-02-16,135.4455,136.8723,133.7381,136.5274,25022000
MSFT,2022-02-16,288.012,290.4253,283.4849,289.1028,29982100
AAPL,2022-02-16,168.076,169.5333,166.3155,168.7607,61177400
AMZN,2022-02-16,155.7905,158.834,154.7345,158.1005,52704000
AAPL,2022-02-17,167.274,168.1347,164.7702,165.1712,69589300
AMZN,2022-02-17,158.146,160.349,154.5,154.6525,64032000
GOOGL,2022-02-17,135.0455,135.9084,131.3141,131.3741,38950000
MSFT,2022-02-17,286.0718,286.4966,279.9326,280.6373,32461600
GOOGL,2022-02-18,132.2939,132.8916,129.0522,129.2569,45620000
MSFT,2022-02-18,282.8768,283.6586,276.3708,277.9345,34264000
AAPL,2022-02-18,166.0906,166.7948,162.5403,163.6259,82772700
AMZN,2022-02-18,155.4995,155.4995,150.893,152.6015,63604000
AAPL,2022-02-22,161.3569,163.0293,158.589,160.7114,91162800
AMZN,2022-02-22,150.4785,152.9825,148.4855,150.1975,66128000
GOOGL,2022-02-22,128.6968,131.0187,127.0965,128.6725,44990000
MSFT,2022-02-22,275.1063,281.4192,274.6236,277.7318,41736100
GOOGL,2022-02-23,130.4914,130.8904,126.4066,126.4666,32786000
MSFT,2022-02-23,280.1064,281.5736,270.3763,270.5404,37811200
AAPL,2022-02-23,161.9046,162.5012,156.2418,156.5547,90009200
AMZN,2022-02-23,151.6505,151.763,144.651,144.827,64244000
AAPL,2022-02-24,149.2292,159.2737,148.6619,159.1661,141147500
AMZN,2022-02-24,139.8375,151.749,139.5,151.358,100786000
GOOGL,2022-02-24,123.8552,131.831,123.8553,131.5247,54456000
MSFT,2022-02-24,263.0498,284.9135,262.0941,284.3633,56989700
GOOGL,2022-02-25,132.3782,134.0826,130.5935,133.2777,36406000
MSFT,2022-02-25,284.8942,287.2977,281.5253,286.9889,32546700
AAPL,2022-02-25,160.2419,161.4938,157.3372,161.2298,91974200
AMZN,2022-02-25,150.55,153.99,149.2135,153.7885,62396000
AAPL,2022-02-28,159.4791,161.7873,158.8629,161.4939,95056600
AMZN,2022-02-28,152.425,154.45,150.85,153.563,57684000
GOOGL,2022-02-28,131.8806,134.5583,131.4271,133.8699,38864000
MSFT,2022-02-28,284.093,288.7554,282.8286,288.4175,34627500
GOOGL,2022-03-01,133.693,135.0579,132.0476,132.8832,26496000
MSFT,2022-03-01,286.1105,289.5565,282.008,284.7108,31217800
AAPL,2022-03-01,161.0831,162.9413,158.413,159.616,83474400
AMZN,2022-03-01,152.7325,154.099,149.977,151.142,44874000
AAPL,2022-03-02,160.7799,163.6846,159.3715,162.9022,79724800
AMZN,2022-03-02,150.849,152.9995,148.75,152.0525,47334000
GOOGL,2022-03-02,133.4447,134.0736,131.9019,133.3887,23520000
MSFT,2022-03-02,285.1066,291.0045,283.5042,289.7689,31873000
GOOGL,2022-03-03,134.8145,135.2403,131.8563,132.7226,24604000
MSFT,2022-03-03,292.3751,292.6069,283.8421,285.6471,27314500
AAPL,2022-03-03,164.7703,165.2006,161.9144,162.5794,76678400
AMZN,2022-03-03,153.5315,153.929,146.856,147.8985,65198000
AAPL,2022-03-04,160.8777,161.9144,158.5401,159.5867,83737200
AMZN,2022-03-04,147.159,147.85,143.807,145.641,60934000
GOOGL,2022-03-04,131.7592,132.675,129.1919,130.7471,30430000
MSFT,2022-03-04,284.0737,285.3961,277.2009,279.7974,32356500
GOOGL,2022-03-07,130.3323,130.5771,125.185,125.2677,45112000
MSFT,2022-03-07,278.5136,279.6334,268.8608,269.2276,43157200
AAPL,2022-03-07,159.7725,161.396,155.5474,155.8016,96418800
AMZN,2022-03-07,145.4435,146.0945,137.4165,137.453,86934000
AAPL,2022-03-08,155.3322,159.303,152.3785,153.9825,131148300
AMZN,2022-03-08,136.6835,140.6995,133.5725,136.0145,91662000
GOOGL,2022-03-08,125.1404,130.0964,124.5699,125.9873,40428000
MSFT,2022-03-08,268.1562,274.1023,260.6269,266.2739,48159500
GOOGL,2022-03-09,130.0964,132.56,128.7587,132.2473,37026000
MSFT,2022-03-09,273.6004,279.5465,271.0327,278.4847,35204500
AAPL,2022-03-09,157.9337,159.8214,155.9092,159.3715,91454900
AMZN,2022-03-09,139.5,140.25,136.828,139.279,82656000
AAPL,2022-03-10,156.6818,156.8677,152.5546,155.0387,105342000
AMZN,2022-03-10,145.685,148.6745,143.978,146.8175,135062000
GOOGL,2022-03-10,130.1123,132.1007,129.7619,131.2655,27102000
MSFT,2022-03-10,273.1949,276.6507,270.8396,275.6757,30628000
GOOGL,2022-03-11,132.3152,132.6196,128.4922,128.729,31526000
MSFT,2022-03-11,277.9635,279.4596,269.7295,270.3474,27209300
AAPL,2022-03-11,155.4397,155.7821,151.107,151.332,96970100
AMZN,2022-03-11,149.5745,149.675,145.369,145.5245,68900000
AAPL,2022-03-14,148.124,150.7354,146.8037,147.3123,108732100
AMZN,2022-03-14,145.981,147.45,140.884,141.853,74086000
GOOGL,2022-03-14,129.1052,129.2628,124.1739,124.844,38812000
MSFT,2022-03-14,270.6079,275.4923,266.2449,266.8433,30660700
GOOGL,2022-03-15,125.86,128.7132,124.6155,128.0624,30920000
MSFT,2022-03-15,270.6177,277.8282,269.0538,277.1816,34245100
AAPL,2022-03-15,147.5861,152.1536,147.0776,151.6841,92964300
AMZN,2022-03-15,142.85,147.985,142.0,147.3665,75584000
AAPL,2022-03-16,153.6011,156.4862,151.0679,156.0853,102300200
AMZN,2022-03-16,148.5,153.15,147.3535,153.104,84958000
GOOGL,2022-03-16,129.5839,132.1611,127.603,132.1091,35576000
MSFT,2022-03-16,279.0735,284.344,273.3687,284.1702,37826300
GOOGL,2022-03-17,131.9787,132.9021,131.0232,132.6627,28264000
MSFT,2022-03-17,283.1084,285.3479,279.3245,284.9714,30816600
AAPL,2022-03-17,155.1268,157.4643,154.1683,157.0926,75615400
AMZN,2022-03-17,152.6405,157.4985,152.14,157.239,72934000
AAPL,2022-03-18,156.985,160.8679,156.2516,160.3788,123511700
AMZN,2022-03-18,156.813,161.594,156.011,161.2505,102962000
GOOGL,2022-03-18,132.2518,135.0465,131.096,134.9291,44566000
MSFT,2022-03-18,285.1162,290.5507,282.5678,290.0005,43390600
GOOGL,2022-03-21,134.9667,135.8454,132.9139,134.9053,26832000
MSFT,2022-03-21,288.514,289.7206,284.6625,288.7746,28351200
AAPL,2022-03-21,159.9192,162.6968,159.4301,161.7481,95811400
AMZN,2022-03-21,161.121,163.084,159.553,161.4915,66538000
AAPL,2022-03-22,161.8753,165.6994,161.2884,165.1126,81532000
AMZN,2022-03-22,161.8055,166.167,161.699,164.889,64086000
GOOGL,2022-03-22,134.9053,139.8103,134.9053,138.6387,35496000
MSFT,2022-03-22,289.3924,294.4119,288.3982,293.5045,27599700
GOOGL,2022-03-23,137.4834,138.3616,136.6235,137.0602,25154000
MSFT,2022-03-23,290.0778,292.7034,287.3846,289.0932,25715400
AAPL,2022-03-23,164.3008,168.8486,163.9682,166.4721,98062700
AMZN,2022-03-23,163.705,166.37,162.687,163.408,55812000
AAPL,2022-03-24,167.3034,170.3158,166.4721,170.2473,90131400
AMZN,2022-03-24,163.7495,164.1185,160.05,163.6495,56798000
GOOGL,2022-03-24,137.9765,140.3743,136.5398,140.3277,26396000
MSFT,2022-03-24,288.7553,293.6397,287.9638,293.5432,24484500
GOOGL,2022-03-25,140.6687,140.7866,138.5093,140.4278,24126000
MSFT,2022-03-25,294.6339,294.8945,288.9001,293.1377,22566500
AAPL,2022-03-25,170.0615,171.4307,168.9563,170.883,80546200
AMZN,2022-03-25,164.0,165.3685,162.25,164.7735,49032000
AAPL,2022-03-28,168.389,171.8708,168.2228,171.7437,90371900
AMZN,2022-03-28,164.975,169.0375,164.9,168.9905,59854000
GOOGL,2022-03-28,139.6621,140.7544,138.5827,140.2122,35050000
MSFT,2022-03-28,293.7651,300.0106,293.7652,299.914,29578200
GOOGL,2022-03-29,141.3937,142.5296,140.7901,141.253,34318000
MSFT,2022-03-29,303.0126,304.8563,298.3213,304.4605,30393400
AAPL,2022-03-29,172.8098,175.0788,172.4674,175.0299,100589400
AMZN,2022-03-29,170.384,170.8315,167.8685,169.315,66154000
AAPL,2022-03-30,174.6289,175.6656,172.8195,173.866,92633200
AMZN,2022-03-30,168.5095,168.9505,165.5,166.301,56168000
GOOGL,2022-03-30,141.2079,141.4661,140.3554,140.691,19884000
MSFT,2022-03-30,302.8679,304.9818,300.7635,302.9644,28163600
GOOGL,2022-03-31,140.8044,140.859,137.8026,137.8452,37524000
MSFT,2022-03-31,303.003,304.1999,297.2016,297.6071,33422100
AAPL,2022-03-31,173.9345,174.1203,170.57,170.7754,103049300
AMZN,2022-03-31,166.445,166.495,162.9535,162.9975,59966000
AAPL,2022-04-01,170.2082,171.0395,168.1641,170.482,78751300
AMZN,2022-04-01,164.1495,165.827,162.3195,163.56,57090000
GOOGL,2022-04-01,138.2739,139.2363,137.0919,138.9187,25942000
MSFT,2022-04-01,298.6302,299.3638,294.9332,298.6785,27110500
GOOGL,2022-04-04,139.1248,142.4489,139.0773,141.7149,25942000
MSFT,2022-04-04,299.3251,304.171,298.9584,304.0357,24289600
AAPL,2022-04-04,170.7363,174.5702,170.6092,174.5213,76468400
AMZN,2022-04-04,164.125,168.3945,163.2055,168.3465,49882000
AAPL,2022-04-05,173.6019,174.3844,170.5896,171.2155,73401800
AMZN,2022-04-05,167.7415,168.1105,163.266,164.055,53728000
GOOGL,2022-04-05,141.6133,141.7337,139.1487,139.3553,21418000
MSFT,2022-04-05,302.3948,303.9393,299.1129,300.0878,23156700
GOOGL,2022-04-06,137.5305,138.1356,134.3259,135.3478,32468000
MSFT,2022-04-06,294.5953,296.3425,286.4097,289.1028,40110400
AAPL,2022-04-06,168.5748,169.8169,166.3938,168.0565,89058800
AMZN,2022-04-06,161.6505,162.2,157.2545,158.756,79056000
AAPL,2022-04-07,167.4012,169.5529,166.1199,168.3597,77594700
AMZN,2022-04-07,158.4,160.079,154.5115,157.7845,68136000
GOOGL,2022-04-07,134.8146,135.9589,133.0477,134.6942,26234000
MSFT,2022-04-07,286.3614,293.1087,286.0622,290.9079,31411200
GOOGL,2022-04-08,134.3918,134.4776,131.7968,132.116,25142000
MSFT,2022-04-08,290.0103,290.6665,285.9946,286.6607,24361900
AAPL,2022-04-08,168.0075,168.0075,165.4842,166.3547,76575500
AMZN,2022-04-08,156.75,157.3685,154.231,154.4605,46002000
AAPL,2022-04-11,165.005,165.318,161.8655,162.11,72246700
AMZN,2022-04-11,152.713,154.1365,150.5345,151.122,52112000
GOOGL,2022-04-11,130.6649,130.9315,127.5376,127.6913,36884000
MSFT,2022-04-11,281.6605,282.4521,275.1063,275.3572,34569300
GOOGL,2022-04-12,130.4433,130.4433,125.6746,126.592,32710000
MSFT,2022-04-12,279.199,280.6469,270.7527,272.2683,30966700
AAPL,2022-04-12,164.3302,166.1395,162.9805,163.9781,79265200
AMZN,2022-04-12,153.6925,155.099,150.383,150.7875,55178000
AAPL,2022-04-13,163.714,167.2838,163.1076,166.6579,70618900
AMZN,2022-04-13,150.0185,156.025,149.6,155.541,53390000
GOOGL,2022-04-13,126.875,129.1885,126.6182,128.7523,27928000
MSFT,2022-04-13,272.915,278.5619,271.5346,277.6353,21907200
GOOGL,2022-04-14,129.3327,129.3327,125.4883,125.6161,31598000
MSFT,2022-04-14,278.0889,278.3013,269.6234,270.1157,28221600
AAPL,2022-04-14,166.873,167.5088,161.4156,161.6601,75329400
AMZN,2022-04-14,155.39,155.897,151.472,151.7065,51598000
AAPL,2022-04-18,160.3202,162.9413,159.9779,161.4449,69023900
AMZN,2022-04-18,151.5235,154.0395,150.2505,152.785,46514000
GOOGL,2022-04-18,125.8838,127.0856,125.073,126.5543,20808000
MSFT,2022-04-18,269.2276,272.6543,268.6773,270.7817,20778000
GOOGL,2022-04-19,126.5692,129.1875,125.8833,128.8663,26490000
MSFT,2022-04-19,269.6813,276.2356,268.745,275.3958,22297700
AAPL,2022-04-19,161.396,164.1345,160.3104,163.7238,67723800
AMZN,2022-04-19,152.0295,158.649,151.5505,158.1155,54926000
AAPL,2022-04-20,165.0539,165.1713,162.4523,163.5575,67929800
AMZN,2022-04-20,157.6025,157.6025,153.6035,153.998,59630000
GOOGL,2022-04-20,129.7415,130.2441,126.3794,126.9146,31696000
MSFT,2022-04-20,279.3534,279.6431,275.4634,276.4189,22906700
GOOGL,2022-04-21,128.114,128.955,123.432,123.7175,36446000
MSFT,2022-04-21,278.5619,283.118,270.3377,271.0616,29454600
AAPL,2022-04-21,165.2006,167.7631,162.2665,162.7653,87227800
AMZN,2022-04-21,154.714,156.738,147.5895,148.296,63970000
AAPL,2022-04-22,162.8044,164.1834,157.9533,158.2369,84882400
AMZN,2022-04-22,148.25,149.615,143.6975,144.35,73078000
GOOGL,2022-04-22,123.9013,124.2998,117.8797,118.584,56884000
MSFT,2022-04-22,271.9015,273.3687,263.8896,264.5171,29405800
GOOGL,2022-04-25,118.0542,122.194,117.4694,121.9923,46128000
MSFT,2022-04-25,263.8027,271.3512,261.3702,270.9747,35678900
AAPL,2022-04-25,157.5817,159.5866,154.9801,159.303,96046400
AMZN,2022-04-25,144.023,146.2215,142.3065,146.074,61874000
AAPL,2022-04-26,158.6868,158.7749,153.2783,153.3565,95623200
AMZN,2022-04-26,144.8,144.856,138.9295,139.391,77530000
GOOGL,2022-04-26,121.2196,121.4332,117.4694,117.6071,73054000
MSFT,2022-04-26,267.8666,268.6967,260.6269,260.8393,46518400
GOOGL,2022-04-27,113.4634,116.2115,111.7456,113.2899,91820000
MSFT,2022-04-27,272.3069,280.8689,269.4689,273.388,63477700
AAPL,2022-04-27,152.4861,156.2809,151.9677,153.1316,88063200
AMZN,2022-04-27,140.1915,141.9485,135.7835,138.167,71336000
AAPL,2022-04-28,155.7527,160.907,155.4398,160.0463,130216800
AMZN,2022-04-28,142.178,145.9375,140.3,144.5965,117316000
GOOGL,2022-04-28,115.3918,118.5979,113.112,117.4808,48884000
MSFT,2022-04-28,275.2896,280.8786,271.6891,279.5755,33646600
GOOGL,2022-04-29,115.7085,116.8836,112.8141,113.1066,42676000
MSFT,2022-04-29,278.5909,279.8168,266.9013,267.8859,37073900
AAPL,2022-04-29,158.2859,162.5501,153.7967,154.1879,131747600
AMZN,2022-04-29,129.849,130.761,121.625,124.2815,272662000
AAPL,2022-05-02,153.2685,154.7551,149.9041,154.4911,123055300
AMZN,2022-05-02,122.401,124.668,118.375,124.5,148788000
GOOGL,2022-05-02,112.4083,115.7194,111.6103,115.5583,35534000
MSFT,2022-05-02,268.0693,275.0483,266.631,274.5946,35151100
GOOGL,2022-05-03,115.4071,117.401,115.0146,116.3027,24968000
MSFT,2022-05-03,274.1023,274.2665,270.4246,271.998,25978600
AAPL,2022-05-03,154.6769,157.1806,152.8871,155.9777,88966500
AMZN,2022-05-03,124.0535,126.2205,122.825,124.2535,79134000
AAPL,2022-05-04,156.1635,162.824,155.7625,162.3741,108256500
AMZN,2022-05-04,123.6,126.0,119.183,125.9285,110746000
GOOGL,2022-05-04,116.0029,121.7747,114.1042,121.1864,49916000
MSFT,2022-05-04,272.7798,280.7821,267.1233,279.9133,33599300
GOOGL,2022-05-05,119.1475,119.9752,113.9947,115.4815,45840000
MSFT,2022-05-05,275.6275,276.4094,264.8163,267.7218,43260400
AAPL,2022-05-05,160.2517,160.4767,151.5472,153.3272,130525300
AMZN,2022-05-05,123.0,123.499,115.0725,116.407,144392000
AAPL,2022-05-06,152.808,156.1677,151.0156,154.052,116124600
AMZN,2022-05-06,114.85,119.0505,113.0815,114.7725,124260000
GOOGL,2022-05-06,114.1721,116.5381,113.0134,114.7292,39710000
MSFT,2022-05-06,265.27,269.5558,261.8528,265.1927,37780300
GOOGL,2022-05-09,112.2546,114.0655,111.0161,111.5221,40802000
MSFT,2022-05-09,260.6848,262.905,254.1788,255.395,47726000
AAPL,2022-05-09,151.7502,152.6318,148.3808,148.9391,131577900
AMZN,2022-05-09,111.3125,114.0,107.957,108.789,128124000
AAPL,2022-05-10,152.3281,153.5231,149.7913,151.3388,115366700
AMZN,2022-05-10,111.25,112.6425,107.171,108.859,105434000
GOOGL,2022-05-10,114.4923,115.2282,111.9082,113.3895,39900000
MSFT,2022-05-10,262.2583,264.2467,255.868,260.1443,39336400
GOOGL,2022-05-11,112.2412,115.3417,112.2412,112.604,37534000
MSFT,2022-05-11,256.4568,261.9397,250.2984,251.5049,48975900
AAPL,2022-05-11,150.3496,152.2596,142.8174,143.4933,142689800
AMZN,2022-05-11,108.1035,110.156,104.4285,105.372,109704000
AAPL,2022-05-12,139.8398,143.1994,135.9513,139.6341,182602000
AMZN,2022-05-12,102.75,110.7805,102.4055,106.9305,132026000
GOOGL,2022-05-12,110.3986,113.2904,108.8592,111.8522,53836000
MSFT,2022-05-12,248.7443,250.8582,241.3405,246.4855,51033800
GOOGL,2022-05-13,113.5263,116.839,112.6065,115.0305,35038000
MSFT,2022-05-13,248.4161,253.9086,246.4855,252.0552,34925100
AAPL,2022-05-13,141.6224,145.0604,140.1728,144.0907,113990900
AMZN,2022-05-13,109.069,113.184,107.8,113.055,93684000
AAPL,2022-05-16,142.5627,144.4923,141.2209,142.5529,86643800
AMZN,2022-05-16,113.1,113.9925,110.354,110.8105,74566000
GOOGL,2022-05-16,113.9451,115.1489,112.8885,113.4391,25990000
MSFT,2022-05-16,250.9354,256.5921,246.9006,252.422,32550900
GOOGL,2022-05-17,115.8136,115.8725,113.8604,115.4493,23054000
MSFT,2022-05-17,256.8719,259.0149,253.3487,257.5573,28828800
AAPL,2022-05-17,145.8048,146.6961,143.6695,146.177,78336300
AMZN,2022-05-17,113.275,115.8,111.2765,115.3685,76448000
AAPL,2022-05-18,143.8361,144.3356,137.0287,137.9299,109742900
AMZN,2022-05-18,111.4395,112.853,106.249,107.1125,108380000
GOOGL,2022-05-18,113.9892,114.3857,110.575,110.916,35126000
MSFT,2022-05-18,254.4613,255.0417,244.5634,245.8309,31356000
GOOGL,2022-05-19,110.4521,112.0167,109.0332,109.4138,34144000
MSFT,2022-05-19,245.6566,249.3043,243.7023,244.9213,32692300
AAPL,2022-05-19,137.0091,138.7526,133.7964,134.5311,136095600
AMZN,2022-05-19,106.2805,110.034,106.193,107.319,88142000
AAPL,2022-05-20,136.2353,137.8123,129.8883,134.7661,137426100
AMZN,2022-05-20,109.5685,109.898,105.0095,107.591,99500000
GOOGL,2022-05-20,110.967,111.1975,104.8666,107.9508,48962000
MSFT,2022-05-20,248.8882,250.146,238.4389,244.3602,39199300
GOOGL,2022-05-23,108.6243,111.1618,107.7852,110.5081,37184000
MSFT,2022-05-23,247.195,253.0099,245.2019,252.1875,33175400
AAPL,2022-05-23,134.962,140.3198,134.8249,140.1728,117726300
AMZN,2022-05-23,108.461,108.819,103.95,107.557,107798000
AAPL,2022-05-24,137.92,139.0562,134.5114,137.4792,104132700
AMZN,2022-05-24,104.025,105.4,101.26,104.1,102934000
GOOGL,2022-05-24,104.8423,105.5228,100.989,105.0386,76780000
MSFT,2022-05-24,249.5172,252.8454,245.2697,251.191,29043900
GOOGL,2022-05-25,104.0627,105.5639,102.9437,104.875,40258000
MSFT,2022-05-25,249.759,255.9899,248.7818,253.9968,28547900
AAPL,2022-05-25,135.5889,138.8799,135.5007,137.636,92482700
AMZN,2022-05-25,103.6555,108.175,103.65,106.775,93120000
AAPL,2022-05-26,134.5702,141.3776,134.3254,140.8291,90601500
AMZN,2022-05-26,107.97,112.6655,107.4535,111.0775,93002000
GOOGL,2022-05-26,104.7482,107.6946,104.3002,106.8451,37948000
MSFT,2022-05-26,253.755,258.4377,252.9422,257.2671,25002100
GOOGL,2022-05-27,108.5207,111.3308,108.1793,111.3293,37914000
MSFT,2022-05-27,259.7632,264.4655,258.8732,264.3687,26910800
AAPL,2022-05-27,142.406,146.608,142.2787,146.5688,90978500
AMZN,2022-05-27,113.55,115.187,112.628,115.1465,93660000
AAPL,2022-05-31,146.0105,147.5679,143.8263,145.7852,103718400
AMZN,2022-05-31,116.28,121.9945,115.675,120.2095,144634000
GOOGL,2022-05-31,111.7555,114.7178,111.0934,112.7621,50012000
MSFT,2022-05-31,263.6818,265.8491,260.1987,263.0432,37827700
GOOGL,2022-06-01,113.8455,116.0723,112.2546,112.891,36606000
MSFT,2022-06-01,266.2652,268.6743,261.2727,263.5754,25292200
AAPL,2022-06-01,146.8235,148.6257,144.649,145.6579,74286600
AMZN,2022-06-01,122.256,125.179,120.6225,121.684,127528000
AAPL,2022-06-02,144.796,148.1654,143.8459,148.1066,72348100
AMZN,2022-06-02,121.684,125.61,120.045,125.511,100560000
GOOGL,2022-06-02,112.998,116.8632,111.9538,116.5887,37992000
MSFT,2022-06-02,255.8641,265.733,253.1067,265.6652,44008200
GOOGL,2022-06-03,115.0424,115.2991,112.5208,113.5343,26136000
MSFT,2022-06-03,261.5338,264.572,259.6956,261.2532,28059000
AAPL,2022-06-03,143.885,144.933,141.4951,142.3962,88570300
AMZN,2022-06-03,124.2,124.4,121.0465,122.35,97604000
AAPL,2022-06-06,144.0124,145.5208,141.9261,143.1406,71598400
AMZN,2022-06-06,125.25,128.99,123.81,124.79,135269000
GOOGL,2022-06-06,115.6788,118.298,115.143,115.7937,33542000
MSFT,2022-06-06,263.227,265.2783,258.5442,260.0245,22400300
GOOGL,2022-06-07,114.4655,116.6566,114.0408,116.1198,31590000
MSFT,2022-06-07,257.9831,264.2624,257.3058,263.6528,22860700
AAPL,2022-06-07,141.3874,145.942,141.1425,145.6579,67808200
AMZN,2022-06-07,122.01,124.1,120.63,123.0,85156700
AAPL,2022-06-08,145.5306,146.7941,144.4336,144.9233,53950200
AMZN,2022-06-08,122.61,123.75,120.75,121.18,64926600
GOOGL,2022-06-08,115.7352,117.5284,115.5752,116.1639,26108000
MSFT,2022-06-08,262.8885,264.1365,260.8566,261.6307,17372300
GOOGL,2022-06-09,115.3051,117.2592,113.7672,113.8262,25798000
MSFT,2022-06-09,259.086,263.856,256.0383,256.1931,26439700
AAPL,2022-06-09,144.0614,144.9135,139.6048,139.7125,69473000
AMZN,2022-06-09,119.99,121.3,116.1,116.15,67029800
AAPL,2022-06-10,137.4009,137.8711,134.247,134.3156,91437900
AMZN,2022-06-10,113.42,114.5,109.05,109.65,87266000
GOOGL,2022-06-10,111.4567,112.2834,109.396,110.1845,41452000
MSFT,2022-06-10,252.1198,252.1198,244.3312,244.7762,31422800
GOOGL,2022-06-13,105.8479,107.8353,105.1863,105.4574,47252000
MSFT,2022-06-13,237.152,240.9352,233.6883,234.3945,46135800
AAPL,2022-06-13,130.143,132.4252,128.7424,129.1733,122207100
AMZN,2022-06-13,104.19,106.54,101.86,103.67,99277700
AAPL,2022-06-14,130.3977,131.1421,128.7815,130.0352,84784300
AMZN,2022-06-14,104.19,104.88,101.43,102.31,69728800
GOOGL,2022-06-14,105.5986,106.9759,104.8701,105.7775,33706000
MSFT,2022-06-14,235.9426,237.7616,233.6689,236.5522,28651500
GOOGL,2022-06-15,107.591,110.4442,106.7232,108.7997,39698000
MSFT,2022-06-15,240.2481,247.0112,238.4195,243.5861,33111700
AAPL,2022-06-15,131.5338,134.5213,129.4476,132.6505,91533000
AMZN,2022-06-15,103.86,109.06,103.53,107.67,85011100
AAPL,2022-06-16,129.3692,129.6728,126.3916,127.3907,108123900
AMZN,2022-06-16,104.47,104.58,102.01,103.66,82186300
GOOGL,2022-06-16,106.2786,107.6936,104.2139,105.1015,51684000
MSFT,2022-06-16,237.9938,239.387,235.1299,237.0166,33169200
GOOGL,2022-06-17,105.1015,107.7441,104.1227,106.2018,51376000
MSFT,2022-06-17,236.7553,242.3671,236.1071,239.6096,43084800
AAPL,2022-06-17,127.4005,130.3487,127.1458,128.8599,134520300
AMZN,2022-06-17,102.8,106.98,102.51,106.22,99772100
AAPL,2022-06-21,130.6817,134.247,130.5838,133.0814,81000500
AMZN,2022-06-21,108.2,111.63,103.56,108.68,70901200
GOOGL,2022-06-21,107.9721,111.5008,107.6455,110.5636,47416000
MSFT,2022-06-21,242.1348,246.4791,241.4092,245.5019,29928300
GOOGL,2022-06-22,109.5848,112.3503,109.4123,110.5076,30774000
MSFT,2022-06-22,243.7119,248.8205,242.2413,244.9117,25939900
AAPL,2022-06-22,132.0236,134.9326,131.1616,132.5721,73409200
AMZN,2022-06-22,107.43,112.13,107.02,108.95,60040100
AAPL,2022-06-23,134.0119,135.7456,132.8464,135.4322,72433800
AMZN,2022-06-23,110.39,113.0,107.93,112.44,64345300
GOOGL,2022-06-23,111.2451,111.7516,109.5293,111.2555,28362000
MSFT,2022-06-23,247.2724,250.949,245.3954,250.4556,25861400
GOOGL,2022-06-24,112.0019,117.0412,111.9597,116.9381,41164000
MSFT,2022-06-24,253.3098,259.2795,253.2228,259.0086,33923200
AAPL,2022-06-24,137.0287,138.9975,136.9014,138.7526,89116800
AMZN,2022-06-24,112.38,116.71,111.43,116.46,69867600
AAPL,2022-06-27,139.7712,140.5451,138.0768,138.7526,70207900
AMZN,2022-06-27,117.09,117.98,112.7,113.22,62133200
GOOGL,2022-06-27,117.2335,117.5373,114.1672,114.8154,36420000
MSFT,2022-06-27,259.5021,259.5892,254.7322,256.2899,24615100
GOOGL,2022-06-28,114.7847,116.2784,110.8649,111.023,35792000
MSFT,2022-06-28,255.4094,258.2442,247.9981,248.1529,27295500
AAPL,2022-06-28,139.2129,140.4765,134.5017,134.6192,67083400
AMZN,2022-06-28,113.5,114.85,107.04,107.4,74942900
AAPL,2022-06-29,134.6388,137.7829,133.865,136.3724,66242400
AMZN,2022-06-29,107.38,110.99,106.91,108.92,66375300
GOOGL,2022-06-29,110.5715,112.1659,109.898,110.7197,24716000
MSFT,2022-06-29,249.2269,253.4646,247.4563,251.8102,20069800
GOOGL,2022-06-30,109.0332,109.9134,105.8117,108.0053,43170000
MSFT,2022-06-30,248.7044,251.1039,244.6891,248.4915,31730900
AAPL,2022-06-30,134.4331,135.5301,131.0245,133.914,98964500
AMZN,2022-06-30,108.11,108.18,102.52,106.21,97679400
AAPL,2022-07-01,133.2479,136.1864,132.8757,136.0786,71051600
AMZN,2022-07-01,106.29,109.75,105.85,109.56,73021200
GOOGL,2022-07-01,106.9844,108.2898,105.7924,107.7818,35476000
MSFT,2022-07-01,248.0658,251.3361,246.3437,251.1522,22837700
GOOGL,2022-07-05,106.1592,112.3805,104.8022,112.2675,39342000
MSFT,2022-07-05,247.8434,254.4419,246.4694,254.3162,22941000
AAPL,2022-07-05,134.9424,138.7036,134.1197,138.6546,73353800
AMZN,2022-07-05,107.6,114.08,106.32,113.5,76583700
AAPL,2022-07-06,138.449,141.1621,138.1845,139.9867,74064300
AMZN,2022-07-06,113.21,115.48,112.01,114.33,66958900
GOOGL,2022-07-06,112.3062,114.5735,110.4962,113.565,37432000
MSFT,2022-07-06,255.1869,259.2892,253.8807,257.567,23824400
GOOGL,2022-07-07,114.0685,118.1419,113.8242,117.739,40936000
MSFT,2022-07-07,256.5124,260.3244,256.4156,259.6859,20859900
AAPL,2022-07-07,140.3491,143.5422,140.3393,143.3463,66253700
AMZN,2022-07-07,113.85,116.99,113.49,116.33,57872300
AAPL,2022-07-08,142.2787,144.5217,142.024,144.0222,64547800
AMZN,2022-07-08,114.6,116.58,113.69,115.54,45719700
GOOGL,2022-07-08,116.2194,118.633,115.874,118.3045,38238000
MSFT,2022-07-08,256.1931,259.3956,254.7418,258.9699,19658800
GOOGL,2022-07-11,116.9609,116.9609,114.3168,114.6598,31196000
MSFT,2022-07-11,257.0252,257.8766,253.6679,255.9222,19455200
AAPL,2022-07-11,142.6803,143.6304,140.8291,141.8967,63141600
AMZN,2022-07-11,114.08,114.3,110.87,111.75,53487600
AAPL,2022-07-12,142.7684,145.4032,142.073,142.8664,77588800
AMZN,2022-07-12,112.16,113.23,108.34,109.22,54280300
GOOGL,2022-07-12,115.1936,115.9459,112.6908,113.0183,29960000
MSFT,2022-07-12,257.2477,257.3057,243.857,245.4341,35868500
GOOGL,2022-07-13,110.7192,113.1923,110.2241,110.3748,43722000
MSFT,2022-07-13,242.0672,245.318,240.0547,244.515,29497400
AAPL,2022-07-13,140.0553,143.4443,139.2031,142.504,71185600
AMZN,2022-07-13,107.03,111.78,106.01,110.4,61353800
AAPL,2022-07-14,141.1229,145.893,140.3099,145.4228,78140700
AMZN,2022-07-14,110.24,111.18,107.58,110.63,51163100
GOOGL,2022-07-14,109.2418,110.1166,107.4205,109.3974,37004000
MSFT,2022-07-14,242.4348,246.8564,237.9551,245.8309,25102800
GOOGL,2022-07-15,111.0161,112.1461,109.9253,110.795,46770000
MSFT,2022-07-15,247.4176,251.9166,246.4985,248.3851,29774100
AAPL,2022-07-15,146.7059,147.7638,145.1584,147.0879,76259900
AMZN,2022-07-15,112.5,115.59,111.59,113.55,84317800
AAPL,2022-07-18,147.6463,148.4592,143.6891,144.0516,81420900
AMZN,2022-07-18,115.0,117.24,113.15,113.76,59115400
GOOGL,2022-07-18,111.65,112.6808,107.4175,108.0717,43164600
MSFT,2022-07-18,251.3167,252.3714,245.0762,245.9953,20975000
GOOGL,2022-07-19,109.8757,113.0178,108.597,112.8097,36530900
MSFT,2022-07-19,249.2172,251.2877,245.4438,251.1039,25012600
AAPL,2022-07-19,144.8841,148.1262,143.8949,147.9009,82982400
AMZN,2022-07-19,115.7,118.95,114.03,118.21,60990000
AAPL,2022-07-20,148.0184,150.5651,147.2838,149.899,64823400
AMZN,2022-07-20,118.62,123.48,118.32,122.77,71268300
GOOGL,2022-07-20,112.1753,114.3857,111.4914,112.8989,35600400
MSFT,2022-07-20,251.4619,256.2705,250.504,253.7549,22788300
GOOGL,2022-07-21,113.2756,113.5432,110.1334,113.335,32676200
MSFT,2022-07-21,251.3555,256.2899,248.6851,256.2415,22404700
AAPL,2022-07-21,151.329,152.3771,148.8216,152.1616,65086600
AMZN,2022-07-21,123.2,124.85,121.26,124.63,60239900
AAPL,2022-07-22,152.2008,153.0725,150.2614,150.9275,66675400
AMZN,2022-07-22,125.01,125.5,121.35,122.42,51463800
GOOGL,2022-07-22,110.0244,111.3526,105.5639,106.9516,48901200
MSFT,2022-07-22,256.6285,256.7156,250.6588,251.9069,21881300
GOOGL,2022-07-25,107.4572,108.9043,105.3657,106.5651,34690900
MSFT,2022-07-25,252.5261,253.0099,248.4721,250.4266,21056000
AAPL,2022-07-25,150.8491,151.858,149.1546,149.8108,53623900
AMZN,2022-07-25,122.7,123.64,120.03,121.14,50221300
AAPL,2022-07-26,149.135,149.948,147.705,148.4886,55138700
AMZN,2022-07-26,115.79,118.15,114.53,114.81,67075100
GOOGL,2022-07-26,105.6631,106.2578,103.1553,104.097,47991000
MSFT,2022-07-26,251.4232,251.4425,241.4672,243.7216,39348000
GOOGL,2022-07-27,108.2997,112.9088,107.0607,112.0663,59858500
MSFT,2022-07-27,252.681,261.2823,250.4459,260.0149,45994000
AAPL,2022-07-27,149.4484,154.101,149.0371,153.572,78620700
AMZN,2022-07-27,117.31,121.9,117.16,120.97,61582000
AAPL,2022-07-28,153.7582,154.4046,151.2409,154.1206,81378700
AMZN,2022-07-28,121.57,122.84,118.08,122.28,82245500
GOOGL,2022-07-28,111.3823,113.335,110.4804,113.2161,32816600
MSFT,2022-07-28,260.992,268.8194,259.1731,267.4358,33459300
GOOGL,2022-07-29,112.0861,115.6842,112.0663,115.2976,37223400
MSFT,2022-07-29,268.684,272.8444,267.6487,271.6252,32152800
AAPL,2022-07-29,157.9308,160.2717,156.2264,159.1747,101786900
AMZN,2022-07-29,134.9,137.65,132.41,134.95,148892900
AAPL,2022-08-01,157.7055,160.2325,157.5879,158.1952,67829400
AMZN,2022-08-01,134.96,138.83,133.51,135.39,76846900
GOOGL,2022-08-01,114.2866,115.6941,113.335,113.8505,26034300
MSFT,2022-08-01,268.8001,272.1477,266.8843,268.9839,21539600
GOOGL,2022-08-02,112.998,115.3274,112.7205,114.1181,20236000
MSFT,2022-08-02,267.0392,268.8678,263.5367,265.8975,22754200
AAPL,2022-08-02,156.8141,159.0767,156.3538,156.726,59907000
AMZN,2022-08-02,134.72,137.44,134.09,134.16,61922400
AAPL,2022-08-03,157.539,163.171,157.4508,162.7204,82507500
AMZN,2022-08-03,136.21,140.49,136.05,139.52,71827800
GOOGL,2022-08-03,114.693,117.5774,114.465,117.0422,28499000
MSFT,2022-08-03,267.7745,274.2957,267.6293,273.2991,23518900
GOOGL,2022-08-04,116.4474,117.736,115.8626,117.1512,21602900
MSFT,2022-08-04,272.6509,274.5859,271.0738,274.4409,18098700
AAPL,2022-08-04,162.6029,163.7586,161.0552,162.407,55474100
AMZN,2022-08-04,140.58,143.56,139.55,142.57,70585000
AAPL,2022-08-05,160.0823,162.6718,159.8764,162.1813,56697000
AMZN,2022-08-05,140.1,142.86,139.6,140.8,50686900
GOOGL,2022-08-05,115.2084,117.0719,114.9804,116.4375,19159500
MSFT,2022-08-05,270.0869,274.4407,269.6321,273.7248,16774600
GOOGL,2022-08-08,117.3494,119.094,115.8527,116.269,19138300
MSFT,2022-08-08,274.8278,276.6371,270.2514,271.2189,18739200
AAPL,2022-08-08,163.1818,164.5942,161.0534,161.7105,60276900
AMZN,2022-08-08,142.05,144.23,138.29,139.41,52229000
AAPL,2022-08-09,160.8768,162.6424,160.1216,161.7596,63135500
AMZN,2022-08-09,138.05,138.95,136.21,137.83,40434700
GOOGL,2022-08-09,116.1104,116.2888,114.693,115.6049,19086500
MSFT,2022-08-09,270.561,273.8893,268.5968,273.1346,23405200
GOOGL,2022-08-10,117.736,119.8572,117.3693,118.6479,30930400
MSFT,2022-08-10,278.814,280.4007,277.6239,279.7719,24687800
AAPL,2022-08-10,164.4667,166.0949,163.7016,165.9968,70170500
AMZN,2022-08-10,142.9,144.6,141.01,142.69,54773800
AAPL,2022-08-11,166.8011,167.7133,164.9669,165.2612,57149200
AMZN,2022-08-11,143.86,144.49,139.76,140.64,44867300
GOOGL,2022-08-11,120.214,120.4222,117.5179,117.7955,24293700
MSFT,2022-08-11,281.4071,281.7553,277.2079,277.7014,20065900
GOOGL,2022-08-12,119.203,120.6105,118.41,120.6105,19096300
MSFT,2022-08-12,279.114,282.4326,277.6239,282.4326,22619700
AAPL,2022-08-12,166.5657,168.8707,166.1537,168.802,68039400
AMZN,2022-08-12,142.05,143.57,140.12,143.55,47643500
AAPL,2022-08-15,168.2331,170.0673,168.0664,169.8711,54091700
AMZN,2022-08-15,142.8,143.76,141.49,143.18,39014600
GOOGL,2022-08-15,120.0654,121.2251,119.5499,121.007,19494800
MSFT,2022-08-15,281.5521,284.6289,280.6911,283.942,18085700
GOOGL,2022-08-16,120.4519,121.3539,119.5797,120.6304,19041200
MSFT,2022-08-16,282.51,284.4935,280.991,283.2066,18102900
AAPL,2022-08-16,169.469,170.3812,168.3704,169.7142,56377100
AMZN,2022-08-16,143.91,146.57,142.0,144.78,59102900
AAPL,2022-08-17,169.4592,172.7744,169.263,171.205,79542000
AMZN,2022-08-17,142.69,143.38,140.78,142.1,48149800
GOOGL,2022-08-17,119.0642,120.224,118.3307,118.4993,22847000
MSFT,2022-08-17,280.9281,284.4283,280.6663,282.4601,18253400
GOOGL,2022-08-18,118.3803,119.7581,117.6765,119.1138,17987700
MSFT,2022-08-18,281.3644,283.0321,280.2881,281.345,17186200
AAPL,2022-08-18,170.4204,171.5483,169.8025,170.8127,62290100
AMZN,2022-08-18,141.32,142.77,140.38,142.3,37458700
AAPL,2022-08-19,169.7142,170.4106,168.0271,168.2331,70346300
AMZN,2022-08-19,140.47,141.11,137.91,138.23,47792800
GOOGL,2022-08-19,118.0136,118.1028,115.7338,116.1798,21809500
MSFT,2022-08-19,280.1137,280.453,276.8752,277.4474,20570000
GOOGL,2022-08-22,114.1875,114.6137,112.8494,113.2359,21456600
MSFT,2022-08-22,273.501,273.8695,268.7889,269.3027,25061100
AAPL,2022-08-22,166.4382,166.6049,163.937,164.3588,69026800
AMZN,2022-08-22,135.72,136.32,132.85,133.22,50461500
AAPL,2022-08-23,163.8782,165.477,163.4564,164.0253,54147100
AMZN,2022-08-23,133.41,134.99,132.95,133.62,36252100
GOOGL,2022-08-23,112.4826,113.9992,112.433,112.8593,15870400
MSFT,2022-08-23,268.0326,270.3789,267.0242,268.0326,17527400
GOOGL,2022-08-24,112.5024,113.7712,111.878,112.6907,17734600
MSFT,2022-08-24,267.034,268.7986,266.7431,267.4024,18137000
AAPL,2022-08-24,164.1136,164.8884,163.0641,164.3196,53841500
AMZN,2022-08-24,132.75,135.47,132.1,133.8,38627000
AAPL,2022-08-25,165.5456,166.8795,165.1238,166.7716,51218200
AMZN,2022-08-25,135.26,137.42,134.28,137.28,37496300
GOOGL,2022-08-25,113.2359,115.6941,113.107,115.6247,16956800
MSFT,2022-08-25,268.8955,270.5341,266.171,270.3693,16583400
GOOGL,2022-08-26,113.7117,114.1082,109.2215,109.3702,37245700
MSFT,2022-08-26,270.5923,271.814,259.8299,259.9365,27549300
AAPL,2022-08-26,167.3013,167.7721,160.4257,160.4845,78961000
AMZN,2022-08-26,136.55,137.83,130.5,130.75,53322700
AAPL,2022-08-29,158.0618,159.7783,156.7573,158.2874,73314000
AMZN,2022-08-29,129.9,131.95,128.77,129.79,48101600
GOOGL,2022-08-29,109.0233,109.9748,107.8437,108.4583,21191200
MSFT,2022-08-29,257.7646,259.2675,255.8255,257.1635,20338500
GOOGL,2022-08-30,109.2017,109.5288,106.8525,107.9825,27513300
MSFT,2022-08-30,258.5597,258.9282,252.7325,254.9723,22767100
AAPL,2022-08-30,159.023,159.4448,154.6975,155.8647,77906200
AMZN,2022-08-30,131.25,132.07,126.85,128.73,49203000
AAPL,2022-08-31,157.2379,157.5028,154.1287,154.2071,87991100
AMZN,2022-08-31,129.45,130.59,126.74,126.77,53648700
GOOGL,2022-08-31,109.6775,109.8757,107.1796,107.2688,28627000
MSFT,2022-08-31,257.3187,258.9864,253.3822,253.5179,24791800
GOOGL,2022-09-01,107.3283,109.4792,106.4164,108.7755,28360900
MSFT,2022-09-01,250.9969,252.9555,247.6421,252.4804,23263400
AAPL,2022-09-01,153.6383,155.3842,151.706,154.933,74229900
AMZN,2022-09-01,126.0,128.02,123.66,127.82,56636100
AAPL,2022-09-02,156.6887,157.287,152.0003,152.8242,76957800
AMZN,2022-09-02,129.5,131.38,126.39,127.51,57429800
GOOGL,2022-09-02,109.618,109.7667,106.3173,106.9021,24160700
MSFT,2022-09-02,253.7409,256.6884,246.7308,248.2724,22855400
GOOGL,2022-09-06,106.3569,107.0805,104.8503,105.8712,25068300
MSFT,2022-09-06,248.4082,249.9886,244.2777,245.5479,21328200
AAPL,2022-09-06,153.4715,154.0796,150.7448,151.5687,73714800
AMZN,2022-09-06,127.92,128.62,124.74,126.11,43888600
AAPL,2022-09-07,151.8531,153.6677,150.6663,152.9713,87449600
AMZN,2022-09-07,126.12,129.82,125.4,129.48,47900300
GOOGL,2022-09-07,106.119,109.0134,105.9604,108.488,23167000
MSFT,2022-09-07,246.9537,250.9581,245.5188,250.2406,24126700
GOOGL,2022-09-08,107.0904,108.6367,106.2181,107.4274,24238300
MSFT,2022-09-08,249.6783,252.5095,247.041,250.6576,20319900
AAPL,2022-09-08,151.6766,153.3636,149.7541,151.5,84923800
AMZN,2022-09-08,127.72,130.28,127.1,129.82,43988500
AAPL,2022-09-09,152.4907,154.7957,151.7845,154.3543,68028800
AMZN,2022-09-09,130.91,133.69,130.76,133.27,49387600
GOOGL,2022-09-09,108.1114,110.0145,108.0618,109.6775,23197700
MSFT,2022-09-09,252.5773,257.1635,252.3738,256.4169,22084700
GOOGL,2022-09-12,110.0145,110.6389,108.9638,109.8856,22966800
MSFT,2022-09-12,257.6968,259.316,257.0956,258.5403,18747700
AAPL,2022-09-12,156.5317,161.1123,156.2473,160.2981,104956000
AMZN,2022-09-12,134.1,136.49,134.0,136.45,53826900
AAPL,2022-09-13,156.8358,157.4635,150.4309,150.8919,122656600
AMZN,2022-09-13,131.01,131.4,126.27,126.82,72694000
GOOGL,2022-09-13,106.8525,107.3481,103.1751,103.4031,38172900
MSFT,2022-09-13,250.9678,252.4804,243.9384,244.3262,33353300
GOOGL,2022-09-14,103.6509,104.3547,102.7489,104.0771,26395100
MSFT,2022-09-14,245.8193,246.4981,242.261,244.5492,23913000
AAPL,2022-09-14,151.8237,154.0895,150.6663,152.3337,87965400
AMZN,2022-09-14,127.36,128.84,126.33,128.55,45316800
AAPL,2022-09-15,151.6864,152.2651,148.4791,149.4501,90481100
AMZN,2022-09-15,127.38,130.37,125.5,126.28,52887200
GOOGL,2022-09-15,103.1156,104.3447,101.4504,102.0055,34188300
MSFT,2022-09-15,242.1737,243.7541,236.5986,237.9172,31530900
GOOGL,2022-09-16,101.1729,102.2235,100.0528,101.8965,42797200
MSFT,2022-09-16,236.8313,237.8397,234.6982,237.2967,39791800
AAPL,2022-09-16,148.3123,148.4496,145.5267,147.8121,162278800
AMZN,2022-09-16,122.78,123.87,120.7,123.53,115667800
AAPL,2022-09-19,146.4487,151.5981,146.2428,151.5197,81474200
AMZN,2022-09-19,122.16,124.71,121.8,124.66,47279700
GOOGL,2022-09-19,100.8557,102.4218,100.6575,102.1641,23036800
MSFT,2022-09-19,235.0957,237.6845,233.525,237.0834,26826900
GOOGL,2022-09-20,101.1828,101.4702,99.6365,100.2511,26517100
MSFT,2022-09-20,234.7079,236.1041,232.3518,235.0763,26660300
AAPL,2022-09-20,150.4603,155.0506,150.1465,153.8932,107689800
AMZN,2022-09-20,123.35,124.4,121.14,122.19,47698400
AAPL,2022-09-21,154.3249,155.698,150.6565,150.7742,101696800
AMZN,2022-09-21,122.49,123.76,118.45,118.54,58498900
GOOGL,2022-09-21,100.7764,101.9758,98.3975,98.4074,31487300
MSFT,2022-09-21,236.841,240.1279,231.6343,231.6828,28625600
GOOGL,2022-09-22,97.9514,100.3502,97.9217,99.2598,34298600
MSFT,2022-09-22,230.6356,236.4435,230.3448,233.651,31061200
AAPL,2022-09-22,149.4599,151.5098,148.0181,149.813,86652500
AMZN,2022-09-22,117.08,118.79,116.26,117.31,55229200
AAPL,2022-09-23,148.2927,148.5673,145.7131,147.5473,96029900
AMZN,2022-09-23,116.0,116.05,112.06,113.78,65126700
GOOGL,2022-09-23,98.7543,98.7841,96.6133,97.8721,31625400
MSFT,2022-09-23,232.2548,233.7965,228.0468,230.6841,34176000
GOOGL,2022-09-26,97.2378,99.0021,96.9404,97.3072,27072700
MSFT,2022-09-26,229.8406,234.1068,229.6951,230.2284,27694200
AAPL,2022-09-26,146.792,150.8233,146.7724,147.8807,93339400
AMZN,2022-09-26,113.3,117.34,113.13,115.15,62723300
AAPL,2022-09-27,149.813,151.7551,147.0765,148.8518,84442700
AMZN,2022-09-27,117.2,118.32,113.05,114.41,60094700
GOOGL,2022-09-27,98.5561,99.1211,96.0186,96.6431,30072800
MSFT,2022-09-27,232.6815,234.4462,227.3682,229.22,27018700
GOOGL,2022-09-28,96.7917,99.8149,96.2565,99.1706,32466300
MSFT,2022-09-28,229.6079,234.96,227.5911,233.7383,29029700
AAPL,2022-09-28,144.8107,147.7532,142.0644,146.9686,146691400
AMZN,2022-09-28,114.38,118.7,113.8,118.01,55763800
AAPL,2022-09-29,143.3003,143.9083,137.9841,139.7496,128138200
AMZN,2022-09-29,115.6,116.07,113.06,114.8,58969700
GOOGL,2022-09-29,97.773,97.773,95.1166,96.5637,31047200
MSFT,2022-09-29,231.6246,232.6524,227.2809,230.2769,27484200
GOOGL,2022-09-30,96.197,98.0307,94.7201,94.8093,32941500
MSFT,2022-09-30,231.0429,233.2244,225.6519,225.8168,35694800
AAPL,2022-09-30,138.5726,140.3577,135.3555,135.5516,124925300
AMZN,2022-09-30,114.08,116.92,112.84,113.0,59479600
AAPL,2022-10-03,135.5615,140.3283,135.0514,139.7202,114311700
AMZN,2022-10-03,113.58,116.91,112.45,115.88,50941900
GOOGL,2022-10-03,95.9095,98.4173,95.6717,97.773,27982000
MSFT,2022-10-03,228.2505,234.2619,227.5232,233.4184,28880400
GOOGL,2022-10-04,99.5572,100.9449,99.4977,100.7467,28850800
MSFT,2022-10-04,237.636,242.7458,237.5294,241.3108,34888400
AAPL,2022-10-04,142.2507,143.4179,141.4955,143.3002,87830100
AMZN,2022-10-04,119.89,123.0,119.79,121.09,62812600
AAPL,2022-10-05,141.3091,144.5557,140.2694,143.5945,79471000
AMZN,2022-10-05,118.58,121.75,117.69,120.95,48217500
GOOGL,2022-10-05,98.9526,101.0341,97.9316,100.5385,22176900
MSFT,2022-10-05,238.5087,242.9591,236.6762,241.6211,20347100
GOOGL,2022-10-06,99.7951,102.0253,99.7059,100.5286,22324000
MSFT,2022-10-06,240.3897,242.7264,238.596,239.2843,20239900
AAPL,2022-10-06,143.0158,144.7126,142.4371,142.6431,68402200
AMZN,2022-10-06,120.77,121.53,119.5,120.3,42253800
AAPL,2022-10-07,139.8085,140.3577,136.7777,137.4054,85925600
AMZN,2022-10-07,118.0,118.17,113.88,114.56,54678000
GOOGL,2022-10-07,98.9724,99.6464,97.436,97.8127,27502800
MSFT,2022-10-07,233.5735,233.9807,226.0786,227.1161,37769600
GOOGL,2022-10-10,98.1299,98.229,96.1574,96.9999,18225100
MSFT,2022-10-10,225.9622,227.4263,219.8344,222.2778,29743600
AAPL,2022-10-10,137.7291,139.1709,135.9145,137.7291,74899000
AMZN,2022-10-10,115.1,116.25,112.43,113.67,42339700
AAPL,2022-10-11,137.219,138.6413,135.5713,136.3167,77033700
AMZN,2022-10-11,112.71,115.48,110.39,112.21,56432200
GOOGL,2022-10-11,96.5737,98.3777,95.4635,96.3259,26507100
MSFT,2022-10-11,220.6974,222.0936,217.2941,218.5546,30474000
GOOGL,2022-10-12,96.4448,97.8821,95.8897,96.7025,21876400
MSFT,2022-10-12,218.5449,220.9301,217.1487,218.8842,21903900
AAPL,2022-10-12,136.4638,137.6703,135.5125,135.6889,70433700
AMZN,2022-10-12,112.49,113.83,111.4,112.9,45728700
AAPL,2022-10-13,132.4032,140.8384,131.795,140.2499,113224000
AMZN,2022-10-13,107.88,113.44,105.35,112.53,86868100
GOOGL,2022-10-13,94.3137,98.903,93.5505,98.1893,34574500
MSFT,2022-10-13,213.1637,228.9195,212.4656,227.1161,42551800
GOOGL,2022-10-14,99.1111,99.805,95.523,95.7113,25410700
MSFT,2022-10-14,228.3765,230.0248,221.3955,221.6088,30198600
AAPL,2022-10-14,141.5445,141.7505,135.5418,135.7282,88598000
AMZN,2022-10-14,114.1,114.96,106.6,106.9,67737300
AAPL,2022-10-17,138.3667,140.1616,137.582,139.681,85250900
AMZN,2022-10-17,110.11,114.19,110.09,113.79,62782000
GOOGL,2022-10-17,97.9911,100.0429,97.9614,99.0913,28419200
MSFT,2022-10-17,228.648,231.6925,227.9887,230.306,28142300
GOOGL,2022-10-18,102.2236,102.5606,99.0913,99.8843,24060700
MSFT,2022-10-18,235.8423,236.5113,228.2116,231.2465,26329600
AAPL,2022-10-18,142.702,143.8887,137.9154,140.9953,99136600
AMZN,2022-10-18,119.06,119.52,114.79,116.36,65607400
AAPL,2022-10-19,138.9748,142.1723,138.7884,141.1032,61758300
AMZN,2022-10-19,114.71,116.59,113.22,115.07,47198100
GOOGL,2022-10-19,99.131,100.1321,98.0505,98.7543,23811100
MSFT,2022-10-19,229.8309,232.3227,227.1645,229.2879,19985700
GOOGL,2022-10-20,99.1211,101.4207,98.5164,99.0913,25323200
MSFT,2022-10-20,228.5995,233.971,227.7268,228.9679,21811000
AAPL,2022-10-20,140.2793,143.0943,139.9163,140.6422,64522000
AMZN,2022-10-20,113.83,118.24,113.51,115.25,48795100
AAPL,2022-10-21,140.1321,145.0167,139.9164,144.4478,86548600
AMZN,2022-10-21,114.79,119.59,114.5,119.32,55660500
GOOGL,2022-10-21,96.99,100.4196,96.8611,100.2411,32458700
MSFT,2022-10-21,227.6008,235.6096,227.3681,234.7563,26299700
GOOGL,2022-10-24,100.9053,101.8469,99.1013,101.6189,27176400
MSFT,2022-10-24,236.3465,240.3024,233.9613,239.7303,24911200
AAPL,2022-10-24,144.3694,147.3511,143.2022,146.586,75981900
AMZN,2022-10-24,119.98,120.39,116.57,119.82,49531500
AAPL,2022-10-25,147.2138,149.5678,146.4978,149.4207,74732300
AMZN,2022-10-25,119.65,121.32,118.95,120.6,50934600
GOOGL,2022-10-25,101.9956,103.8987,101.8172,103.5617,40611400
MSFT,2022-10-25,239.74,243.4051,238.3535,243.0366,34775500
GOOGL,2022-10-26,95.5824,97.4459,93.8577,94.0956,88114100
MSFT,2022-10-26,224.1394,231.0525,223.0631,224.2849,82543200
AAPL,2022-10-26,148.0671,149.0774,145.2031,146.488,88194300
AMZN,2022-10-26,116.0,119.35,114.76,115.66,68802300
AAPL,2022-10-27,145.2325,146.1937,141.368,142.0252,109180200
AMZN,2022-10-27,113.92,114.12,109.77,110.96,129605400
GOOGL,2022-10-27,93.6892,94.5912,90.9931,91.4095,60710900
MSFT,2022-10-27,224.0133,226.5828,218.9133,219.8538,40424600
GOOGL,2022-10-28,91.459,95.7014,91.3202,95.4437,43697300
MSFT,2022-10-28,219.3593,229.4043,219.1751,228.6964,40647700
AAPL,2022-10-28,145.36,154.4818,144.9873,152.7555,164762400
AMZN,2022-10-28,97.91,103.96,97.66,103.41,223133400
AAPL,2022-10-31,150.225,151.2842,149.0087,150.4015,97943200
AMZN,2022-10-31,103.56,104.87,100.74,102.44,99251400
GOOGL,2022-10-31,94.5813,95.186,93.154,93.6793,31675000
MSFT,2022-10-31,226.6506,227.7753,224.12,225.0702,28357300
GOOGL,2022-11-01,94.6111,95.186,89.5757,89.6748,47161400
MSFT,2022-11-01,227.4651,228.5704,220.4162,221.2306,30592300
AAPL,2022-11-01,152.1082,152.471,146.2722,147.763,80379300
AMZN,2022-11-01,103.99,104.58,96.06,96.79,153370000
AAPL,2022-11-02,146.0956,149.2539,142.2213,142.2507,93604600
AMZN,2022-11-02,97.32,97.74,92.01,92.12,135761800
GOOGL,2022-11-02,90.1407,90.3786,86.1164,86.2056,57038300
MSFT,2022-11-02,222.4814,224.2654,213.3479,213.4061,38407000
GOOGL,2022-11-03,85.5613,85.7595,82.6075,82.6967,61288000
MSFT,2022-11-03,213.3964,213.7066,207.4722,207.734,36633900
AAPL,2022-11-03,139.3377,140.0635,136.0911,136.2186,97918500
AMZN,2022-11-03,92.47,93.5,89.02,89.3,136683300
AAPL,2022-11-04,139.5983,140.1681,132.0235,135.9533,140814800
AMZN,2022-11-04,91.49,92.44,88.04,90.98,129101300
GOOGL,2022-11-04,84.6494,85.8785,82.9742,85.819,51124900
MSFT,2022-11-04,210.9336,214.8508,206.9389,214.6568,36789100
GOOGL,2022-11-07,86.5129,88.1186,86.0867,87.7122,34078900
MSFT,2022-11-07,215.2386,221.4633,214.5502,220.9398,33498000
AAPL,2022-11-07,134.7056,136.7098,133.2908,136.4839,83374600
AMZN,2022-11-07,91.95,92.1,89.04,90.53,77495700
AAPL,2022-11-08,137.9478,138.9498,135.0789,137.0537,89908500
AMZN,2022-11-08,90.79,91.72,88.23,89.98,88703400
GOOGL,2022-11-08,88.1186,89.5261,86.8201,88.1186,30429000
MSFT,2022-11-08,221.7445,224.6048,218.9715,221.9093,28192500
GOOGL,2022-11-09,87.6726,88.6539,86.5129,86.5525,31769100
MSFT,2022-11-09,220.4549,221.6767,217.5074,217.6819,27852900
AAPL,2022-11-09,136.0712,136.1203,132.2298,132.5049,74917800
AMZN,2022-11-09,89.47,89.48,85.87,86.14,90796200
AAPL,2022-11-10,138.7632,144.2945,137.0537,144.2944,118854000
AMZN,2022-11-10,92.94,98.69,91.65,96.63,173414900
GOOGL,2022-11-10,91.4392,93.5604,90.8048,93.1143,51620100
MSFT,2022-11-10,228.2698,235.9296,227.8529,235.5902,46268000
GOOGL,2022-11-11,93.8577,96.0781,93.0945,95.5626,33090500
MSFT,2022-11-11,235.5999,240.4478,234.5721,239.5946,34620200
AAPL,2022-11-11,143.2629,147.3794,141.8383,147.0748,93979700
AMZN,2022-11-11,97.88,101.19,96.66,100.79,111590500
AAPL,2022-11-14,146.3576,147.6447,144.8446,145.6797,73374100
AMZN,2022-11-14,98.77,100.12,97.29,98.49,99533100
GOOGL,2022-11-14,94.2542,95.9393,93.6793,94.8589,30179500
MSFT,2022-11-14,234.6303,236.4919,231.9349,234.2037,31123300
GOOGL,2022-11-15,97.3964,99.2598,95.86,97.5748,41640800
MSFT,2022-11-15,238.1887,239.488,232.7299,234.6109,31390100
AAPL,2022-11-15,149.5506,150.8966,145.9548,147.4089,89868300
AMZN,2022-11-15,103.21,103.79,97.34,98.94,111336300
AAPL,2022-11-16,146.5148,147.2418,144.7071,146.1808,64218300
AMZN,2022-11-16,96.85,98.49,95.54,97.12,87958800
GOOGL,2022-11-16,97.0395,98.7642,96.7818,97.9812,29105200
MSFT,2022-11-16,236.0694,237.0514,233.765,235.0387,24093300
GOOGL,2022-11-17,96.1177,98.4074,95.9393,97.4955,26052600
MSFT,2022-11-17,231.1981,236.5167,231.0523,234.9901,23123500
AAPL,2022-11-17,143.8622,148.8236,143.5871,148.077,80389400
AMZN,2022-11-17,95.37,96.97,94.03,94.85,82617900
AAPL,2022-11-18,149.639,150.0222,147.3401,148.6369,74829600
AMZN,2022-11-18,95.95,95.99,92.48,94.14,72428200
GOOGL,2022-11-18,97.9019,98.0307,95.523,96.5737,28342300
MSFT,2022-11-18,236.7695,236.9931,232.4135,234.5428,27613500
GOOGL,2022-11-21,96.4349,97.5351,94.5218,94.7597,21647400
MSFT,2022-11-21,234.7471,237.8974,234.5137,235.3499,26394700
AAPL,2022-11-21,147.5268,147.7331,145.1295,145.4145,58724100
AMZN,2022-11-21,93.97,95.02,90.59,92.46,84330300
AAPL,2022-11-22,145.5324,147.7822,144.3534,147.5464,51804100
AMZN,2022-11-22,92.62,93.35,90.87,93.2,62192000
GOOGL,2022-11-22,95.1067,96.3655,93.2234,96.197,23438500
MSFT,2022-11-22,236.8473,238.5196,234.047,238.2474,19665700
GOOGL,2022-11-23,96.2366,97.892,96.2366,97.5946,18868100
MSFT,2022-11-23,238.3252,241.4074,237.5084,240.7268,19508500
AAPL,2022-11-23,146.8292,149.1675,146.7212,148.4208,58301400
AMZN,2022-11-23,93.24,94.58,92.83,94.13,59414700
AAPL,2022-11-25,145.7092,146.2692,144.5401,145.5127,35195900
AMZN,2022-11-25,93.79,94.43,93.07,93.41,35088600
GOOGL,2022-11-25,97.3765,97.773,96.5439,96.6034,9701400
MSFT,2022-11-25,240.4643,241.8158,239.9003,240.6393,9200800
GOOGL,2022-11-28,96.1871,96.7223,94.7697,95.2058,26237500
MSFT,2022-11-28,239.2683,239.8226,234.1345,235.0679,24778200
AAPL,2022-11-28,142.5948,144.0685,140.8657,141.691,69246000
AMZN,2022-11-28,93.93,96.4,93.43,93.95,74943100
AAPL,2022-11-29,141.7597,142.2706,137.8888,138.6944,83763800
AMZN,2022-11-29,94.04,94.41,91.44,92.42,65567300
GOOGL,2022-11-29,94.8886,95.2752,93.2828,94.3533,20061700
MSFT,2022-11-29,234.7179,236.0694,231.6162,233.6775,17956300
GOOGL,2022-11-30,93.9866,100.1519,93.5901,100.1024,43647500
MSFT,2022-11-30,233.9108,248.2623,233.2205,248.0775,47594200
AAPL,2022-11-30,138.9204,146.112,138.0852,145.4341,111380900
AMZN,2022-11-30,92.47,96.54,91.53,96.54,102805800
AAPL,2022-12-01,145.6109,146.5148,144.039,145.7092,71250400
AMZN,2022-12-01,96.99,97.23,94.92,95.5,68488000
GOOGL,2022-12-01,100.1321,101.3513,99.3689,100.1024,28687100
MSFT,2022-12-01,246.8427,249.0304,243.9743,247.64,26041500
GOOGL,2022-12-02,98.1794,99.8843,98.0307,99.5572,21480700
MSFT,2022-12-02,242.9048,248.9721,242.7784,247.9609,21528500
AAPL,2022-12-02,143.4004,145.4047,143.0959,145.218,65447400
AMZN,2022-12-02,94.48,95.36,93.78,94.13,72496400
AAPL,2022-12-05,145.1786,148.2734,143.2137,144.0586,68826400
AMZN,2022-12-05,93.05,94.06,90.82,91.01,71535500
GOOGL,2022-12-05,98.5264,100.4889,98.1299,98.6057,24405100
MSFT,2022-12-05,245.0342,246.7941,241.1935,243.2743,23435300
GOOGL,2022-12-06,98.4272,98.903,95.5725,96.1276,24910700
MSFT,2022-12-06,243.8771,244.8883,237.032,238.3349,22463700
AAPL,2022-12-06,144.491,144.7169,139.4313,140.4039,64727200
AMZN,2022-12-06,90.5,91.04,87.9,88.25,75503600
AAPL,2022-12-07,139.6965,140.8558,137.5449,138.4684,69721100
AMZN,2022-12-07,88.34,89.89,87.48,88.46,68086900
GOOGL,2022-12-07,95.5626,96.0285,93.8875,94.1055,31045400
MSFT,2022-12-07,238.0529,239.3461,235.5055,237.6057,20481500
GOOGL,2022-12-08,94.5417,94.7399,92.6286,92.8864,32213300
MSFT,2022-12-08,238.0627,241.8547,236.3319,240.5518,22611800
AAPL,2022-12-08,139.8635,141.0032,138.6256,140.1485,62128300
AMZN,2022-12-08,89.24,90.86,87.88,90.35,73305900
AAPL,2022-12-09,139.8439,143.0172,138.4291,139.6671,76097000
AMZN,2022-12-09,88.9,90.3,88.63,89.09,67398500
GOOGL,2022-12-09,92.9458,93.4315,91.9348,92.0141,28225400
MSFT,2022-12-09,237.9265,241.4366,237.4015,238.6266,20609700
GOOGL,2022-12-12,91.8951,92.7377,90.8048,92.4899,29420000
MSFT,2022-12-12,240.6004,245.5495,240.3281,245.5204,30665100
AAPL,2022-12-12,140.1976,141.966,138.5863,141.9562,70462700
AMZN,2022-12-12,89.21,90.58,87.87,90.55,61999800
AAPL,2022-12-13,146.8783,147.3401,141.7105,142.919,93886200
AMZN,2022-12-13,95.23,96.25,90.52,92.49,100212000
GOOGL,2022-12-13,96.9008,98.6552,94.1948,94.7895,40593700
MSFT,2022-12-13,254.4462,256.6145,246.0648,249.8083,42196900
GOOGL,2022-12-14,94.3633,96.0186,92.7773,94.2344,28733600
MSFT,2022-12-14,250.0125,255.3213,247.2705,250.1,35410900
AAPL,2022-12-14,142.8011,144.0881,138.6846,140.6987,82291200
AMZN,2022-12-14,92.5,93.46,89.87,91.58,70298000
AAPL,2022-12-15,138.6355,139.3134,133.6445,134.1063,98931900
AMZN,2022-12-15,89.89,89.97,87.47,88.45,84802900
GOOGL,2022-12-15,92.3115,92.817,89.2189,90.0614,40107000
MSFT,2022-12-15,246.6969,247.1636,240.4934,242.1172,35560400
GOOGL,2022-12-16,89.9623,90.5273,88.7332,89.4667,58011800
MSFT,2022-12-16,241.6699,242.9242,236.7695,237.9168,86102000
AAPL,2022-12-16,134.293,135.2361,131.3849,132.1512,160156900
AMZN,2022-12-16,88.27,89.35,86.73,87.86,146144100
AAPL,2022-12-19,132.7407,132.8291,129.0172,130.0487,79592600
AMZN,2022-12-19,87.51,87.63,84.51,84.92,83531500
GOOGL,2022-12-19,89.4667,89.764,87.4347,87.6627,29493000
MSFT,2022-12-19,238.0821,238.4224,232.1024,233.7941,29696400
GOOGL,2022-12-20,87.3356,88.3962,86.6715,88.2376,23453800
MSFT,2022-12-20,232.7732,236.1861,231.8204,235.1068,25150800
AAPL,2022-12-20,129.0859,130.9133,127.6122,129.9799,77432800
AMZN,2022-12-20,85.33,86.61,84.33,85.19,74348300
AAPL,2022-12-21,130.648,134.4108,130.422,133.0747,85928000
AMZN,2022-12-21,86.18,87.23,85.21,86.77,59267200
GOOGL,2022-12-21,88.2971,89.427,87.5437,88.7927,24745600
MSFT,2022-12-21,234.9999,238.8211,233.4636,237.664,23690600
GOOGL,2022-12-22,87.3851,87.7618,85.5613,86.9886,27658300
MSFT,2022-12-22,234.5817,235.2916,227.3963,231.5967,28651700
AAPL,2022-12-22,131.994,132.2003,128.015,129.9112,77852100
AMZN,2022-12-22,85.52,85.68,82.25,83.79,81431300
AAPL,2022-12-23,128.6242,130.0979,127.3666,129.5477,63814900
AMZN,2022-12-23,83.25,85.78,82.93,85.25,57433700
GOOGL,2022-12-23,86.3444,88.7629,86.3047,88.4457,23003000
MSFT,2022-12-23,229.5743,232.2579,227.4644,232.1218,21207000
GOOGL,2022-12-27,88.0195,88.1583,86.2453,86.6219,20097300
MSFT,2022-12-27,232.0926,232.3162,229.3021,230.4008,16688600
AAPL,2022-12-27,129.0761,129.1056,126.4627,127.7497,69007800
AMZN,2022-12-27,84.97,85.35,83.0,83.04,57284000
AAPL,2022-12-28,127.3961,128.7322,123.6627,123.8297,85438400
AMZN,2022-12-28,82.8,83.48,81.69,81.82,58228600
GOOGL,2022-12-28,86.2155,87.2662,85.1847,85.2639,19523200
MSFT,2022-12-28,230.3327,233.0844,227.688,228.038,17457100
GOOGL,2022-12-29,85.8587,88.0691,85.8488,87.6726,23333500
MSFT,2022-12-29,229.127,235.2235,229.127,234.3387,19770700
AAPL,2022-12-29,125.7455,128.1919,125.4901,127.3371,75703700
AMZN,2022-12-29,82.87,84.55,82.55,84.18,54995900
AAPL,2022-12-30,126.1582,127.6712,125.1954,127.6515,77034200
AMZN,2022-12-30,83.12,84.05,82.47,84.0,62401200
GOOGL,2022-12-30,86.2155,87.5239,85.8091,87.4545,23986300
MSFT,2022-12-30,231.6162,233.3177,230.1091,233.1816,21938500
GOOGL,2023-01-03,88.8026,90.2497,87.742,88.3367,28131200
MSFT,2023-01-03,236.3514,238.9475,230.8286,232.9483,25740000
AAPL,2023-01-03,127.9954,128.6045,121.9925,122.8767,112117500
AMZN,2023-01-03,85.46,86.96,84.21,85.82,76706000
AAPL,2023-01-04,124.6648,126.4038,122.8866,124.1441,89113600
AMZN,2023-01-04,86.55,86.98,83.36,85.14,68885100
GOOGL,2023-01-04,89.5559,89.8533,86.503,87.3058,34854800
MSFT,2023-01-04,225.8504,226.424,219.7053,222.7584,50623400
GOOGL,2023-01-05,86.7012,86.8003,85.145,85.4424,27194400
MSFT,2023-01-05,220.911,221.2513,215.6215,216.1563,39585600
AAPL,2023-01-05,124.9006,125.5294,122.5722,122.8276,80962700
AMZN,2023-01-05,85.33,85.42,83.07,83.12,67930800
AAPL,2023-01-06,123.8003,128.0052,122.6999,127.347,87754700
AMZN,2023-01-06,83.03,86.4,81.43,86.08,83303400
GOOGL,2023-01-06,86.0272,86.9193,84.1142,86.5723,41381500
MSFT,2023-01-06,216.8272,219.5108,213.2783,218.7038,43613600
GOOGL,2023-01-09,87.5834,89.2585,87.0878,87.2464,29003900
MSFT,2023-01-09,220.1817,224.8391,220.1428,220.8332,27369800
AAPL,2023-01-09,128.1821,131.0705,127.6122,127.8677,70790800
AMZN,2023-01-09,87.46,89.48,87.08,87.36,65266100
AAPL,2023-01-10,127.9757,128.9582,125.8733,128.4375,63896200
AMZN,2023-01-10,87.57,90.19,87.29,89.87,67756600
GOOGL,2023-01-10,85.2243,87.8906,85.0756,87.6428,30467800
MSFT,2023-01-10,221.4554,224.9072,221.0374,222.5153,27033900
GOOGL,2023-01-11,88.3962,90.7949,88.2277,90.7156,26862000
MSFT,2023-01-11,224.8877,229.4187,224.7127,229.2437,28669300
AAPL,2023-01-11,128.9484,131.1687,128.1722,131.1491,69458900
AMZN,2023-01-11,90.93,95.26,90.93,95.09,103126200
AAPL,2023-01-12,131.5323,131.9056,129.1351,131.0705,71379600
AMZN,2023-01-12,96.93,97.19,93.5,95.27,85254800
GOOGL,2023-01-12,90.676,91.0625,88.9612,90.329,30258100
MSFT,2023-01-12,228.7478,233.2594,227.0949,231.9079,27269500
GOOGL,2023-01-13,90.0515,91.3797,89.3378,91.3103,26329200
MSFT,2023-01-13,230.4397,232.7441,228.4172,232.608,21333300
AAPL,2023-01-13,129.7147,132.554,129.3512,132.3969,57809700
AMZN,2023-01-13,94.18,98.37,94.12,98.12,85549400
AAPL,2023-01-17,132.4656,134.8824,131.7779,133.5561,63646600
AMZN,2023-01-17,98.68,98.89,95.73,96.05,72755000
GOOGL,2023-01-17,91.2508,91.4392,89.2585,90.4876,32602400
MSFT,2023-01-17,231.3829,234.2415,230.5272,233.697,29831300
GOOGL,2023-01-18,91.3302,91.9844,89.8433,90.3191,29116700
MSFT,2023-01-18,234.8832,235.6708,229.0006,229.2826,30028700
AAPL,2023-01-18,134.4207,136.1793,132.6621,132.8389,69672800
AMZN,2023-01-18,97.25,99.32,95.38,95.46,79570400
AAPL,2023-01-19,131.7288,133.8607,131.4242,132.8979,58280400
AMZN,2023-01-19,94.74,95.44,92.86,93.68,69002700
GOOGL,2023-01-19,89.9226,92.7872,89.8334,92.2322,37000400
MSFT,2023-01-19,227.3088,229.0006,224.2946,225.51,28623000
GOOGL,2023-01-20,94.2641,97.436,94.1848,97.1585,63191100
MSFT,2023-01-20,228.3589,234.0761,228.0186,233.5705,35389800
AAPL,2023-01-20,132.9077,135.5997,131.8663,135.4523,80223600
AMZN,2023-01-20,93.86,97.35,93.2,97.25,67481500
AAPL,2023-01-23,135.6979,140.8067,135.4818,138.6355,81760300
AMZN,2023-01-23,97.56,97.78,95.86,97.52,76501100
GOOGL,2023-01-23,97.0891,99.1607,96.643,98.9129,40005100
MSFT,2023-01-23,234.4261,238.3835,233.0163,235.8652,31934000
GOOGL,2023-01-24,97.2378,98.7345,96.3457,96.8413,33078500
MSFT,2023-01-24,235.7874,237.1973,233.7845,235.3402,40234400
AAPL,2023-01-24,137.8495,140.6495,137.8397,140.0306,66435100
AMZN,2023-01-24,96.93,98.09,96.0,96.32,66929500
AAPL,2023-01-25,138.4193,139.9323,136.3758,139.3723,65799300
AMZN,2023-01-25,92.56,97.24,91.52,97.18,94261600
GOOGL,2023-01-25,94.73,95.3148,92.9359,94.3831,42330000
MSFT,2023-01-25,227.9894,236.5653,224.5085,233.9498,66526600
GOOGL,2023-01-26,95.6518,96.7124,94.5417,96.6629,30114000
MSFT,2023-01-26,236.9056,241.4366,235.3013,241.1352,33454500
AAPL,2023-01-26,140.6593,141.7204,139.4116,141.4355,54105100
AMZN,2023-01-26,98.24,99.49,96.92,99.22,68523600
AAPL,2023-01-27,140.6495,144.6481,140.5709,143.3709,70555800
AMZN,2023-01-27,99.53,103.49,99.53,102.24,87775600
GOOGL,2023-01-27,96.4547,99.4383,96.4547,98.4966,33879800
MSFT,2023-01-27,242.0978,242.9145,239.9976,241.2908,26498900
GOOGL,2023-01-30,96.6232,97.4261,95.5527,96.088,27226200
MSFT,2023-01-30,237.7418,238.8016,235.4957,235.9916,25867400
AAPL,2023-01-30,142.4179,142.9976,140.3449,140.4923,64015300
AMZN,2023-01-30,101.09,101.74,99.01,100.55,70691900
AAPL,2023-01-31,140.1976,141.8088,139.7849,141.7597,65874500
AMZN,2023-01-31,101.16,103.35,101.14,103.13,66527300
GOOGL,2023-01-31,96.0186,98.0109,95.969,97.9713,29870700
MSFT,2023-01-31,236.7111,241.0866,236.225,240.9504,26541100
GOOGL,2023-02-01,97.8424,100.3006,96.7223,99.5473,35531100
MSFT,2023-02-01,241.1352,248.1164,238.6752,245.7537,31259900
AAPL,2023-02-01,141.4453,144.039,138.8418,142.8797,77663600
AMZN,2023-02-01,102.53,106.24,101.24,105.15,80450100
AAPL,2023-02-02,146.2888,148.5289,145.5717,148.1752,118339000
AMZN,2023-02-02,110.25,114.0,108.88,112.91,158154200
GOOGL,2023-02-02,104.8701,106.9021,104.6818,106.793,69883800
MSFT,2023-02-02,251.6557,257.3632,250.1292,257.2757,39940400
GOOGL,2023-02-03,102.0253,106.8624,101.6784,103.8591,65309300
MSFT,2023-02-03,252.3558,256.8868,249.9833,251.1987,29077300
AAPL,2023-02-03,145.4341,154.6201,145.2376,151.7906,154357300
AMZN,2023-02-03,105.26,108.78,102.52,103.39,144374800
AAPL,2023-02-06,149.8945,150.4152,148.1359,149.0692,69858300
AMZN,2023-02-06,102.93,103.95,100.65,102.18,81945200
GOOGL,2023-02-06,101.5,103.4427,100.9845,101.9956,31999600
MSFT,2023-02-06,250.3139,251.1501,247.7275,249.6624,22518000
GOOGL,2023-02-07,102.3128,107.2292,102.2136,106.6939,49010200
MSFT,2023-02-07,253.3184,261.3303,252.8808,260.1538,50841400
AAPL,2023-02-07,147.9983,152.5078,147.9983,151.938,83322600
AMZN,2023-02-07,101.17,102.41,98.08,102.11,119501300
AAPL,2023-02-08,151.1815,151.8693,148.5191,149.2559,64120100
AMZN,2023-02-08,102.04,102.67,98.78,100.05,75878300
GOOGL,2023-02-08,101.1531,102.2335,97.1783,98.4966,94743500
MSFT,2023-02-08,265.6376,269.0991,258.8411,259.3467,54686000
GOOGL,2023-02-09,99.1211,99.1508,92.8071,94.1749,119455000
MSFT,2023-02-09,266.221,266.3961,255.5255,256.3228,42375100
AAPL,2023-02-09,151.0833,151.6237,147.7822,148.2243,56007100
AMZN,2023-02-09,101.32,101.78,97.57,98.24,64622500
AAPL,2023-02-10,147.0632,148.9131,146.8271,148.5884,57450700
AMZN,2023-02-10,97.56,98.82,96.23,97.61,52740100
GOOGL,2023-02-10,94.6111,95.8996,93.4216,93.7388,54980700
MSFT,2023-02-10,254.2906,256.7798,253.4447,255.8172,25818500
GOOGL,2023-02-13,93.9073,94.3633,93.0152,93.7785,50076100
MSFT,2023-02-13,260.2316,266.9988,259.755,263.8097,44630900
AAPL,2023-02-13,148.5293,151.7863,148.4998,151.3828,62199000
AMZN,2023-02-13,97.85,99.68,96.91,99.54,52841500
AAPL,2023-02-14,149.6806,151.3041,148.4408,150.7432,61707600
AMZN,2023-02-14,98.41,100.92,97.52,99.7,56202900
GOOGL,2023-02-14,93.6,94.0163,91.4491,93.8478,54726100
MSFT,2023-02-14,265.1224,267.3586,261.8261,264.6362,37047900
GOOGL,2023-02-15,93.6595,96.2664,93.3225,96.088,50169000
MSFT,2023-02-15,261.5461,263.8954,259.4602,262.5209,28922400
AAPL,2023-02-15,150.6547,153.0064,150.4284,152.8391,65573800
AMZN,2023-02-15,99.09,101.17,98.45,101.16,47957600
AAPL,2023-02-16,151.0483,153.8231,150.8909,151.2451,68167900
AMZN,2023-02-16,99.21,100.63,98.1,98.15,56339200
GOOGL,2023-02-16,94.5318,96.8215,93.9073,94.6705,42462600
MSFT,2023-02-16,257.3547,260.0061,255.2883,255.5319,29603600
GOOGL,2023-02-17,94.0163,94.7201,92.3907,93.5207,34284100
MSFT,2023-02-17,252.8416,253.5239,249.5372,251.5452,30000100
AAPL,2023-02-17,149.9069,150.5465,148.4309,150.1037,59144100
AMZN,2023-02-17,97.8,97.94,95.65,97.2,60029400
AAPL,2023-02-21,147.7913,148.8737,146.0301,146.0989,58867200
AMZN,2023-02-21,95.34,95.61,94.27,94.58,56580400
GOOGL,2023-02-21,92.1826,92.2817,90.9138,90.9832,33629300
MSFT,2023-02-21,248.0556,249.0401,245.2386,246.2913,28397400
GOOGL,2023-02-22,90.894,91.3004,89.8136,90.8445,30884000
MSFT,2023-02-22,247.6754,247.9191,244.0201,245.1606,22491100
AAPL,2023-02-22,146.4827,147.5454,144.8001,146.5221,51011300
AMZN,2023-02-22,95.1,97.01,94.8,95.79,59534100
AAPL,2023-02-23,147.6831,147.9291,144.8789,147.0042,48394200
AMZN,2023-02-23,96.12,96.43,93.67,95.82,48467000
GOOGL,2023-02-23,91.1121,91.1319,88.9711,90.0912,41206400
MSFT,2023-02-23,249.1083,250.356,244.1566,248.3382,29219100
GOOGL,2023-02-24,88.6539,89.0999,87.8014,88.3466,36585100
MSFT,2023-02-24,243.6497,244.6634,241.8367,242.9284,24990900
AAPL,2023-02-24,144.7509,144.8296,143.3832,144.3573,55469600
AMZN,2023-02-24,93.53,94.14,92.32,93.5,57053800
AAPL,2023-02-27,145.3413,146.7779,145.0855,145.5479,44998500
AMZN,2023-02-27,94.28,94.78,93.14,93.76,47470300
GOOGL,2023-02-27,89.0801,89.3676,88.5548,89.0801,27502300
MSFT,2023-02-27,246.0866,246.4375,243.0941,243.8447,21190000
GOOGL,2023-02-28,88.5448,90.4282,88.5349,89.2684,30142000
MSFT,2023-02-28,242.7822,245.1411,242.4507,243.1233,22491000
AAPL,2023-02-28,144.6919,146.6893,144.4754,145.0461,50547000
AMZN,2023-02-28,93.14,94.69,92.92,94.23,43959300
AAPL,2023-03-01,144.4754,144.869,142.6846,142.9798,55479000
AMZN,2023-03-01,93.87,94.68,91.59,92.17,52299500
GOOGL,2023-03-01,89.1891,90.2299,88.8819,89.5658,31111200
MSFT,2023-03-01,244.4295,244.5952,239.585,240.0529,27565300
GOOGL,2023-03-02,88.8719,91.4689,88.8026,91.1914,32204400
MSFT,2023-03-02,240.3258,245.0533,239.4095,244.7707,24808200
AAPL,2023-03-02,142.0647,144.3573,141.5924,143.5702,52238100
AMZN,2023-03-02,91.41,92.23,90.39,92.13,55509400
AAPL,2023-03-03,145.666,148.6868,144.9674,148.6081,70732300
AMZN,2023-03-03,92.74,94.94,92.66,94.9,55759600
GOOGL,2023-03-03,91.6672,92.9062,91.6374,92.8269,35160100
MSFT,2023-03-03,245.8234,249.1668,245.0436,248.8451,30760100
GOOGL,2023-03-06,93.1936,95.1265,93.1738,94.2939,32639300
MSFT,2023-03-06,249.9563,253.5532,249.5177,250.3852,24109800
AAPL,2023-03-06,151.3238,153.7935,150.9991,151.3632,87558000
AMZN,2023-03-06,95.19,96.55,93.74,93.75,52112400
AAPL,2023-03-07,151.2353,151.5599,148.7064,149.1689,56182000
AMZN,2023-03-07,94.06,95.09,92.78,93.55,49100700
GOOGL,2023-03-07,94.1452,94.8291,92.7079,93.035,27835500
MSFT,2023-03-07,249.8296,251.1845,246.9931,247.7339,21473200
GOOGL,2023-03-08,93.2927,95.1166,93.1738,93.4216,34103300
MSFT,2023-03-08,247.6267,248.1141,244.4782,247.2952,17340200
AAPL,2023-03-08,150.3595,151.0089,149.3952,150.4185,47204800
AMZN,2023-03-08,93.6,94.17,92.18,93.92,44899100
AAPL,2023-03-09,151.0975,152.0618,147.8209,148.1751,53833600
AMZN,2023-03-09,93.68,96.21,92.18,92.25,56218700
GOOGL,2023-03-09,93.2234,94.6904,91.0923,91.5086,28813500
MSFT,2023-03-09,249.3618,253.0073,245.2288,245.9501,26653400
GOOGL,2023-03-10,91.3599,91.9744,89.6055,89.8334,35941000
MSFT,2023-03-10,244.7414,246.4083,241.3493,242.3142,28333900
AAPL,2023-03-10,147.8012,148.5195,145.2429,146.1186,68572400
AMZN,2023-03-10,92.67,93.57,90.25,90.73,69827500
AAPL,2023-03-13,145.4397,150.6842,145.3314,148.057,84457100
AMZN,2023-03-13,89.97,94.02,88.12,92.43,72397100
GOOGL,2023-03-13,89.2982,91.7564,88.6341,90.3092,37335600
MSFT,2023-03-13,241.1543,251.399,239.5265,247.5097,33339700
GOOGL,2023-03-14,91.7465,93.5306,91.6275,93.1441,36050200
MSFT,2023-03-14,250.2683,254.4792,249.4008,254.2063,33620300
AAPL,2023-03-14,148.854,150.9401,147.693,150.143,73695900
AMZN,2023-03-14,93.83,95.07,92.71,94.88,60912700
AAPL,2023-03-15,148.7655,150.7924,147.5158,150.5367,77167900
AMZN,2023-03-15,93.22,96.67,93.07,96.2,70731800
GOOGL,2023-03-15,92.4007,96.0781,91.8258,95.2653,50622100
MSFT,2023-03-15,253.4167,259.7527,252.6662,258.7389,46028000
GOOGL,2023-03-16,95.3545,100.3006,94.6606,99.4383,65492000
MSFT,2023-03-16,258.5146,269.5781,256.6334,269.2272,54768800
AAPL,2023-03-16,149.72,153.951,149.2083,153.3508,76161100
AMZN,2023-03-16,95.75,100.99,95.61,100.04,84446900
AAPL,2023-03-17,153.5771,154.2265,151.8059,152.5144,98944600
AMZN,2023-03-17,99.79,100.66,97.46,98.95,87300200
GOOGL,2023-03-17,99.3788,101.9361,99.2202,100.7268,61028500
MSFT,2023-03-17,271.2352,276.1772,269.3442,272.3757,69527400
GOOGL,2023-03-20,99.24,100.8557,98.9922,100.3303,32960400
MSFT,2023-03-20,269.9875,270.4749,263.0375,265.3575,43466600
AAPL,2023-03-20,152.5833,155.2892,151.678,154.8759,73641400
AMZN,2023-03-20,98.41,98.48,95.7,97.71,62388900
AAPL,2023-03-21,154.7972,156.8438,154.0297,156.7258,73938300
AMZN,2023-03-21,98.14,100.85,98.0,100.61,58597300
GOOGL,2023-03-21,100.3601,104.1762,100.3303,103.9978,42110300
MSFT,2023-03-21,267.9406,268.0575,262.7159,266.8683,34558700
GOOGL,2023-03-22,103.3535,105.6531,102.4218,102.4615,43427400
MSFT,2023-03-22,266.4979,273.945,265.3087,265.416,34873300
AAPL,2023-03-22,156.7454,159.5399,155.2793,155.299,75701800
AMZN,2023-03-22,100.45,102.1,98.61,98.7,57475400
AAPL,2023-03-23,156.283,158.9594,155.1514,156.3813,67622100
AMZN,2023-03-23,100.43,101.06,97.62,98.71,57559300
GOOGL,2023-03-23,104.1366,105.3657,103.5419,104.6718,40797800
MSFT,2023-03-23,270.9233,273.9646,268.2525,270.6504,36610900
GOOGL,2023-03-24,104.0672,104.5628,102.9273,104.5133,30393300
MSFT,2023-03-24,270.241,273.5454,268.3304,273.4869,28172000
AAPL,2023-03-24,156.3125,157.7688,155.3187,157.6802,59196500
AMZN,2023-03-24,98.07,98.3,96.4,98.13,56095400
AAPL,2023-03-27,157.3752,158.1919,155.3383,155.7418,52390300
AMZN,2023-03-27,99.07,99.34,97.08,98.04,46721300
GOOGL,2023-03-27,103.7005,103.8392,101.0341,101.5594,31120900
MSFT,2023-03-27,273.4187,274.3545,268.5644,269.4027,26840200
GOOGL,2023-03-28,101.5396,101.5495,98.8634,100.142,32057900
MSFT,2023-03-28,268.8276,269.1688,265.1821,268.2818,21878600
AAPL,2023-03-28,155.4368,155.9484,153.4786,155.1219,45992200
AMZN,2023-03-28,98.11,98.44,96.29,97.24,38720100
AAPL,2023-03-29,156.8143,158.4674,156.7946,158.1918,51305700
AMZN,2023-03-29,98.69,100.42,98.56,100.25,49783300
GOOGL,2023-03-29,101.381,101.5892,99.7654,100.4989,28779600
MSFT,2023-03-29,271.9176,274.0426,271.3815,273.4285,25087000
GOOGL,2023-03-30,100.0231,100.2709,98.903,100.0033,33086200
MSFT,2023-03-30,277.0545,277.2787,274.374,276.8791,25053400
AAPL,2023-03-30,158.9397,159.8646,158.6839,159.7564,49501700
AMZN,2023-03-30,101.55,103.04,101.01,102.0,53633400
AAPL,2023-03-31,159.8351,162.354,159.3136,162.2556,68749800
AMZN,2023-03-31,102.16,103.49,101.95,103.29,56750300
GOOGL,2023-03-31,100.4097,102.9769,100.1519,102.8183,36863400
MSFT,2023-03-31,276.5672,281.9672,275.8555,281.0218,32766000
GOOGL,2023-04-03,101.4901,103.6113,101.0341,103.4427,25035400
MSFT,2023-04-03,279.2866,280.9925,276.7816,279.9787,24883300
AAPL,2023-04-03,161.6357,163.6233,161.5865,163.5053,56976200
AMZN,2023-04-03,102.3,103.29,101.43,102.41,41135700
AAPL,2023-04-04,163.9284,164.1645,162.4623,162.9739,46278300
AMZN,2023-04-04,102.75,104.2,102.11,103.95,48662500
GOOGL,2023-04-04,103.413,104.652,103.1256,103.7996,24420100
MSFT,2023-04-04,279.9788,283.1175,278.4582,279.93,25824300
GOOGL,2023-04-05,104.8503,105.1675,102.7489,103.5518,28290500
MSFT,2023-04-05,278.6337,279.9008,275.7776,277.1618,22064800
AAPL,2023-04-05,162.0982,162.4032,159.2054,161.1339,51511700
AMZN,2023-04-05,103.91,103.91,100.75,101.1,45175400
AAPL,2023-04-06,159.8253,162.3147,159.4021,162.0195,45390100
AMZN,2023-04-06,100.75,102.38,99.8,102.06,43808000
GOOGL,2023-04-06,104.3348,108.2105,103.413,107.4671,48711500
MSFT,2023-04-06,276.0603,284.7063,274.9101,284.2385,29770300
GOOGL,2023-04-10,106.0397,106.6444,104.1961,105.5045,27067400
MSFT,2023-04-10,281.9088,282.289,277.5224,282.0843,23103000
AAPL,2023-04-10,158.8314,159.4317,157.5129,159.4316,47716900
AMZN,2023-04-10,100.96,102.2,99.57,102.17,37261200
AAPL,2023-04-11,159.7465,159.7564,157.936,158.2214,47644200
AMZN,2023-04-11,100.8,101.0,99.01,99.92,60417800
GOOGL,2023-04-11,105.6135,105.7919,103.7599,104.424,26311800
MSFT,2023-04-11,278.5361,278.7604,274.5299,275.6898,27276600
GOOGL,2023-04-12,105.6432,105.8117,103.4229,103.7203,24370300
MSFT,2023-04-12,277.6004,279.7643,274.8418,276.3332,27403400
AAPL,2023-04-12,158.6346,159.4612,157.2177,157.5326,50133100
AMZN,2023-04-12,100.4,100.51,97.71,97.83,56735000
AAPL,2023-04-13,159.0381,163.1412,158.8314,162.9051,68445600
AMZN,2023-04-13,98.95,102.57,98.71,102.4,67925100
GOOGL,2023-04-13,104.9097,106.5452,104.9097,106.4858,24843600
MSFT,2023-04-13,276.4307,282.5813,276.0213,282.5229,24222700
GOOGL,2023-04-14,105.9505,107.9825,105.901,107.9131,26578000
MSFT,2023-04-14,279.7546,281.1972,276.5282,278.9163,20987900
AAPL,2023-04-14,161.9506,163.6529,161.193,162.5607,49386500
AMZN,2023-04-14,102.07,103.2,101.11,102.51,51450500
AAPL,2023-04-17,162.4426,162.7378,161.3996,162.5804,41516200
AMZN,2023-04-17,103.16,103.73,101.59,102.74,39919500
GOOGL,2023-04-17,103.7401,105.2269,103.6013,105.0386,37571200
MSFT,2023-04-17,282.6106,284.2385,278.9358,281.5091,23836200
GOOGL,2023-04-18,105.554,105.6036,103.1553,103.5815,26596400
MSFT,2023-04-18,284.2092,284.3944,279.7643,281.09,20161800
AAPL,2023-04-18,163.4364,164.7254,162.9936,163.8005,49923000
AMZN,2023-04-18,103.95,104.2,101.52,102.3,39790500
AAPL,2023-04-19,163.1412,165.4634,162.8854,164.9419,47720200
AMZN,2023-04-19,101.58,105.12,101.39,104.3,58398900
GOOGL,2023-04-19,102.6696,104.0573,102.1641,103.2643,20905700
MSFT,2023-04-19,278.7701,281.7529,277.3568,281.168,17150300
GOOGL,2023-04-20,102.9967,105.3161,102.9571,104.3646,27820800
MSFT,2023-04-20,278.0487,281.7334,277.8831,278.887,23244400
AAPL,2023-04-20,163.4266,165.178,162.9051,163.9776,52456400
AMZN,2023-04-20,103.53,105.25,103.21,103.81,57696900
AAPL,2023-04-21,162.4032,163.7807,161.8522,162.3737,58337300
AMZN,2023-04-21,106.1,108.15,105.08,106.96,86774200
GOOGL,2023-04-21,104.543,105.0683,103.8591,104.4835,25800100
MSFT,2023-04-21,277.8149,279.043,275.914,278.5459,21676400
GOOGL,2023-04-24,104.5628,105.6928,103.7798,105.0386,23542800
MSFT,2023-04-24,274.9685,277.7563,271.6836,274.6566,26611000
AAPL,2023-04-24,162.354,162.9444,161.2618,162.6787,41949600
AMZN,2023-04-24,107.66,109.23,105.07,106.21,69575600
AAPL,2023-04-25,162.541,163.643,161.1044,161.1438,48714100
AMZN,2023-04-25,104.91,105.45,102.45,102.57,65026800
GOOGL,2023-04-25,104.8998,105.7523,102.9273,102.9372,46664100
MSFT,2023-04-25,272.4537,274.4909,268.4182,268.4669,45772200
GOOGL,2023-04-26,103.9978,105.4153,101.728,102.7985,53347600
MSFT,2023-04-26,289.2098,292.0073,285.34,287.9133,64599200
AAPL,2023-04-26,160.4451,162.6296,160.1893,161.1339,45498800
AMZN,2023-04-26,105.04,106.62,104.1,104.98,73803800
AAPL,2023-04-27,162.541,165.8569,162.541,165.7093,64902300
AMZN,2023-04-27,108.16,110.86,106.8,109.82,149961200
GOOGL,2023-04-27,103.532,107.4175,102.63,106.6444,50089200
MSFT,2023-04-27,288.4981,297.4951,287.7963,297.1345,46462600
GOOGL,2023-04-28,106.0992,106.4065,104.1663,106.3966,36139800
MSFT,2023-04-28,296.3352,301.1309,295.6528,299.5031,36469600
AAPL,2023-04-28,165.7881,167.1262,165.1878,166.959,55275900
AMZN,2023-04-28,107.73,109.48,104.33,105.45,130715900
AAPL,2023-05-01,166.5654,167.7166,165.9356,166.8704,52472900
AMZN,2023-05-01,104.95,105.23,101.82,102.05,74728100
GOOGL,2023-05-01,105.9009,107.0408,105.8811,106.2578,26681700
MSFT,2023-05-01,299.2205,300.8094,297.4464,297.8461,21294100
GOOGL,2023-05-02,106.1983,106.2578,102.7985,104.3943,30997200
MSFT,2023-05-02,299.9905,301.3747,296.2377,297.6999,26404400
AAPL,2023-05-02,167.3624,167.6182,164.8533,165.8372,48425700
AMZN,2023-05-02,101.47,103.9,101.15,103.63,73469400
AAPL,2023-05-03,166.7819,168.1791,164.4794,164.7647,65136000
AMZN,2023-05-03,103.74,105.96,103.28,103.65,65051900
GOOGL,2023-05-03,104.6025,106.5452,104.0375,104.4835,21795400
MSFT,2023-05-03,298.8793,300.819,296.4132,296.7153,22360800
GOOGL,2023-05-04,104.5628,104.6719,103.0562,103.7699,23419500
MSFT,2023-05-04,298.5089,299.9905,295.7406,297.6999,22519900
AAPL,2023-05-04,162.2458,164.3613,161.6751,163.1313,81235400
AMZN,2023-05-04,104.04,105.39,103.31,104.0,45345500
AAPL,2023-05-05,168.2381,171.5049,168.0217,170.7866,113453200
AMZN,2023-05-05,104.27,105.76,103.55,105.66,56951700
GOOGL,2023-05-05,103.8987,104.9494,103.1949,104.6421,26639300
MSFT,2023-05-05,298.002,304.0942,296.5886,302.8075,28197100
GOOGL,2023-05-08,104.2555,107.0111,104.2357,106.8228,26511400
MSFT,2023-05-08,302.3007,302.369,298.3627,300.8581,21318600
AAPL,2023-05-08,169.7141,171.0621,169.35,170.7177,55962800
AMZN,2023-05-08,105.04,106.1,104.7,105.83,49430900
AAPL,2023-05-09,170.2749,170.7571,168.8482,169.0155,45326900
AMZN,2023-05-09,105.48,106.79,105.16,106.62,44089400
GOOGL,2023-05-09,107.4373,109.1819,106.2479,106.4065,36360100
MSFT,2023-05-09,300.2244,302.213,298.5771,299.2497,21340800
GOOGL,2023-05-10,107.021,111.9474,106.9814,110.7678,63153400
MSFT,2023-05-10,300.8288,305.0982,299.9028,304.4257,30078000
AAPL,2023-05-10,170.2454,171.2392,169.1434,170.7768,53724500
AMZN,2023-05-10,108.1,110.67,108.05,110.19,78627600
AAPL,2023-05-11,171.0621,171.7902,169.409,170.9637,49514700
AMZN,2023-05-11,111.03,113.28,110.49,112.18,74924800
GOOGL,2023-05-11,114.3857,116.8836,113.4044,115.5454,78900000
MSFT,2023-05-11,302.2714,303.2656,298.5283,302.2812,31680200
GOOGL,2023-05-12,115.6545,116.9926,115.0895,116.4772,41102300
MSFT,2023-05-12,302.7101,302.8076,298.8598,301.17,19774700
AAPL,2023-05-12,171.0721,171.5057,168.4906,170.0375,45533100
AMZN,2023-05-12,112.16,112.64,109.32,110.26,49852700
AAPL,2023-05-15,170.6189,170.6681,168.9536,169.5449,37266700
AMZN,2023-05-15,111.15,112.29,109.25,111.2,53011100
GOOGL,2023-05-15,115.0895,117.4386,114.9903,115.486,36266800
MSFT,2023-05-15,301.2967,302.0764,299.8248,301.6476,16336500
GOOGL,2023-05-16,115.4661,119.6887,115.4067,118.4596,45035600
MSFT,2023-05-16,302.0082,305.7903,302.0083,303.87,26730300
AAPL,2023-05-16,169.466,170.5991,169.2788,169.5449,42110300
AMZN,2023-05-16,111.05,114.79,111.05,113.4,71472900
AAPL,2023-05-17,169.1901,170.3922,167.9191,170.1557,57951600
AMZN,2023-05-17,114.89,115.83,114.22,115.5,65655200
GOOGL,2023-05-17,118.5587,120.6006,117.8451,119.7779,33323600
MSFT,2023-05-17,305.0716,307.1621,303.5574,306.7421,24315000
GOOGL,2023-05-18,119.8869,122.2262,119.768,121.7504,35234200
MSFT,2023-05-18,307.2598,311.6656,306.4686,311.1576,27276000
AAPL,2023-05-18,170.4612,172.6683,170.0474,172.4811,65496700
AMZN,2023-05-18,116.69,118.6,116.34,118.15,73174100
AAPL,2023-05-19,173.8014,173.8015,172.3727,172.5895,55809500
AMZN,2023-05-19,118.16,118.31,115.7,116.25,55056300
GOOGL,2023-05-19,122.4641,124.8628,121.0764,121.681,41353400
MSFT,2023-05-19,309.4187,311.3823,309.0573,310.9818,27546700
GOOGL,2023-05-22,121.8594,125.3188,121.6612,123.9509,35253000
MSFT,2023-05-22,311.2358,315.1335,310.6594,313.7561,24115700
AAPL,2023-05-22,171.4268,172.1461,170.9046,171.6436,43570900
AMZN,2023-05-22,116.77,116.77,114.25,115.01,70741100
AAPL,2023-05-23,170.5893,170.8356,168.7664,169.0423,50747300
AMZN,2023-05-23,114.27,117.14,113.78,114.99,67576300
GOOGL,2023-05-23,123.0687,123.5346,121.1359,121.4828,34046300
MSFT,2023-05-23,312.6327,315.2605,307.9632,307.973,30797200
GOOGL,2023-05-24,120.0554,120.8385,118.8065,119.8374,34182600
MSFT,2023-05-24,307.4552,309.1843,305.3842,306.5956,23384900
AAPL,2023-05-24,168.5792,169.8897,168.0176,169.3182,45143500
AMZN,2023-05-24,115.35,117.34,115.02,116.75,63487900
AAPL,2023-05-25,169.8799,171.348,169.1704,170.4514,56058300
AMZN,2023-05-25,116.63,116.87,114.31,115.0,66496700
GOOGL,2023-05-25,123.4255,124.2185,120.8881,122.3947,42317000
MSFT,2023-05-25,315.7685,319.3439,312.6034,318.3865,43301700
GOOGL,2023-05-26,122.0874,124.1591,121.3737,123.5148,35635900
MSFT,2023-05-26,316.5304,325.6936,316.3937,325.1954,36630600
AAPL,2023-05-26,170.7765,173.1906,170.5696,172.8555,54835000
AMZN,2023-05-26,116.04,121.5,116.02,120.11,96779900
AAPL,2023-05-30,174.3631,176.3633,173.9788,174.6981,55964400
AMZN,2023-05-30,122.37,122.92,119.86,121.66,64314800
GOOGL,2023-05-30,124.5357,124.5555,120.9277,122.583,35076700
MSFT,2023-05-30,327.4813,327.9795,322.8802,323.5542,29503100
GOOGL,2023-05-31,121.6711,122.9696,121.4233,121.7901,37325800
MSFT,2023-05-31,324.6093,328.1749,319.7639,320.7995,45950600
AAPL,2023-05-31,174.7277,176.718,174.166,174.6488,99625300
AMZN,2023-05-31,121.45,122.04,119.17,120.58,72800800
AAPL,2023-06-01,175.0922,177.4767,174.3335,177.4472,68901800
AMZN,2023-06-01,120.69,123.49,119.93,122.77,54375100
GOOGL,2023-06-01,121.7405,123.3264,121.5423,122.6326,30772700
MSFT,2023-06-01,318.3963,325.8206,317.2143,324.8926,26773900
GOOGL,2023-06-02,122.9002,125.0412,122.6722,123.5742,26980100
MSFT,2023-06-02,326.524,329.6989,324.8633,327.6474,25873800
AAPL,2023-06-02,178.3734,179.1124,176.6293,178.2945,61996900
AMZN,2023-06-02,124.92,126.39,124.02,124.25,61264400
AAPL,2023-06-05,179.9498,182.2358,175.4272,176.9446,121946500
AMZN,2023-06-05,123.36,125.8,123.03,125.3,47950100
GOOGL,2023-06-05,122.92,126.31,122.7515,124.9025,32305500
MSFT,2023-06-05,327.4715,330.7343,326.9245,328.1749,21307100
GOOGL,2023-06-06,124.9025,127.1624,124.2582,126.191,26638300
MSFT,2023-06-06,327.579,327.6181,324.4921,325.9671,20396200
AAPL,2023-06-06,177.3289,177.4767,174.8262,176.5801,64848400
AMZN,2023-06-06,125.07,127.4,125.0,126.61,45695200
AAPL,2023-06-07,175.8214,178.5507,174.7178,175.2105,61944600
AMZN,2023-06-07,127.01,127.37,120.63,121.23,95663300
GOOGL,2023-06-07,125.854,127.9058,121.0466,121.4233,52539000
MSFT,2023-06-07,323.984,326.7584,315.0455,315.9052,40717100
GOOGL,2023-06-08,121.1557,122.1469,120.1744,121.0665,29389200
MSFT,2023-06-08,316.4523,319.09,315.876,317.7418,23277700
AAPL,2023-06-08,175.2893,178.1861,174.8558,177.9201,50214900
AMZN,2023-06-08,123.01,125.63,122.26,124.25,62159300
AAPL,2023-06-09,178.8365,179.5557,177.9792,178.3044,48900000
AMZN,2023-06-09,124.08,125.8,123.19,123.43,51396000
GOOGL,2023-06-09,121.1755,122.6722,120.8385,121.1557,23778300
MSFT,2023-06-09,317.478,322.3624,316.9114,319.2365,22529000
GOOGL,2023-06-12,121.7108,122.9597,120.5907,122.5533,28306400
MSFT,2023-06-12,320.985,324.4237,317.6441,324.1795,24260300
AAPL,2023-06-12,178.6099,181.1914,178.3142,181.0929,54274900
AMZN,2023-06-12,124.02,126.78,123.53,126.57,51338000
AAPL,2023-06-13,180.1174,181.4476,179.7627,180.6199,54929100
AMZN,2023-06-13,128.12,128.41,125.18,126.66,50564800
GOOGL,2023-06-13,123.8815,124.0599,122.0973,122.7416,22278300
MSFT,2023-06-13,326.7389,329.191,322.7533,326.563,22951300
GOOGL,2023-06-14,122.018,122.9597,120.3825,122.583,30592300
MSFT,2023-06-14,326.6119,331.2033,325.1173,329.5426,26003800
AAPL,2023-06-14,180.679,181.684,179.3488,181.2505,57462900
AMZN,2023-06-14,126.7,126.95,124.12,126.42,52422500
AAPL,2023-06-15,181.2604,183.7828,181.083,183.2803,65433200
AMZN,2023-06-15,125.21,127.69,124.32,127.11,60458500
GOOGL,2023-06-15,122.0577,124.3573,121.3242,123.9905,35246300
MSFT,2023-06-15,329.6794,341.7537,329.4058,340.0539,38899100
GOOGL,2023-06-16,124.8232,125.0016,122.1965,122.4443,45535600
MSFT,2023-06-16,343.1995,343.346,334.046,334.4172,46552000
AAPL,2023-06-16,183.9897,184.2459,181.5658,182.2063,101256200
AMZN,2023-06-16,127.71,127.9,125.3,125.49,84247100
AAPL,2023-06-20,181.7038,183.369,181.7038,182.2949,49799100
AMZN,2023-06-20,124.97,127.25,124.5,125.78,56930100
GOOGL,2023-06-20,121.8495,123.4751,121.0665,122.018,26097500
MSFT,2023-06-20,331.467,334.173,328.0968,330.2361,26375400
GOOGL,2023-06-21,121.3242,121.5819,119.0444,119.4905,30306300
MSFT,2023-06-21,328.595,329.9236,324.3944,325.8499,25117800
AAPL,2023-06-21,182.1866,182.6891,179.9105,181.2604,49515700
AMZN,2023-06-21,125.64,126.73,123.85,124.83,52137700
AAPL,2023-06-22,181.0436,184.305,180.9746,184.2557,51245300
AMZN,2023-06-22,125.31,130.33,125.14,130.15,90354600
GOOGL,2023-06-22,118.9453,122.1568,117.7856,122.0676,26952200
MSFT,2023-06-22,326.397,332.2583,325.6351,331.8578,23556800
GOOGL,2023-06-23,120.3132,121.7108,119.996,121.2647,34913600
MSFT,2023-06-23,326.6314,330.1482,325.7425,327.2762,23146900
AAPL,2023-06-23,182.8271,184.8075,182.295,183.9405,53117000
AMZN,2023-06-23,129.11,130.84,128.28,129.33,71927800
AAPL,2023-06-26,184.0883,185.2903,182.5117,182.5512,48088700
AMZN,2023-06-26,129.33,131.49,127.1,127.33,59989300
GOOGL,2023-06-26,119.6986,120.9277,117.2305,117.2999,33969900
MSFT,2023-06-26,326.0063,328.341,320.8971,321.0046,21520600
GOOGL,2023-06-27,116.0509,118.0334,115.0796,117.29,39535900
MSFT,2023-06-27,324.1893,328.3801,321.6884,326.8366,24354100
AAPL,2023-06-27,183.162,185.6253,182.9452,185.3002,50730800
AMZN,2023-06-27,128.63,130.09,127.55,129.18,46801000
AAPL,2023-06-28,185.1721,187.1132,184.847,186.4727,51216800
AMZN,2023-06-28,128.94,131.48,128.44,129.04,52149500
GOOGL,2023-06-28,116.0609,119.3319,115.823,119.1237,27091400
MSFT,2023-06-28,326.9246,330.1678,326.0942,328.0871,20259500
GOOGL,2023-06-29,118.192,119.0047,117.2602,118.0532,24090900
MSFT,2023-06-29,326.9734,328.341,324.9317,327.3055,16997000
AAPL,2023-06-29,186.3052,187.2807,186.1673,186.8077,46347300
AMZN,2023-06-29,128.77,129.26,127.26,127.9,40761000
AAPL,2023-06-30,188.8178,191.626,188.4532,191.1235,85213200
AMZN,2023-06-30,129.47,131.25,128.95,130.36,54350700
GOOGL,2023-06-30,119.1138,120.0158,118.638,118.6479,29532200
MSFT,2023-06-30,329.9431,334.808,329.4058,332.6686,26832800
GOOGL,2023-07-03,118.192,119.1336,117.7757,118.8462,14467900
MSFT,2023-07-03,331.3498,333.0203,328.7904,330.1776,12508700
AAPL,2023-07-03,190.9363,191.0348,188.9459,189.6356,31458200
AMZN,2023-07-03,130.82,131.85,130.07,130.22,28264800
AAPL,2023-07-05,188.7587,190.148,187.8226,188.5222,46920300
AMZN,2023-07-05,130.24,131.4,129.64,130.38,35895400
GOOGL,2023-07-05,118.192,121.5324,118.1821,120.6799,27584800
MSFT,2023-07-05,327.3446,333.7529,326.9929,330.3339,18172400
GOOGL,2023-07-06,118.747,119.2426,117.3593,119.0543,24745200
MSFT,2023-07-06,329.5035,335.062,327.7451,333.3818,28161200
AAPL,2023-07-06,187.0541,189.2021,186.4234,188.9952,45094300
AMZN,2023-07-06,128.25,128.73,127.37,128.36,40639900
AAPL,2023-07-07,188.6011,189.8425,187.4482,187.8818,46815000
AMZN,2023-07-07,128.59,130.97,128.13,129.78,41992300
GOOGL,2023-07-07,119.0444,119.9861,118.3506,118.4299,21709500
MSFT,2023-07-07,331.4769,333.8897,329.2104,329.4254,21214800
GOOGL,2023-07-10,117.2602,117.2701,115.1192,115.4265,35315200
MSFT,2023-07-10,326.8659,327.4814,320.018,324.1599,32791400
AAPL,2023-07-10,186.4826,187.2019,184.2952,185.8421,59922200
AMZN,2023-07-10,129.07,129.28,125.92,127.13,61889300
AAPL,2023-07-11,186.384,186.522,183.8616,185.3199,46638100
AMZN,2023-07-11,127.75,129.77,127.35,128.78,49951500
GOOGL,2023-07-11,115.2679,116.6754,114.3362,116.1104,23078800
MSFT,2023-07-11,323.4077,325.1662,319.4416,324.7851,26698200
GOOGL,2023-07-12,117.7558,119.2724,117.3693,117.8847,30404400
MSFT,2023-07-12,328.8197,333.753,327.9112,329.4059,29995300
AAPL,2023-07-12,186.8964,188.8868,185.7042,186.9851,60750200
AMZN,2023-07-12,130.31,131.26,128.83,130.8,54022800
AAPL,2023-07-13,187.7044,188.3842,186.9949,187.7438,41342300
AMZN,2023-07-13,134.04,134.67,132.71,134.3,61170900
GOOGL,2023-07-13,119.8671,123.7328,119.3913,123.4454,44297900
MSFT,2023-07-13,331.7113,335.7946,331.1837,334.7396,20567200
GOOGL,2023-07-14,123.7031,125.6657,122.4046,124.3176,33283100
MSFT,2023-07-14,339.5556,343.3069,336.3515,337.2599,28352700
AAPL,2023-07-14,187.4383,188.3744,186.8471,187.8916,41616200
AMZN,2023-07-14,134.06,136.65,134.06,134.68,54487100
AAPL,2023-07-17,189.0838,191.4683,188.9952,191.1432,50520200
AMZN,2023-07-17,134.56,135.62,133.21,133.56,48450200
GOOGL,2023-07-17,124.8331,125.9829,123.1084,123.5544,25716200
MSFT,2023-07-17,337.6898,338.9695,334.2902,337.7387,20363900
GOOGL,2023-07-18,123.5049,123.5841,121.8793,122.6722,26193600
MSFT,2023-07-18,337.8363,358.3021,334.2609,351.1806,64738600
AAPL,2023-07-18,190.5125,191.4782,189.5962,190.887,48288200
AMZN,2023-07-18,132.71,133.86,131.35,132.83,54882900
AAPL,2023-07-19,190.2662,195.3209,189.8228,192.2369,80507300
AMZN,2023-07-19,133.39,135.99,132.53,135.36,54531000
GOOGL,2023-07-19,123.5049,124.0798,120.7295,120.9574,37224000
MSFT,2023-07-19,353.3883,354.082,344.2936,346.8725,39732900
GOOGL,2023-07-20,120.3528,122.9993,117.1809,118.1523,37906800
MSFT,2023-07-20,345.3975,349.6958,337.387,338.8523,33778400
AAPL,2023-07-20,192.227,193.5868,189.675,190.2958,59581200
AMZN,2023-07-20,134.07,134.79,129.33,129.96,59820600
AAPL,2023-07-21,191.2516,192.1088,188.4237,189.1233,71951700
AMZN,2023-07-21,131.34,131.37,128.42,130.0,133307300
GOOGL,2023-07-21,119.5598,119.9266,117.6865,118.9651,72937900
MSFT,2023-07-21,341.0796,342.203,331.975,335.8239,69405400
GOOGL,2023-07-24,120.5907,121.9189,119.9167,120.4618,29686100
MSFT,2023-07-24,337.8559,338.9012,334.3977,337.133,26678100
AAPL,2023-07-24,190.5717,192.0497,189.4287,189.9214,45377800
AMZN,2023-07-24,130.31,131.66,128.35,128.8,45591100
AAPL,2023-07-25,190.4929,191.5865,190.0888,190.7786,37283200
AMZN,2023-07-25,129.31,129.58,128.53,129.13,39236700
GOOGL,2023-07-25,120.2933,122.0676,119.9563,121.1359,52509600
MSFT,2023-07-25,339.0867,343.7562,337.0939,342.8673,41637700
GOOGL,2023-07-26,128.9268,129.8288,127.1922,128.1338,61682100
MSFT,2023-07-26,333.5478,336.7031,325.4103,329.9626,58383700
AAPL,2023-07-26,190.8278,192.7689,190.483,191.6457,47471900
AMZN,2023-07-26,126.51,129.08,126.11,128.15,53910100
AAPL,2023-07-27,193.1434,194.306,189.7243,190.3845,47460200
AMZN,2023-07-27,131.0,132.63,127.79,128.25,52610700
GOOGL,2023-07-27,130.5127,132.0689,127.658,128.2626,44952100
MSFT,2023-07-27,332.61,333.4404,321.4442,323.0756,39635300
GOOGL,2023-07-28,129.6306,132.5645,129.4224,131.4147,36591200
MSFT,2023-07-28,325.9574,332.1508,325.4689,330.5488,28484900
AAPL,2023-07-28,191.8132,193.7444,191.2909,192.9561,48291400
AMZN,2023-07-28,129.69,133.01,129.33,132.21,46317400
AAPL,2023-07-31,193.1828,193.6065,192.3945,193.567,38824100
AMZN,2023-07-31,133.2,133.87,132.38,133.68,41901500
GOOGL,2023-07-31,131.5634,132.3564,130.6218,131.5535,28055500
MSFT,2023-07-31,329.1323,329.8943,325.6546,328.1554,25446000
GOOGL,2023-08-01,129.6305,131.4643,129.5314,130.3938,23166800
MSFT,2023-08-01,327.4423,330.7148,325.9867,328.5657,18311900
AAPL,2023-08-01,193.3602,193.8429,192.4142,192.7394,35175100
AMZN,2023-08-01,133.55,133.69,131.62,131.69,42098500
AAPL,2023-08-02,192.1778,192.3157,189.0346,189.7539,50389300
AMZN,2023-08-02,130.15,130.23,126.82,128.21,51027600
GOOGL,2023-08-02,128.3122,128.9466,126.4388,127.2516,26273300
MSFT,2023-08-02,325.9183,325.9183,318.8164,319.93,27761300
GOOGL,2023-08-03,126.8452,128.2528,126.3001,127.321,20089500
MSFT,2023-08-03,318.4647,322.255,318.4159,319.1094,18253700
AAPL,2023-08-03,188.7587,189.5469,187.8916,188.3645,61235200
AMZN,2023-08-03,127.48,129.84,126.41,128.91,88585200
AAPL,2023-08-04,182.7975,184.6301,179.2503,179.3193,115956800
AMZN,2023-08-04,141.06,143.63,139.32,139.57,153128500
GOOGL,2023-08-04,128.1437,130.3541,126.7858,126.984,26147200
MSFT,2023-08-04,324.2088,327.3934,319.676,320.2036,23741500
GOOGL,2023-08-07,128.0248,130.4532,127.886,130.3739,22746300
MSFT,2023-08-07,320.7799,323.4566,319.9495,322.4797,17741500
AAPL,2023-08-07,179.4572,180.4425,174.7473,176.2253,97576100
AMZN,2023-08-07,140.99,142.54,138.95,142.22,71213100
AAPL,2023-08-08,177.053,177.6245,174.974,177.1614,67823000
AMZN,2023-08-08,140.62,140.84,138.42,139.94,51710500
GOOGL,2023-08-08,129.4719,130.3541,128.4014,130.2451,23535200
MSFT,2023-08-08,319.4025,321.1511,315.534,318.5135,22327600
GOOGL,2023-08-09,130.5028,130.8795,127.8662,128.5204,24912900
MSFT,2023-08-09,318.9238,319.5491,313.6291,314.7818,22373300
AAPL,2023-08-09,178.2157,178.2748,174.4123,175.575,60378500
AMZN,2023-08-09,139.97,140.32,137.1,137.85,50017300
AAPL,2023-08-10,176.8461,178.0975,174.9937,175.3583,54686900
AMZN,2023-08-10,139.07,140.41,137.49,138.56,58928400
GOOGL,2023-08-10,130.1658,130.8894,128.3122,128.5501,20857800
MSFT,2023-08-10,318.4842,320.6725,313.7561,315.4657,20113700
GOOGL,2023-08-11,127.5292,128.788,127.0435,128.4213,19591100
MSFT,2023-08-11,312.8573,314.9576,311.8316,313.59,24355500
AAPL,2023-08-11,174.9537,176.2364,174.1941,175.4174,52036700
AMZN,2023-08-11,137.4,139.33,137.0,138.41,42905800
AAPL,2023-08-14,175.5951,177.2921,174.9439,177.0652,43675600
AMZN,2023-08-14,138.3,140.59,137.75,140.57,47148700
GOOGL,2023-08-14,128.2528,130.2154,127.8266,130.1757,24695600
MSFT,2023-08-14,313.9612,316.5696,312.6816,316.55,18836100
GOOGL,2023-08-15,129.9477,130.2649,128.1437,128.6393,19770700
MSFT,2023-08-15,315.5341,317.5758,313.4826,314.4204,16966300
AAPL,2023-08-15,176.4929,177.0849,174.6873,175.082,43622600
AMZN,2023-08-15,140.05,141.28,137.23,137.67,42781500
AAPL,2023-08-16,174.7663,176.1575,174.1447,174.2138,46964900
AMZN,2023-08-16,137.19,137.27,135.01,135.07,41675900
GOOGL,2023-08-16,127.5688,129.1349,126.7461,127.5688,25216100
MSFT,2023-08-16,314.0483,317.5922,313.0694,313.6568,20698900
GOOGL,2023-08-17,128.6592,130.8299,128.1536,128.7781,33446300
MSFT,2023-08-17,313.7939,315.0959,309.555,310.2109,21257200
AAPL,2023-08-17,174.7761,175.1412,171.165,171.678,66062900
AMZN,2023-08-17,135.46,136.09,133.53,133.98,48354100
AAPL,2023-08-18,170.0007,172.7633,169.6652,172.1615,61172200
AMZN,2023-08-18,131.62,134.07,131.15,133.22,48497700
GOOGL,2023-08-18,127.3805,128.114,125.2692,126.3397,30504800
MSFT,2023-08-18,307.8711,311.6793,304.9931,309.8193,24755000
GOOGL,2023-08-21,126.0622,127.5986,125.4476,127.2417,25248700
MSFT,2023-08-21,311.2388,315.9769,310.3675,315.1057,24040000
AAPL,2023-08-21,172.7338,173.7796,171.4215,173.4935,46311900
AMZN,2023-08-21,133.74,135.19,132.71,134.68,41442500
AAPL,2023-08-22,174.6972,175.3089,173.898,174.8649,42038900
AMZN,2023-08-22,135.08,135.65,133.73,134.25,32905400
GOOGL,2023-08-22,127.3805,129.1349,127.1922,127.9455,22054900
MSFT,2023-08-22,318.6495,319.2172,314.6945,315.6735,16084600
GOOGL,2023-08-23,129.0358,132.2374,128.7285,131.2066,27819700
MSFT,2023-08-23,317.0049,322.2717,316.6524,320.118,21166400
AAPL,2023-08-23,176.1377,179.1273,175.9503,178.703,52722800
AMZN,2023-08-23,134.5,135.95,133.22,135.52,42801000
AAPL,2023-08-24,178.259,178.6833,173.6612,174.0263,54945800
AMZN,2023-08-24,136.4,136.78,131.83,131.84,43646300
GOOGL,2023-08-24,132.7727,133.0701,128.4312,128.6393,28500700
MSFT,2023-08-24,325.8448,325.9721,313.2261,313.2359,23281400
GOOGL,2023-08-25,128.4014,129.6107,126.1316,128.7384,26762900
MSFT,2023-08-25,314.7043,318.5124,312.0905,316.1825,21684100
AAPL,2023-08-25,175.013,176.7593,173.4737,176.2265,51449600
AMZN,2023-08-25,132.47,133.87,130.58,133.26,44147500
AAPL,2023-08-28,177.6867,178.1801,176.1673,177.7854,43820700
AMZN,2023-08-28,133.78,133.95,131.85,133.14,34108400
GOOGL,2023-08-28,130.1559,131.375,128.9961,129.8585,20543300
MSFT,2023-08-28,318.8061,319.2858,314.949,316.8874,14808500
GOOGL,2023-08-29,131.0777,135.3697,131.0777,133.3872,43075600
MSFT,2023-08-29,315.1057,322.0563,315.1057,321.4983,19284600
AAPL,2023-08-29,177.302,182.4326,177.1047,181.663,53003900
AMZN,2023-08-29,133.38,135.14,133.25,134.91,38646100
AAPL,2023-08-30,182.472,185.3432,182.2747,185.1459,60813900
AMZN,2023-08-30,134.93,135.68,133.92,135.07,36137000
GOOGL,2023-08-30,133.5954,135.0822,132.8916,134.6857,28315800
MSFT,2023-08-30,321.7528,322.8688,319.5795,321.8702,15222100
GOOGL,2023-08-31,134.8145,136.7871,134.5965,134.9731,30053800
MSFT,2023-08-31,322.2716,323.9456,319.9025,320.8619,26411000
AAPL,2023-08-31,185.3334,186.5962,184.9781,185.363,60794500
AMZN,2023-08-31,135.06,138.79,135.0,138.01,58781300
AAPL,2023-09-01,186.9613,187.3856,185.7675,186.9317,45766500
AMZN,2023-09-01,139.46,139.96,136.88,138.12,40991500
GOOGL,2023-09-01,136.2518,136.2518,133.6648,134.4677,21543700
MSFT,2023-09-01,324.3372,325.0029,319.9026,321.743,14942000
GOOGL,2023-09-05,134.2496,135.221,133.3971,134.5767,19403100
MSFT,2023-09-05,322.0758,327.8027,321.743,326.5301,18553900
AAPL,2023-09-05,185.7675,187.4448,185.1064,187.1685,45280000
AMZN,2023-09-05,137.73,137.8,135.82,137.27,40636700
AAPL,2023-09-06,185.8859,186.3299,179.0484,180.4691,81755800
AMZN,2023-09-06,136.32,137.45,134.61,135.36,41785500
GOOGL,2023-09-06,134.8245,135.33,132.4951,133.2782,18684500
MSFT,2023-09-06,326.3636,327.4209,323.231,325.8741,17535800
GOOGL,2023-09-07,132.4158,134.3883,131.7815,134.0712,18844300
MSFT,2023-09-07,324.3176,326.0699,322.1052,322.9666,18381000
AAPL,2023-09-07,172.8423,175.8319,171.2242,175.1906,112488800
AMZN,2023-09-07,133.9,138.03,133.16,137.85,48498900
AAPL,2023-09-08,175.97,177.8348,175.4174,175.8023,65551300
AMZN,2023-09-08,136.86,138.85,136.75,138.23,38348200
GOOGL,2023-09-08,133.7242,135.4589,133.6648,135.1813,23558300
MSFT,2023-09-08,323.1428,329.0852,322.5262,327.2349,19530100
GOOGL,2023-09-11,135.3399,136.2716,134.5965,135.7166,20763400
MSFT,2023-09-11,330.1423,331.2976,328.3705,330.8276,16583300
AAPL,2023-09-11,177.667,177.894,174.9735,176.9665,58953100
AMZN,2023-09-11,138.75,143.62,138.64,143.1,56764500
AAPL,2023-09-12,177.0948,177.7263,172.4871,173.9474,90370200
AMZN,2023-09-12,142.32,143.0,140.61,141.23,42668500
GOOGL,2023-09-12,135.0624,135.667,134.0018,134.1505,18405500
MSFT,2023-09-12,328.7523,329.7019,324.5037,324.7875,17565500
GOOGL,2023-09-13,133.9026,135.6967,132.9709,135.5084,20749500
MSFT,2023-09-13,324.3372,329.7606,324.2002,328.9872,16544400
AAPL,2023-09-13,174.1545,174.934,171.6583,171.8852,84267900
AMZN,2023-09-13,140.95,144.98,140.87,144.85,60465200
AAPL,2023-09-14,171.6781,173.75,171.2636,173.3948,60895800
AMZN,2023-09-14,145.08,145.86,142.95,144.72,64033600
GOOGL,2023-09-14,136.3906,137.4809,135.0425,136.8862,24751000
MSFT,2023-09-14,332.0122,333.6862,329.4865,331.5717,20267000
GOOGL,2023-09-15,136.7673,137.3025,135.2805,136.1924,38919600
MSFT,2023-09-15,329.8291,330.299,322.7121,323.2701,37679800
AAPL,2023-09-15,174.1249,174.1447,171.5005,172.6745,109259500
AMZN,2023-09-15,142.69,143.57,140.09,140.39,102909300
AAPL,2023-09-18,174.125,176.9862,173.8191,175.5951,67257600
AMZN,2023-09-18,140.48,141.75,139.22,139.98,42823500
GOOGL,2023-09-18,135.4093,137.9369,135.4093,136.9953,21861300
MSFT,2023-09-18,320.9011,323.4464,319.4914,322.1346,16834200
GOOGL,2023-09-19,136.2122,137.1935,135.4192,136.8267,20353700
MSFT,2023-09-19,319.3054,322.4576,317.6803,321.7332,16505900
AAPL,2023-09-19,175.1511,177.2329,174.7662,176.6804,51826900
AMZN,2023-09-19,138.7,138.84,135.56,137.63,61482500
AAPL,2023-09-20,176.8678,177.302,173.0594,173.1481,58436200
AMZN,2023-09-20,138.55,139.37,135.2,135.29,46263700
GOOGL,2023-09-20,136.8664,136.8664,132.4456,132.5645,29927500
MSFT,2023-09-20,322.5751,322.6534,313.7645,314.019,21436500
GOOGL,2023-09-21,130.2848,131.0678,128.9268,129.2935,31503900
MSFT,2023-09-21,312.5408,318.5026,308.3704,312.8051,35560400
AAPL,2023-09-21,172.2207,173.9473,171.5399,171.609,63149100
AMZN,2023-09-21,131.94,132.24,129.31,129.33,70343300
AAPL,2023-09-22,172.3391,174.7169,171.7274,172.4575,56725400
AMZN,2023-09-22,131.11,132.03,128.52,129.12,59904300
GOOGL,2023-09-22,129.6107,130.8696,128.4609,129.1052,26397300
MSFT,2023-09-22,314.5575,314.6846,309.4962,310.3382,21447900
GOOGL,2023-09-25,128.6889,130.0171,127.8265,129.9576,20094600
MSFT,2023-09-25,309.927,310.9843,308.3704,310.8571,17836000
AAPL,2023-09-25,171.8754,174.6084,171.826,173.7303,46172700
AMZN,2023-09-25,129.36,131.78,128.77,131.27,46017800
AAPL,2023-09-26,172.4871,172.862,169.3693,169.6653,64588900
AMZN,2023-09-26,130.12,130.39,125.28,125.98,73048200
GOOGL,2023-09-26,128.6294,129.2142,126.1018,127.44,25718700
MSFT,2023-09-26,308.4977,309.232,303.4953,305.5706,26297600
GOOGL,2023-09-27,127.44,129.7495,127.44,129.3926,22746500
MSFT,2023-09-27,305.7272,307.6852,303.1722,306.2069,19410100
AAPL,2023-09-27,170.3164,170.7308,166.7941,168.1557,66921800
AMZN,2023-09-27,125.76,127.48,124.13,125.98,66553400
AAPL,2023-09-28,167.0802,169.7343,165.3832,168.4122,56294400
AMZN,2023-09-28,124.04,126.58,123.04,125.98,54555000
GOOGL,2023-09-28,128.6988,132.1284,128.6492,131.1471,22513100
MSFT,2023-09-28,304.4449,308.8404,302.9373,307.0391,19683600
GOOGL,2023-09-29,132.1086,132.8718,129.2142,129.7098,30859800
MSFT,2023-09-29,311.0626,312.7464,308.3509,309.1047,24147300
AAPL,2023-09-29,169.7244,170.7605,168.0669,168.9252,51861100
AMZN,2023-09-29,128.2,129.15,126.32,127.12,62411700
AAPL,2023-10-02,168.9351,171.974,168.649,171.4314,52164500
AMZN,2023-10-02,127.28,130.47,126.54,129.46,48029700
GOOGL,2023-10-02,130.0568,133.2385,130.0171,132.9907,22288000
MSFT,2023-10-02,309.6235,315.1154,308.5466,315.0273,20570000
GOOGL,2023-10-03,132.7628,133.08,130.6812,131.266,22989400
MSFT,2023-10-03,314.0777,314.6259,304.6601,306.7943,21033500
AAPL,2023-10-03,169.9613,171.313,168.5405,170.0994,49594600
AMZN,2023-10-03,128.06,128.52,124.25,124.72,51565000
AAPL,2023-10-04,168.8069,171.8852,168.6885,171.3426,53020300
AMZN,2023-10-04,126.06,127.36,125.68,127.0,44203900
GOOGL,2023-10-04,131.6229,134.3785,131.3652,134.0513,26752300
MSFT,2023-10-04,307.4209,313.3044,307.3915,312.2471,20720100
GOOGL,2023-10-05,133.8828,134.2991,132.2771,133.8828,19832600
MSFT,2023-10-05,312.3743,313.2456,308.2725,312.6386,16965600
AAPL,2023-10-05,171.4708,173.1087,170.3756,172.5759,48527900
AMZN,2023-10-05,126.71,126.73,124.33,125.96,39660600
AAPL,2023-10-06,171.4807,175.6148,170.869,175.1215,57266700
AMZN,2023-10-06,124.16,128.45,124.13,127.96,46836700
GOOGL,2023-10-06,132.8321,136.9457,132.8321,136.3708,27597600
MSFT,2023-10-06,309.8878,322.2618,309.6431,320.3724,25673600
GOOGL,2023-10-09,135.7364,137.7188,134.4181,137.2034,19278100
MSFT,2023-10-09,317.9152,323.3484,316.3783,322.8785,19891200
AAPL,2023-10-09,174.4505,176.6607,173.454,176.6014,42390800
AMZN,2023-10-09,126.22,128.79,124.76,128.26,38773700
AAPL,2023-10-10,175.7233,177.3217,175.5753,176.0095,43698000
AMZN,2023-10-10,128.82,130.74,128.05,129.48,42178600
GOOGL,2023-10-10,137.2827,138.492,136.123,136.8466,27786600
MSFT,2023-10-10,323.9946,324.1316,320.7738,321.4787,20557100
GOOGL,2023-10-11,137.362,139.8697,137.362,139.3147,25884300
MSFT,2023-10-11,324.2393,325.8154,322.2129,325.4238,20063200
AAPL,2023-10-11,175.822,177.45,175.23,177.4007,47551100
AMZN,2023-10-11,129.74,132.05,129.61,131.83,40741800
AAPL,2023-10-12,177.6671,179.9067,176.6508,178.2985,56743100
AMZN,2023-10-12,132.17,134.48,131.23,132.33,55528600
GOOGL,2023-10-12,139.8103,139.9788,137.0448,137.7486,24765500
MSFT,2023-10-12,323.6128,326.6083,321.8017,324.1904,19313100
GOOGL,2023-10-13,138.155,138.7695,135.4192,136.1527,23420500
MSFT,2023-10-13,325.3847,326.8041,319.4914,320.8326,21072400
AAPL,2023-10-13,178.999,179.5022,175.7628,176.4633,51427100
AMZN,2023-10-13,132.98,133.31,128.95,129.79,45786600
AAPL,2023-10-16,174.3913,176.6902,174.1545,176.3351,52517000
AMZN,2023-10-16,130.69,133.07,130.43,132.55,42832900
GOOGL,2023-10-16,136.9556,138.4028,136.7772,137.8774,28501900
MSFT,2023-10-16,324.0827,329.0656,323.6422,325.6392,22158000
GOOGL,2023-10-17,137.4115,138.6704,135.9743,138.492,23515800
MSFT,2023-10-17,322.6534,326.442,320.5193,325.0714,18338500
AAPL,2023-10-17,174.2927,176.0391,172.4674,174.786,57549400
AMZN,2023-10-17,130.39,132.58,128.71,131.47,49344600
AAPL,2023-10-18,173.237,175.2103,172.7732,173.4935,54764400
AMZN,2023-10-18,129.9,130.67,127.51,128.13,42699500
GOOGL,2023-10-18,138.2243,139.4832,136.1725,136.7475,23375000
MSFT,2023-10-18,325.4923,328.5271,321.3905,323.1624,23153600
GOOGL,2023-10-19,137.2827,138.4325,136.1726,136.5393,26066000
MSFT,2023-10-19,325.1595,329.79,323.9456,324.347,25052100
AAPL,2023-10-19,173.6908,175.4668,172.8522,173.1186,59302900
AMZN,2023-10-19,130.57,132.24,127.47,128.4,60961400
AAPL,2023-10-20,172.9705,173.0791,170.3362,170.573,64244000
AMZN,2023-10-20,128.05,128.17,124.97,125.17,56406400
GOOGL,2023-10-20,136.123,136.6582,133.8928,134.4082,26335700
MSFT,2023-10-20,324.7385,324.9344,318.6005,319.7948,25027700
GOOGL,2023-10-23,133.8531,136.4501,132.7727,135.3003,26317900
MSFT,2023-10-23,318.6201,325.7273,317.5629,322.3891,24374700
AAPL,2023-10-23,168.6293,171.6879,167.6624,170.6914,55980100
AMZN,2023-10-23,124.63,127.88,123.98,126.56,48260000
AAPL,2023-10-24,170.7407,171.3524,169.162,171.1255,43816600
AMZN,2023-10-24,127.74,128.8,126.34,128.56,46477400
GOOGL,2023-10-24,136.6186,138.1351,136.2122,137.59,44814300
MSFT,2023-10-24,324.3274,324.856,320.7053,323.5736,31153600
GOOGL,2023-10-25,127.0336,127.1822,123.9707,124.506,84366200
MSFT,2023-10-25,337.7587,338.9139,330.5144,333.5003,55053800
AAPL,2023-10-25,169.5863,170.7506,168.3728,168.8167,57157000
AMZN,2023-10-25,126.04,126.34,120.79,121.39,74577500
AAPL,2023-10-26,168.0965,169.093,163.4592,164.6629,70625300
AMZN,2023-10-26,120.63,121.64,118.35,119.57,100419500
GOOGL,2023-10-26,122.1865,123.2372,120.2041,121.2052,57061100
MSFT,2023-10-26,333.3729,334.44,320.0592,320.9892,37828500
GOOGL,2023-10-27,121.8,122.2262,119.1534,121.0962,44566500
MSFT,2023-10-27,323.4757,329.6333,321.4884,322.8687,29856500
AAPL,2023-10-27,164.6826,166.7053,164.6037,165.9751,58499100
AMZN,2023-10-27,126.2,130.02,125.52,127.74,125309300
AAPL,2023-10-30,166.7645,168.8858,166.6165,168.0175,51131000
AMZN,2023-10-30,129.72,133.0,128.56,132.71,72485500
GOOGL,2023-10-30,122.1271,124.2978,121.6711,123.3661,28940100
MSFT,2023-10-30,326.393,332.3059,324.8462,330.2109,22828100
GOOGL,2023-10-31,123.9608,124.2681,121.6116,122.9894,26292300
MSFT,2023-10-31,331.7185,331.8654,327.6461,330.994,20265300
AAPL,2023-10-31,167.0901,168.6194,165.6594,168.4911,44846000
AMZN,2023-10-31,132.75,133.57,131.71,133.09,51589400
AAPL,2023-11-01,168.7181,171.9049,167.8498,171.6485,56934900
AMZN,2023-11-01,133.96,137.35,133.71,137.0,61529400
GOOGL,2023-11-01,122.9795,125.3782,122.6326,125.3386,30082400
MSFT,2023-11-01,332.6387,340.1081,332.5016,338.7865,28158800
GOOGL,2023-11-02,127.2913,127.8464,125.8144,126.3695,27124600
MSFT,2023-11-02,339.9319,341.4885,337.514,340.9892,24348100
AAPL,2023-11-02,173.1777,175.4076,173.1186,175.2004,77334800
AMZN,2023-11-02,138.73,138.81,136.47,138.07,52236700
AAPL,2023-11-03,171.9149,174.4604,171.0367,174.2927,79829200
AMZN,2023-11-03,138.99,139.49,137.45,138.6,44059800
GOOGL,2023-11-03,126.8948,128.3915,126.7362,127.9653,26393100
MSFT,2023-11-03,342.2716,346.9314,340.02,345.3748,23637700
GOOGL,2023-11-06,127.9157,129.1944,127.5391,129.1052,19052700
MSFT,2023-11-06,346.0112,350.0152,345.9133,349.0264,23828300
AAPL,2023-11-06,174.0263,177.0356,173.8586,176.8382,63841300
AMZN,2023-11-06,138.76,140.73,138.36,139.74,44970400
AAPL,2023-11-07,176.7889,180.0054,176.5817,179.3937,70530000
AMZN,2023-11-07,140.55,143.37,140.5,142.71,53553500
GOOGL,2023-11-07,129.5612,130.7506,128.7385,129.8189,29757300
MSFT,2023-11-07,351.836,354.8316,350.1033,352.9422,25833900
GOOGL,2023-11-08,129.8189,131.048,129.6306,130.6812,26425800
MSFT,2023-11-08,354.068,356.2119,352.9618,355.5561,26767800
AAPL,2023-11-08,179.9166,181.0019,179.1668,180.4494,49340300
AMZN,2023-11-08,142.97,143.12,141.22,142.08,44521700
AAPL,2023-11-09,180.5185,181.663,179.3838,179.9758,53763500
AMZN,2023-11-09,142.02,142.65,139.84,140.6,36235400
GOOGL,2023-11-09,130.8002,131.385,128.9268,129.0953,23747800
MSFT,2023-11-09,354.6749,357.1126,352.7758,353.0988,24847300
GOOGL,2023-11-10,128.9565,131.6328,128.2726,131.4246,26913300
MSFT,2023-11-10,353.882,362.3109,353.4709,361.8899,28042100
AAPL,2023-11-10,181.7541,184.3228,181.3194,184.1549,66133400
AMZN,2023-11-10,140.46,143.65,139.91,143.56,49287800
AAPL,2023-11-13,183.5819,183.7893,181.9912,182.5741,43627500
AMZN,2023-11-13,142.08,143.23,140.67,142.59,35680600
GOOGL,2023-11-13,130.6218,131.4246,130.0964,130.929,18324800
MSFT,2023-11-13,360.4704,360.7152,358.1992,358.9628,19986500
GOOGL,2023-11-14,133.0106,134.5073,132.1482,132.4456,32395200
MSFT,2023-11-14,363.2016,364.1219,359.6187,362.4771,27683900
AAPL,2023-11-14,185.4392,185.8443,184.0561,185.1824,60108400
AMZN,2023-11-14,145.0,147.26,144.68,145.8,56674600
AAPL,2023-11-15,185.5874,187.2175,185.5182,185.7455,53790500
AMZN,2023-11-15,147.06,147.29,142.59,143.2,63875700
GOOGL,2023-11-15,133.6846,133.8432,132.396,133.4368,23861500
MSFT,2023-11-15,364.2037,366.0184,360.1132,362.6244,26860100
GOOGL,2023-11-16,134.0018,136.0139,133.1394,135.7265,28013200
MSFT,2023-11-16,363.8898,369.1771,363.1247,369.0005,27182300
AAPL,2023-11-16,187.2867,188.6599,186.3778,187.425,54412900
AMZN,2023-11-16,140.91,143.32,139.52,142.83,49653500
AAPL,2023-11-17,187.9585,188.0869,186.2988,187.4052,50922700
AMZN,2023-11-17,142.66,145.23,142.54,145.18,49636700
GOOGL,2023-11-17,134.8047,134.8641,132.4753,134.1207,37240600
MSFT,2023-11-17,366.4893,367.2348,360.0053,362.801,40157000
GOOGL,2023-11-20,132.515,135.4589,132.4456,135.0525,27815500
MSFT,2023-11-20,364.1448,371.649,363.929,370.2462,52465100
AAPL,2023-11-20,187.6029,189.5985,187.593,189.1441,46505100
AMZN,2023-11-20,145.13,146.63,144.73,146.13,41951200
AAPL,2023-11-21,189.1045,189.2132,187.4546,188.3438,38134500
AMZN,2023-11-21,143.91,144.05,141.5,143.9,71226000
GOOGL,2023-11-21,135.0921,135.9743,134.765,135.7661,22635300
MSFT,2023-11-21,368.51,369.0496,364.0467,365.9596,28423100
GOOGL,2023-11-22,136.2617,138.1946,136.2617,137.2728,17813900
MSFT,2023-11-22,370.7956,372.5515,367.8234,370.6484,23345300
AAPL,2023-11-22,189.1836,190.6062,188.5315,189.0057,39617700
AMZN,2023-11-22,144.57,147.74,144.57,146.71,45669100
AAPL,2023-11-24,188.571,188.6006,186.9705,187.6819,24048300
AMZN,2023-11-24,146.7,147.2,145.32,146.74,22378400
GOOGL,2023-11-24,136.8168,136.9159,134.7948,135.4886,12514300
MSFT,2023-11-24,370.1384,370.7662,367.9901,370.2365,10176600
GOOGL,2023-11-27,134.8344,137.2034,134.8046,135.211,23436500
MSFT,2023-11-27,369.5989,373.3854,369.03,371.394,22179200
AAPL,2023-11-27,187.6325,188.3734,186.6247,187.504,40552600
AMZN,2023-11-27,147.53,149.26,146.88,147.73,53762400
AAPL,2023-11-28,187.4941,188.7785,187.1187,188.1067,38415400
AMZN,2023-11-28,146.98,147.6,145.53,147.03,42711700
GOOGL,2023-11-28,134.884,136.0437,134.2297,135.9941,18730000
MSFT,2023-11-28,371.139,375.7003,370.9526,375.4061,20453100
GOOGL,2023-11-29,136.3609,137.0745,133.6548,133.8035,23967200
MSFT,2023-11-29,376.4458,376.9756,370.2463,371.6294,28963400
AAPL,2023-11-29,188.6007,189.7763,186.6939,187.0891,43014200
AMZN,2023-11-29,147.85,148.54,145.97,146.32,40610900
AAPL,2023-11-30,187.5534,188.0276,185.9233,187.6621,48794400
AMZN,2023-11-30,144.76,146.93,144.33,146.09,65814000
GOOGL,2023-11-30,133.863,134.3586,130.1261,131.3651,38988300
MSFT,2023-11-30,371.2762,372.8458,368.3139,371.6882,30554400
GOOGL,2023-12-01,130.701,130.9489,129.5215,130.701,31442300
MSFT,2023-12-01,369.5792,370.9526,364.2331,367.3721,33040500
AAPL,2023-12-01,188.0375,189.2527,186.9507,188.9366,45704800
AMZN,2023-12-01,146.0,147.25,145.55,147.03,39951800
AAPL,2023-12-04,187.6917,187.7609,185.1922,187.1484,43389500
AMZN,2023-12-04,145.25,145.35,142.81,144.84,48294200
GOOGL,2023-12-04,128.7384,128.8871,126.7758,128.1338,36669900
MSFT,2023-12-04,362.0652,362.4772,355.9834,362.1045,32063300
GOOGL,2023-12-05,127.8166,130.9786,127.1228,129.8387,27384800
MSFT,2023-12-05,359.4657,365.9694,358.6516,365.42,23065000
AAPL,2023-12-05,187.919,192.0585,187.8893,191.0903,66628400
AMZN,2023-12-05,143.55,148.57,143.13,146.88,46822400
AAPL,2023-12-06,192.1079,192.4142,189.7961,190.0036,41089700
AMZN,2023-12-06,147.58,147.85,144.28,144.52,39679000
GOOGL,2023-12-06,130.2847,130.6812,128.7385,128.8772,23576200
MSFT,2023-12-06,366.4206,367.0484,361.0156,361.7709,21182100
GOOGL,2023-12-07,133.8531,137.3422,133.5161,135.7265,56767100
MSFT,2023-12-07,361.2118,364.3704,359.3382,363.88,23118900
AAPL,2023-12-07,191.2978,192.6513,191.2583,191.9301,47477700
AMZN,2023-12-07,146.15,147.92,145.34,146.88,52352800
AAPL,2023-12-08,191.8609,193.6293,191.3373,193.3527,53406400
AMZN,2023-12-08,145.48,147.84,145.4,147.42,41906000
GOOGL,2023-12-08,133.0205,135.2011,132.8519,133.8035,32260100
MSFT,2023-12-08,362.1634,367.3231,361.2118,367.0975,20154400
GOOGL,2023-12-11,131.2165,132.168,130.2054,132.1185,31138000
MSFT,2023-12-11,361.4571,364.5176,359.1224,364.2233,27708800
AAPL,2023-12-11,190.784,191.1595,189.1144,190.8532,60943700
AMZN,2023-12-11,145.66,146.19,143.64,145.89,50907300
AAPL,2023-12-12,190.7544,192.3746,189.4108,192.3648,52696900
AMZN,2023-12-12,145.52,147.5,145.3,147.48,44944300
GOOGL,2023-12-12,130.6515,131.831,130.1063,131.3553,29032800
MSFT,2023-12-12,363.7819,367.2838,363.3993,367.2446,24838300
GOOGL,2023-12-13,132.2077,132.3266,130.4136,131.4048,30104800
MSFT,2023-12-13,368.8533,370.4425,363.7034,367.2348,30955500
AAPL,2023-12-13,192.7402,195.6151,192.5031,195.5756,70404200
AMZN,2023-12-13,148.12,149.46,146.82,148.84,52766200
AAPL,2023-12-14,195.6349,197.2156,193.7973,195.7238,66831600
AMZN,2023-12-14,149.93,150.54,145.52,147.42,58400800
GOOGL,2023-12-14,132.2077,132.5447,128.5501,130.7803,38722400
MSFT,2023-12-14,366.1949,366.6364,357.1899,358.9556,43277500
GOOGL,2023-12-15,130.4631,132.3365,130.027,131.4345,50847100
MSFT,2023-12-15,359.8582,365.3023,359.299,363.6642,78502300
AAPL,2023-12-15,195.1508,196.0103,194.6272,195.1903,128538400
AMZN,2023-12-15,148.38,150.57,147.88,149.97,110089300
AAPL,2023-12-18,193.7281,194.2617,192.0486,193.5305,55751900
AMZN,2023-12-18,150.56,154.85,150.05,154.07,62512800
GOOGL,2023-12-18,131.4643,135.9445,131.266,134.6064,32258000
MSFT,2023-12-18,362.4086,365.8909,361.6532,365.5476,21802900
GOOGL,2023-12-19,135.6373,136.2617,134.884,135.4489,25476800
MSFT,2023-12-19,364.4097,366.146,362.7911,366.146,20603700
AAPL,2023-12-19,193.7973,194.5778,193.5306,194.5679,40714100
AMZN,2023-12-19,154.4,155.12,152.69,153.79,43171300
AAPL,2023-12-20,194.5284,195.299,192.4833,192.4833,52242800
AMZN,2023-12-20,152.9,155.63,151.56,152.12,50322100
GOOGL,2023-12-20,137.7485,140.4546,136.8565,137.1241,49107200
MSFT,2023-12-20,367.8528,368.8632,363.468,363.5562,26316700
GOOGL,2023-12-21,138.264,139.4534,137.9567,139.1858,27488300
MSFT,2023-12-21,365.4593,367.274,362.9873,366.4207,17708000
AAPL,2023-12-21,193.738,194.7062,191.1693,192.3351,46482500
AMZN,2023-12-21,153.3,153.97,152.1,153.84,36305700
AAPL,2023-12-22,192.8291,193.0563,190.6457,191.2681,37149600
AMZN,2023-12-22,153.77,154.35,152.71,153.42,29514100
GOOGL,2023-12-22,139.5327,140.742,139.4733,140.2464,26532200
MSFT,2023-12-22,366.5579,368.0294,365.6064,367.4407,17107500
GOOGL,2023-12-26,140.3455,141.4259,139.9491,140.2762,16780300
MSFT,2023-12-26,367.8528,369.7558,366.3813,367.5193,12673100
AAPL,2023-12-26,191.278,191.5546,190.5074,190.7248,28919300
AMZN,2023-12-26,153.56,153.98,153.03,153.41,25067200
AAPL,2023-12-27,190.1715,191.1693,188.7883,190.8235,48087700
AMZN,2023-12-27,153.56,154.78,153.12,153.34,31434700
GOOGL,2023-12-27,140.3455,140.8312,138.6605,139.1363,19628600
MSFT,2023-12-27,366.5678,367.9116,365.7045,366.9405,14905400
GOOGL,2023-12-28,139.5427,139.8995,138.5217,138.9975,16045700
MSFT,2023-12-28,368.2157,369.2849,367.0288,368.1274,14327000
AAPL,2023-12-28,191.8016,192.3154,190.8433,191.2484,34049900
AMZN,2023-12-28,153.72,154.08,152.95,153.38,27057000
AAPL,2023-12-29,191.5645,192.0585,189.4207,190.211,42672100
AMZN,2023-12-29,153.1,153.89,151.03,151.94,39823200
GOOGL,2023-12-29,138.4027,139.1263,137.5602,138.4622,18733000
MSFT,2023-12-29,368.8337,369.9716,366.3618,368.873,18730800
GOOGL,2024-01-02,137.3322,138.2243,135.2804,136.9556,23711200
MSFT,2024-01-02,366.7345,368.7356,359.7797,363.8015,25258600
AAPL,2024-01-02,184.8958,186.1703,181.6751,183.404,82488700
AMZN,2024-01-02,151.54,152.38,148.39,149.93,47339400
AAPL,2024-01-03,182.0011,183.6411,181.2206,182.0307,58414500
AMZN,2024-01-03,149.2,151.05,148.33,148.47,49425500
GOOGL,2024-01-03,136.0437,138.4028,135.8752,137.699,24212100
MSFT,2024-01-03,361.9771,366.146,361.4865,363.5367,23083500
GOOGL,2024-01-04,137.2034,137.9369,135.1516,135.1912,27137700
MSFT,2024-01-04,363.6053,365.9891,360.1721,360.9274,20901500
AAPL,2024-01-04,179.956,180.8847,178.7014,179.7189,71983600
AMZN,2024-01-04,145.59,147.38,144.05,144.57,56039800
AAPL,2024-01-05,179.798,180.5587,177.9999,178.9977,62379700
AMZN,2024-01-05,144.69,146.59,144.53,145.24,45153100
GOOGL,2024-01-05,135.5481,135.9545,133.9621,134.537,22513900
MSFT,2024-01-05,361.9377,364.9688,359.5148,360.741,21004600
GOOGL,2024-01-08,135.0921,137.7882,135.0624,137.6197,21404000
MSFT,2024-01-08,362.2614,368.049,361.977,367.5487,23134000
AAPL,2024-01-08,179.8968,183.3645,179.3139,183.325,59144500
AMZN,2024-01-08,146.74,149.4,146.15,149.1,46757100
AAPL,2024-01-09,181.7047,182.9199,180.5291,182.91,42841800
AMZN,2024-01-09,148.33,151.71,148.21,151.37,43812600
GOOGL,2024-01-09,137.2827,140.2464,136.9358,139.7112,24759600
MSFT,2024-01-09,364.9198,368.8239,364.1154,368.6277,20830000
GOOGL,2024-01-10,139.7607,141.7431,139.6715,141.0294,21320200
MSFT,2024-01-10,369.1967,376.848,369.1476,375.4747,25514200
AAPL,2024-01-10,182.1296,184.1548,181.7047,183.9474,46792900
AMZN,2024-01-10,152.06,154.42,151.88,153.73,44421800
AAPL,2024-01-11,184.2932,184.797,181.4083,183.3546,49128400
AMZN,2024-01-11,155.04,157.17,153.12,155.18,49072700
GOOGL,2024-01-11,142.2288,143.9436,139.4039,140.8312,24008700
MSFT,2024-01-11,378.6431,383.2339,373.1302,377.2993,27850800
GOOGL,2024-01-12,141.416,141.9414,140.5735,141.3962,18785500
MSFT,2024-01-12,378.1429,381.2721,377.3189,381.0661,21661200
AAPL,2024-01-12,183.8189,184.4907,182.9594,183.6806,40477800
AMZN,2024-01-12,155.39,156.2,154.01,154.62,40484200
AAPL,2024-01-16,179.9659,182.0406,178.7507,181.4182,65603000
AMZN,2024-01-16,153.53,154.99,152.15,153.16,41384600
GOOGL,2024-01-16,140.7519,143.0813,140.2068,141.2376,22670500
MSFT,2024-01-16,386.1571,386.5201,380.2323,382.8317,27202300
GOOGL,2024-01-17,140.1076,140.5933,137.6792,140.2266,20968600
MSFT,2024-01-17,380.5854,382.6748,377.4758,382.047,22234100
AAPL,2024-01-17,179.0866,180.7266,178.1283,180.4796,47317400
AMZN,2024-01-17,151.49,152.15,149.91,151.71,34953400
AAPL,2024-01-18,183.8486,186.8619,183.5917,186.358,78005800
AMZN,2024-01-18,152.77,153.78,151.82,153.5,37850200
GOOGL,2024-01-18,140.8015,142.9425,140.742,142.2189,25746400
MSFT,2024-01-18,384.2541,386.4809,382.6846,386.3632,23392100
GOOGL,2024-01-19,143.4678,145.1628,143.111,145.0934,34271900
MSFT,2024-01-19,388.2171,391.0716,386.0001,391.0717,29331100
AAPL,2024-01-19,187.0496,189.638,186.5457,189.2527,68903000
AMZN,2024-01-19,153.83,155.76,152.74,155.34,51651600
AAPL,2024-01-22,189.9838,192.9773,189.9443,191.5547,60133900
AMZN,2024-01-22,156.89,157.05,153.9,154.78,43687500
GOOGL,2024-01-22,145.8071,147.0858,144.5582,144.7069,32200400
MSFT,2024-01-22,392.3959,392.9845,386.0885,388.9529,27016900
GOOGL,2024-01-23,144.6077,145.8864,144.2212,145.7476,21636100
MSFT,2024-01-23,388.2073,391.7681,386.422,391.2973,20525900
AAPL,2024-01-23,192.671,193.3922,191.4954,192.8291,42355600
AMZN,2024-01-23,154.85,156.21,153.93,156.02,37986000
AAPL,2024-01-24,193.0662,194.0147,191.9992,192.1573,53631300
AMZN,2024-01-24,157.8,158.51,156.48,156.87,48547300
GOOGL,2024-01-24,147.2344,148.5329,146.7983,147.393,25233500
MSFT,2024-01-24,393.887,397.899,392.8177,394.8875,24867000
GOOGL,2024-01-25,148.751,151.7048,148.2256,150.5352,29149100
MSFT,2024-01-25,396.614,399.2527,394.858,397.1535,21021200
AAPL,2024-01-25,192.8687,193.906,190.784,191.8313,54822100
AMZN,2024-01-25,156.95,158.51,154.55,157.75,43638600
AAPL,2024-01-26,191.9301,192.4142,189.6281,190.1023,44594000
AMZN,2024-01-26,158.42,160.72,157.91,159.12,51047400
GOOGL,2024-01-26,149.772,151.1993,149.6827,150.8524,26115500
MSFT,2024-01-26,396.663,398.4287,394.76,396.2314,17803300
GOOGL,2024-01-29,150.7235,152.4284,150.099,152.1608,27784300
MSFT,2024-01-29,398.3208,402.1661,396.6238,401.9111,24510200
AAPL,2024-01-29,189.6973,189.885,187.2966,189.4207,47145600
AMZN,2024-01-29,159.34,161.29,158.9,161.26,45270400
AAPL,2024-01-30,188.6402,189.4898,185.212,185.7751,55859400
AMZN,2024-01-30,160.7,161.73,158.49,159.0,45207400
GOOGL,2024-01-30,151.457,152.2698,149.8612,150.1288,36331800
MSFT,2024-01-30,404.4026,405.1775,398.7034,400.8026,33477600
GOOGL,2024-01-31,142.3577,142.7344,138.6406,138.8686,71910000
MSFT,2024-01-31,399.2037,407.4043,389.6394,390.0024,47871100
AAPL,2024-01-31,184.7871,184.8464,182.1295,182.1789,55467800
AMZN,2024-01-31,157.0,159.01,154.81,155.2,50284400
AAPL,2024-02-01,181.7739,184.6983,181.606,184.6093,64885400
AMZN,2024-02-01,155.87,159.76,155.62,159.28,76542400
GOOGL,2024-02-01,140.8709,141.8026,139.5525,139.9193,40466500
MSFT,2024-02-01,394.1714,400.2239,394.142,396.0843,30657700
GOOGL,2024-02-02,138.036,141.3665,135.3003,141.1286,62499600
MSFT,2024-02-02,396.1137,404.7852,395.8685,403.3824,28256700
AAPL,2024-02-02,177.6936,185.0737,177.091,183.6115,102551700
AMZN,2024-02-02,169.19,172.5,167.33,171.81,117218300
AAPL,2024-02-05,185.8838,186.9705,183.6016,185.4194,69668800
AMZN,2024-02-05,170.2,170.55,167.7,170.31,55081300
GOOGL,2024-02-05,141.5647,144.1914,141.5251,142.4171,38505400
MSFT,2024-02-05,402.0876,403.3236,396.2903,397.9186,25352300
GOOGL,2024-02-06,143.3786,144.0824,141.9315,142.8335,29128200
MSFT,2024-02-06,398.1443,400.1944,395.2308,397.7617,18382600
AAPL,2024-02-06,184.6093,187.0298,184.5204,187.0199,43490800
AMZN,2024-02-06,169.39,170.71,167.65,169.15,42505500
AAPL,2024-02-07,188.3438,188.7489,186.3382,187.1286,53439000
AMZN,2024-02-07,169.48,170.88,168.94,170.53,47174100
GOOGL,2024-02-07,143.4876,144.3401,142.6649,144.2608,25208900
MSFT,2024-02-07,399.6745,406.4037,399.6352,406.1585,22340500
GOOGL,2024-02-08,144.5482,145.0439,143.8247,144.6275,22563800
MSFT,2024-02-08,406.1585,407.6398,404.6675,406.2174,21225300
AAPL,2024-02-08,187.1088,187.257,185.0934,186.0517,40962000
AMZN,2024-02-08,169.65,171.43,168.88,169.84,42316500
AAPL,2024-02-09,186.6156,187.9411,185.9726,186.8134,45155200
AMZN,2024-02-09,170.9,175.0,170.58,174.45,56986000
GOOGL,2024-02-09,145.3908,148.1265,144.8952,147.6904,26829500
MSFT,2024-02-09,407.3356,412.7995,407.1787,412.5346,22032800
GOOGL,2024-02-12,147.1155,148.0274,146.0747,146.2333,21564100
MSFT,2024-02-12,412.5444,412.721,406.8452,407.3455,21202900
AAPL,2024-02-12,186.388,186.6354,184.7757,185.1317,41781900
AMZN,2024-02-12,174.8,175.39,171.54,172.34,51050400
AAPL,2024-02-13,183.7666,184.2019,181.531,183.0445,56529500
AMZN,2024-02-13,167.73,170.95,165.75,168.64,56345100
GOOGL,2024-02-13,143.6463,145.3809,142.4271,143.8643,27837700
MSFT,2024-02-13,397.2222,402.2544,395.7017,398.5759,27824900
GOOGL,2024-02-14,144.7961,145.2322,142.8236,144.6573,22704200
MSFT,2024-02-14,401.0327,402.7722,397.5931,402.4282,20401200
AAPL,2024-02-14,183.3215,183.5292,180.4726,182.1641,54630500
AMZN,2024-02-14,169.21,171.21,168.28,170.98,42815500
AAPL,2024-02-15,181.5706,182.5004,179.3943,181.8772,65434500
AMZN,2024-02-15,170.58,171.17,167.59,169.8,49855200
GOOGL,2024-02-15,141.8819,142.2586,139.2255,141.5152,37590700
MSFT,2024-02-15,401.1016,402.0745,397.318,399.5488,21825500
GOOGL,2024-02-16,141.7332,141.9314,138.9082,139.2849,31468900
MSFT,2024-02-16,400.9247,401.249,396.4826,397.0919,22296500
AAPL,2024-02-16,181.442,182.8565,179.7108,180.3439,49752500
AMZN,2024-02-16,168.74,170.42,167.17,169.51,48107700
AAPL,2024-02-20,179.8296,180.4626,178.0589,179.602,53665600
AMZN,2024-02-20,167.83,168.71,165.74,167.08,41980300
GOOGL,2024-02-20,138.4325,140.8312,138.264,139.8797,25144700
MSFT,2024-02-20,396.286,397.5144,391.1462,395.8438,24307900
GOOGL,2024-02-21,140.2068,141.4358,139.4435,141.2971,23223300
MSFT,2024-02-21,393.2689,395.3525,390.3699,395.2443,18518900
AAPL,2024-02-21,179.9779,180.9177,178.7117,180.3539,41371400
AMZN,2024-02-21,168.94,170.23,167.14,168.59,44420100
AAPL,2024-02-22,181.5013,182.9654,180.4923,182.3817,52292200
AMZN,2024-02-22,173.1,174.8,171.77,174.58,55392400
GOOGL,2024-02-22,143.6562,143.7256,141.5449,142.8235,27191900
MSFT,2024-02-22,403.1162,405.7106,401.5241,404.551,27009900
GOOGL,2024-02-23,142.4072,143.4083,142.1693,142.6947,19493800
MSFT,2024-02-23,408.5016,408.6884,401.9172,403.2635,16295900
AAPL,2024-02-23,183.0148,183.0445,180.2648,180.5517,45119700
AMZN,2024-02-23,174.28,175.75,173.7,174.99,59715200
AAPL,2024-02-26,180.2747,180.7891,178.7019,179.2064,40867400
AMZN,2024-02-26,175.7,176.37,174.26,174.73,44368600
GOOGL,2024-02-26,140.8907,141.1881,136.1824,136.3609,53641800
MSFT,2024-02-26,404.3643,405.0522,400.335,400.5119,16193500
GOOGL,2024-02-27,136.8069,138.0261,135.8851,137.6593,33099200
MSFT,2024-02-27,400.9541,401.2785,396.8855,400.4529,14835800
AAPL,2024-02-27,179.147,181.9366,177.6236,180.6605,54318900
AMZN,2024-02-27,174.08,174.62,172.86,173.54,31141700
AAPL,2024-02-28,180.5418,181.1452,178.1875,179.4636,48953900
AMZN,2024-02-28,172.44,174.05,172.27,173.16,28180500
GOOGL,2024-02-28,136.6879,136.797,134.2198,135.1813,37328600
MSFT,2024-02-28,401.1409,402.2415,398.3302,400.6888,13183100
GOOGL,2024-02-29,136.0734,137.6395,135.2011,137.243,42133000
MSFT,2024-02-29,401.5929,407.057,398.9198,406.5067,31947300
AAPL,2024-02-29,179.3152,180.6012,177.5939,178.8008,136682600
AMZN,2024-02-29,173.01,177.22,172.85,176.76,53805400
AAPL,2024-03-01,177.6137,178.5831,175.4671,177.7225,73563100
AMZN,2024-03-01,176.75,178.73,176.07,178.22,31981200
GOOGL,2024-03-01,137.2133,137.6494,135.7166,135.9346,31151100
MSFT,2024-03-01,404.1775,408.6982,403.7943,408.3346,17823400
GOOGL,2024-03-04,134.4676,134.4676,130.7506,132.1779,55999400
MSFT,2024-03-04,406.3101,410.1527,405.2095,407.7646,17596000
AAPL,2024-03-04,174.2504,174.9923,171.9158,173.2117,81510100
AMZN,2024-03-04,177.53,180.14,177.49,177.58,37381500
AAPL,2024-03-05,168.9185,170.1847,167.7908,168.2854,95132400
AMZN,2024-03-05,176.93,176.93,173.3,174.12,37228300
GOOGL,2024-03-05,130.7209,132.0689,129.5215,131.5039,40194800
MSFT,2024-03-05,406.8212,407.1061,393.7309,395.7062,26919200
GOOGL,2024-03-06,131.95,132.4059,129.6999,130.2451,35318600
MSFT,2024-03-06,396.0207,398.1729,391.5197,395.1559,22344100
AAPL,2024-03-06,169.2153,169.3933,166.8609,167.2962,68587700
AMZN,2024-03-06,175.54,176.46,173.26,173.51,32090900
AAPL,2024-03-07,167.3259,168.8888,166.673,167.1775,71765100
AMZN,2024-03-07,174.83,177.99,173.72,176.82,34063300
GOOGL,2024-03-07,131.6229,133.754,130.4532,133.1989,37738200
MSFT,2024-03-07,399.1163,402.7133,395.3033,402.0843,18718500
GOOGL,2024-03-08,133.0304,136.8763,132.8222,134.2198,39370400
MSFT,2024-03-08,400.9246,403.3422,397.3572,399.2146,18002200
AAPL,2024-03-08,167.1775,171.8268,167.1181,168.8888,76267000
AMZN,2024-03-08,176.44,178.79,174.33,175.35,37893200
AAPL,2024-03-11,171.075,172.4995,170.1946,170.8871,60139500
AMZN,2024-03-11,174.31,174.47,171.47,171.96,28484800
GOOGL,2024-03-11,134.9335,137.8774,134.9335,136.46,32437800
MSFT,2024-03-11,396.7971,398.684,394.3402,397.5439,16120800
GOOGL,2024-03-12,135.8256,138.155,135.8256,137.2827,27563400
MSFT,2024-03-12,400.5905,408.4034,399.7748,408.1184,22457000
AAPL,2024-03-12,171.2827,172.1532,169.1658,171.3618,59825400
AMZN,2024-03-12,173.5,176.76,171.98,175.39,36610600
AAPL,2024-03-13,170.9068,171.3223,168.9185,169.2845,52488700
AMZN,2024-03-13,175.9,177.62,175.55,176.56,30772600
GOOGL,2024-03-13,137.7783,139.8499,137.7684,138.5613,23347200
MSFT,2024-03-13,410.8898,410.9684,404.3544,407.9415,17115900
GOOGL,2024-03-14,139.9491,142.3279,139.2255,141.8423,42753400
MSFT,2024-03-14,412.9928,420.4422,410.7817,417.887,34157300
AAPL,2024-03-14,171.0453,172.4302,170.1946,171.1344,72913500
AMZN,2024-03-14,177.69,179.53,176.47,178.75,43705800
AAPL,2024-03-15,169.3241,170.7585,168.4536,170.7585,121752700
AMZN,2024-03-15,176.64,177.93,173.9,174.42,72147400
GOOGL,2024-03-15,141.2475,141.9215,138.7992,139.9391,49475400
MSFT,2024-03-15,412.0593,415.3122,405.6714,409.2388,45079900
GOOGL,2024-03-18,147.3038,150.8127,145.8765,146.382,69273700
MSFT,2024-03-18,407.1062,413.4745,406.6443,410.1232,20106000
AAPL,2024-03-18,173.6766,175.7936,171.6488,171.8466,75604200
AMZN,2024-03-18,175.8,176.69,174.28,174.48,31250700
AAPL,2024-03-19,172.4599,174.7054,171.164,174.1812,55215200
AMZN,2024-03-19,174.22,176.09,173.52,175.9,26880900
GOOGL,2024-03-19,146.8578,147.4822,144.7961,145.7377,24070400
MSFT,2024-03-19,410.6244,414.3982,408.3837,414.1427,19837900
GOOGL,2024-03-20,146.6992,147.5516,145.4503,147.4327,21311500
MSFT,2024-03-20,414.7225,418.6142,413.4056,417.8969,17860100
AAPL,2024-03-20,173.825,176.7432,173.2018,176.7432,53423100
AMZN,2024-03-20,176.14,178.53,174.64,178.15,29947200
AAPL,2024-03-21,175.1407,175.5759,168.9976,169.5219,106181300
AMZN,2024-03-21,179.99,181.42,178.15,178.15,32824300
GOOGL,2024-03-21,148.1562,149.0484,145.6089,146.3027,24755600
MSFT,2024-03-21,422.4175,423.3904,419.7935,421.9654,21296200
GOOGL,2024-03-22,147.8093,150.2477,147.6705,149.4448,29211800
MSFT,2024-03-22,422.2897,422.447,418.7223,421.3463,17648500
AAPL,2024-03-22,169.9077,171.1838,168.2261,170.4221,71160100
AMZN,2024-03-22,177.75,179.26,176.75,178.87,27995400
AAPL,2024-03-25,168.7306,170.0858,167.6226,169.0075,54288300
AMZN,2024-03-25,178.01,180.99,177.24,179.71,29815500
GOOGL,2024-03-25,148.6221,149.0582,146.5208,148.751,19229300
MSFT,2024-03-25,417.9067,420.0392,414.3392,415.5677,18060500
GOOGL,2024-03-26,148.8997,150.9217,148.6618,149.3457,22149100
MSFT,2024-03-26,418.2702,418.6437,414.0837,414.3785,16725600
AAPL,2024-03-26,168.1667,169.5714,167.7512,167.8799,57388400
AMZN,2024-03-26,180.15,180.45,177.95,178.3,29659000
AAPL,2024-03-27,168.5723,171.7279,168.2755,171.441,60273300
AMZN,2024-03-27,179.88,180.0,177.31,179.83,33272600
GOOGL,2024-03-27,149.8512,150.3072,147.5913,149.544,22879200
MSFT,2024-03-27,417.1204,417.1302,411.784,414.1623,16705000
GOOGL,2024-03-28,149.5241,150.099,148.8501,149.6034,24485400
MSFT,2024-03-28,413.7005,414.5947,411.8922,413.4646,21871200
AAPL,2024-03-28,169.8978,170.3727,168.6712,169.6307,65672700
AMZN,2024-03-28,180.17,181.7,179.26,180.38,38051600
AAPL,2024-04-01,169.3439,169.4032,167.6523,168.1964,46240500
AMZN,2024-04-01,180.79,183.0,179.95,180.97,29174500
GOOGL,2024-04-01,149.3655,154.3712,149.2863,154.1234,31730800
MSFT,2024-04-01,416.6389,420.511,414.9387,417.2482,16316000
GOOGL,2024-04-02,152.1509,153.3403,150.8127,153.2015,24586000
MSFT,2024-04-02,412.8651,415.096,410.6343,414.1722,17912000
AAPL,2024-04-02,167.2566,167.5138,166.4158,167.0192,49329500
AMZN,2024-04-02,179.07,180.79,178.38,180.69,32611500
AAPL,2024-04-03,166.9698,168.8393,166.762,167.8205,47691700
AMZN,2024-04-03,179.9,182.87,179.8,182.41,31046600
GOOGL,2024-04-03,152.25,153.7169,151.3876,153.5584,24705000
MSFT,2024-04-03,412.4917,415.9608,411.8627,413.1992,16502300
GOOGL,2024-04-04,152.1508,153.4097,149.1276,149.2069,34724700
MSFT,2024-04-04,417.661,421.2775,410.3689,410.6736,19370900
AAPL,2024-04-04,168.4536,170.066,166.9995,166.9994,53704400
AMZN,2024-04-04,184.0,185.1,180.0,180.0,41624300
AAPL,2024-04-05,167.7611,168.5525,167.128,167.7512,42104800
AMZN,2024-04-05,182.38,186.27,181.97,185.07,42374000
GOOGL,2024-04-05,148.7113,152.0715,148.2851,151.1596,23459200
MSFT,2024-04-05,412.7668,419.1548,411.106,418.1818,16554800
GOOGL,2024-04-08,151.4372,153.9053,151.2687,153.489,20702000
MSFT,2024-04-08,417.8379,419.9115,416.0001,417.2679,14272400
AAPL,2024-04-08,167.2072,167.3753,166.4257,166.6334,37425500
AMZN,2024-04-08,186.9,187.29,184.81,185.19,39221300
AAPL,2024-04-09,166.8807,168.2458,166.5345,167.8403,42373800
AMZN,2024-04-09,187.24,187.34,184.2,185.67,36520100
GOOGL,2024-04-09,154.718,157.1664,153.826,155.2236,31079500
MSFT,2024-04-09,419.086,420.3636,414.3491,418.9287,12496900
GOOGL,2024-04-10,154.837,155.2335,153.3205,154.7676,22838600
MSFT,2024-04-10,414.9093,416.7175,412.4622,415.9608,16216600
AAPL,2024-04-10,166.9797,167.2665,165.3079,165.9707,49709300
AMZN,2024-04-10,182.77,186.27,182.67,185.95,35879200
AAPL,2024-04-11,166.5246,173.5678,166.3465,173.1524,91070300
AMZN,2024-04-11,186.74,189.77,185.51,189.05,40020700
GOOGL,2024-04-11,155.5309,158.2765,155.0848,158.0089,27166400
MSFT,2024-04-11,418.4766,421.9654,415.0763,420.5502,17966400
GOOGL,2024-04-12,156.5716,158.8118,155.7588,156.3437,25353700
MSFT,2024-04-12,416.7371,417.8477,412.531,414.6242,19253800
AAPL,2024-04-12,172.3807,176.4365,172.3313,174.6461,101670900
AMZN,2024-04-12,187.72,188.38,185.08,186.13,38608800
AAPL,2024-04-15,173.4689,174.7252,170.6398,170.8277,73531800
AMZN,2024-04-15,187.43,188.69,183.0,183.62,48052400
GOOGL,2024-04-15,157.4637,157.8404,153.2313,153.4989,27136500
MSFT,2024-04-15,419.2431,419.4594,406.3003,406.5067,20273500
GOOGL,2024-04-16,152.8348,154.2819,152.0814,153.0429,20779500
MSFT,2024-04-16,407.4207,411.1846,406.5952,407.4305,16765600
AAPL,2024-04-16,169.8978,171.8861,166.4554,167.5534,73711200
AMZN,2024-04-16,183.27,184.83,182.26,183.32,32891300
AAPL,2024-04-17,167.7809,168.8097,166.1883,166.1883,50901200
AMZN,2024-04-17,184.31,184.57,179.82,181.28,31359700
GOOGL,2024-04-17,154.2522,155.6994,153.2214,154.1035,21763100
MSFT,2024-04-17,410.0545,411.6563,403.2538,404.7378,15855500
GOOGL,2024-04-18,153.9747,155.5606,153.261,154.6388,19883000
MSFT,2024-04-18,403.5486,404.7869,396.9838,397.2983,21029900
AAPL,2024-04-18,166.218,166.8214,164.7539,165.2386,43122900
AMZN,2024-04-18,181.47,182.39,178.65,179.22,30723800
AAPL,2024-04-19,164.4176,164.6055,162.3105,163.2206,68149400
AMZN,2024-04-19,178.74,179.0,173.44,174.63,56000700
GOOGL,2024-04-19,154.8271,154.9857,150.9614,152.7356,32615600
MSFT,2024-04-19,397.0624,398.4874,390.9104,392.2371,30565800
GOOGL,2024-04-22,152.9537,156.2544,152.7059,154.9064,26446200
MSFT,2024-04-22,393.1805,395.9028,388.9253,394.0453,20286900
AAPL,2024-04-22,163.735,165.4562,162.9931,164.0516,48116400
AMZN,2024-04-22,176.94,178.87,174.56,177.23,37924900
AAPL,2024-04-23,163.5669,165.2486,163.1415,165.1001,49537800
AMZN,2024-04-23,178.08,179.93,175.98,179.54,37046500
GOOGL,2024-04-23,155.5805,157.5728,154.9064,156.869,21151600
MSFT,2024-04-23,397.2688,401.1606,396.1092,400.5414,15734500
GOOGL,2024-04-24,156.1058,158.1675,155.7886,157.7314,22779100
MSFT,2024-04-24,402.497,405.3568,399.7649,402.0056,15065300
AAPL,2024-04-24,164.744,167.4743,164.4176,167.1973,48251800
AMZN,2024-04-24,179.94,180.32,176.18,176.59,34185100
AAPL,2024-04-25,167.7018,168.7701,166.3367,168.0579,50558300
AMZN,2024-04-25,169.68,173.92,166.32,173.67,49249400
GOOGL,2024-04-25,149.9999,155.1146,149.5439,154.6288,57109700
MSFT,2024-04-25,387.2348,392.9938,381.3383,392.1584,40586500
GOOGL,2024-04-26,172.8374,173.1744,168.1589,170.4387,64665300
MSFT,2024-04-26,405.0621,405.8777,398.7626,399.313,29694700
AAPL,2024-04-26,168.048,169.4923,167.3555,167.4743,44838400
AMZN,2024-04-26,177.8,180.82,176.13,179.62,43919800
AAPL,2024-04-29,171.5004,174.1317,171.2333,171.629,68169400
AMZN,2024-04-29,182.75,183.53,179.39,180.96,54063900
GOOGL,2024-04-29,167.5741,168.0598,163.7579,164.6896,45610000
MSFT,2024-04-29,398.2614,399.3129,392.3059,395.3131,19582100
GOOGL,2024-04-30,164.1544,166.6225,161.1709,161.3493,33562900
MSFT,2024-04-30,394.5662,395.2247,382.4587,382.6159,28781400
AAPL,2024-04-30,171.4608,173.1029,168.1667,168.4931,65934800
AMZN,2024-04-30,181.09,182.99,174.8,175.0,94639800
AAPL,2024-05-01,167.7513,170.8475,167.2863,167.4743,50383100
AMZN,2024-05-01,181.64,185.15,176.56,179.0,94645100
GOOGL,2024-05-01,162.8559,165.6511,161.6565,162.4198,33493200
MSFT,2024-05-01,385.8393,394.7922,383.579,388.1291,23562500
GOOGL,2024-05-02,163.3416,165.2645,162.4495,165.1555,24294500
MSFT,2024-05-02,390.8023,393.0331,387.8442,390.9792,17709400
AAPL,2024-05-02,170.6496,171.5498,169.0471,171.164,94214900
AMZN,2024-05-02,180.85,185.1,179.91,184.72,54303500
AAPL,2024-05-03,184.6371,184.9833,180.6902,181.4024,163224100
AMZN,2024-05-03,186.99,187.87,185.42,186.21,39172000
GOOGL,2024-05-03,166.0873,166.4838,161.6169,165.7701,34662400
MSFT,2024-05-03,395.3426,400.1286,394.9298,399.6471,17446700
GOOGL,2024-05-06,165.9881,166.6622,164.5707,166.6225,21871300
MSFT,2024-05-06,401.7108,406.7917,399.3621,406.4084,16996600
AAPL,2024-05-06,180.3835,182.2135,178.4743,179.7504,78569700
AMZN,2024-05-06,186.28,188.75,184.8,188.7,34725300
AAPL,2024-05-07,181.4716,182.906,179.3646,180.433,77305800
AMZN,2024-05-07,188.92,189.94,187.31,188.76,34048900
GOOGL,2024-05-07,167.019,170.2504,166.91,169.7448,28039700
MSFT,2024-05-07,407.5091,407.5189,402.0351,402.2808,20018200
GOOGL,2024-05-08,167.5146,168.6545,167.2569,167.8913,19569100
MSFT,2024-05-08,401.1311,405.121,399.6962,403.4602,11792300
AAPL,2024-05-08,180.8781,181.0958,179.4932,180.7693,45057100
AMZN,2024-05-08,187.44,188.43,186.39,188.0,26136400
AAPL,2024-05-09,180.5913,182.6686,180.1461,182.5796,48983000
AMZN,2024-05-09,188.88,191.7,187.44,189.5,43368400
GOOGL,2024-05-09,167.9012,169.1898,166.7018,168.4662,15346700
MSFT,2024-05-09,403.4897,405.6025,402.045,405.2095,14689700
GOOGL,2024-05-10,166.5532,168.3572,164.7293,167.1677,29799900
MSFT,2024-05-10,405.8188,408.2167,404.6984,407.5877,13402300
AAPL,2024-05-10,183.1541,183.3423,180.4103,181.3216,50759500
AMZN,2024-05-10,189.16,189.89,186.93,187.48,34141800
AAPL,2024-05-13,183.689,185.3333,182.8767,184.5211,72044800
AMZN,2024-05-13,188.0,188.31,185.36,186.57,24898600
GOOGL,2024-05-13,162.8163,167.7922,162.5586,167.6534,31327600
MSFT,2024-05-13,410.8013,411.1355,403.7353,406.5853,15440200
GOOGL,2024-05-14,168.2778,169.7448,167.3164,168.8428,25127100
MSFT,2024-05-14,404.9146,410.2903,404.4527,409.3763,15109300
AAPL,2024-05-14,185.7394,186.522,184.531,185.6602,52393600
AMZN,2024-05-14,183.82,187.72,183.45,187.07,38698200
AAPL,2024-05-15,186.1357,188.8498,185.6008,187.9286,70400000
AMZN,2024-05-15,185.97,186.72,182.73,185.99,75459900
GOOGL,2024-05-15,169.1303,171.1325,169.0114,170.9937,26948400
MSFT,2024-05-15,411.434,417.2526,410.8137,416.5338,22239500
GOOGL,2024-05-16,171.7669,173.5808,171.1722,172.6491,27867900
MSFT,2024-05-16,415.2737,418.8376,413.8461,414.4762,17530100
AAPL,2024-05-16,188.6715,189.2956,187.8692,188.0475,52845200
AMZN,2024-05-16,185.6,187.31,183.46,183.63,38834500
AAPL,2024-05-17,187.7206,189.0083,187.3937,188.0772,41282900
AMZN,2024-05-17,183.76,185.3,183.35,184.7,33175700
GOOGL,2024-05-17,172.6491,174.7207,172.1634,174.5125,24479300
MSFT,2024-05-17,416.0022,416.3763,411.562,413.7083,15352200
GOOGL,2024-05-20,174.6414,177.1987,174.5324,175.365,22554400
MSFT,2024-05-20,413.7083,420.1667,413.4917,418.7589,16272100
AAPL,2024-05-20,187.5423,190.1078,187.2253,189.2361,44361300
AMZN,2024-05-20,184.34,186.67,183.28,183.54,30511800
AAPL,2024-05-21,189.2857,190.9102,189.1172,190.5338,42309400
AMZN,2024-05-21,182.3,183.26,180.75,183.15,50839100
GOOGL,2024-05-21,175.3452,176.5842,174.2647,176.2868,16989400
MSFT,2024-05-21,420.2258,426.2708,418.2764,422.4016,21453300
GOOGL,2024-05-22,175.0875,175.593,173.67,174.8298,17880000
MSFT,2024-05-22,423.4354,425.7195,420.5212,423.8587,18073700
AAPL,2024-05-22,190.4545,190.9993,188.4734,189.0974,34648500
AMZN,2024-05-22,183.88,185.22,181.97,183.13,28148800
AAPL,2024-05-23,189.1767,189.1965,184.8678,185.1154,51005900
AMZN,2024-05-23,183.66,184.76,180.08,181.05,33670200
GOOGL,2024-05-23,175.5137,176.6833,171.4299,172.0246,21024900
MSFT,2024-05-23,426.2708,426.891,418.8376,420.3932,17211700
GOOGL,2024-05-24,173.4421,174.2251,172.1237,173.452,16579400
MSFT,2024-05-24,420.5803,424.3904,417.8433,423.5043,11855300
AAPL,2024-05-24,187.0371,188.7805,186.2644,188.1861,36327000
AMZN,2024-05-24,181.65,182.44,180.3,180.75,27471600
AAPL,2024-05-28,189.7017,191.1776,187.3145,188.1961,52280100
AMZN,2024-05-28,179.93,182.24,179.49,182.15,29927000
GOOGL,2024-05-28,172.9167,175.7119,172.8374,174.8496,20572200
MSFT,2024-05-28,422.9825,424.1541,419.9994,423.6619,15718000
GOOGL,2024-05-29,173.8881,175.2857,173.1843,174.3539,23388700
MSFT,2024-05-29,419.1035,424.2722,419.1035,422.5297,15517100
AAPL,2024-05-29,187.8196,190.4347,187.7206,188.4932,53068000
AMZN,2024-05-29,181.7,184.08,181.55,182.02,32009300
AAPL,2024-05-30,188.9588,190.3654,188.83,189.4838,49889100
AMZN,2024-05-30,181.31,181.34,178.36,179.32,29184700
GOOGL,2024-05-30,173.6601,173.68,170.2801,170.5973,22931500
MSFT,2024-05-30,417.7349,417.7349,407.8306,408.254,28394500
GOOGL,2024-05-31,170.3495,171.5389,167.9508,170.9839,37638900
MSFT,2024-05-31,410.3018,410.3018,398.2512,408.7069,47995300
AAPL,2024-05-31,189.6324,190.7517,188.1168,190.4347,75158300
AMZN,2024-05-31,178.3,179.21,173.87,176.44,58903900
AAPL,2024-06-03,191.0786,193.1488,190.7022,192.1979,50080500
AMZN,2024-06-03,177.7,178.7,175.92,178.34,30786600
GOOGL,2024-06-03,171.0235,172.996,169.6556,171.648,27459100
MSFT,2024-06-03,409.1007,409.9867,402.5929,407.1218,17484700
GOOGL,2024-06-04,171.757,172.322,170.3792,172.2625,26879600
MSFT,2024-06-04,406.0486,409.9966,403.3411,409.6323,14348900
AAPL,2024-06-04,192.8021,193.4757,191.2073,192.5149,47471400
AMZN,2024-06-04,177.64,179.82,176.44,179.34,27198400
AAPL,2024-06-05,193.5549,195.0408,193.03,194.0205,54156800
AMZN,2024-06-05,180.1,181.5,178.75,181.28,32116400
GOOGL,2024-06-05,173.6601,175.0974,172.4013,173.8683,22068500
MSFT,2024-06-05,411.3454,417.5183,409.8587,417.4495,16988000
GOOGL,2024-06-06,174.354,175.593,174.2053,175.1767,23251000
MSFT,2024-06-06,417.4494,418.7293,414.0725,417.9515,14861300
AAPL,2024-06-06,193.8422,194.6446,192.3366,192.6437,41181800
AMZN,2024-06-06,181.75,185.0,181.49,185.0,31371200
AAPL,2024-06-07,192.812,195.0804,192.3069,195.0309,53103900
AMZN,2024-06-07,184.9,186.29,183.36,184.3,28021500
GOOGL,2024-06-07,175.4939,176.3067,172.768,172.9266,19661400
MSFT,2024-06-07,419.6056,419.6844,416.4551,417.292,13621700
GOOGL,2024-06-10,173.6312,175.7052,171.4381,173.6709,23726700
MSFT,2024-06-10,418.1288,421.4565,417.3313,421.2498,13982900
AAPL,2024-06-10,195.0408,195.437,190.3357,191.2965,97010200
AMZN,2024-06-10,184.07,187.23,183.79,187.06,34445600
AAPL,2024-06-11,191.8215,205.2039,191.8017,205.194,172373300
AMZN,2024-06-11,187.06,187.77,184.54,187.23,27265100
GOOGL,2024-06-11,174.8716,175.4869,172.4404,175.2686,21540600
MSFT,2024-06-11,418.8967,426.1232,418.6703,425.9853,14551100
GOOGL,2024-06-12,176.8861,179.0296,174.7625,176.4296,27864700
MSFT,2024-06-12,428.5845,436.5394,426.5465,434.2357,22366200
AAPL,2024-06-12,205.4119,218.1208,204.9464,211.0581,198134300
AMZN,2024-06-12,188.02,188.35,185.43,186.89,33984200
AAPL,2024-06-13,212.7124,214.7034,209.602,212.2171,97862700
AMZN,2024-06-13,186.09,187.67,182.67,183.83,39721500
GOOGL,2024-06-13,174.7625,175.3877,173.5419,173.8197,20913300
MSFT,2024-06-13,434.0289,436.5296,432.5718,434.7476,15960600
GOOGL,2024-06-14,172.8869,175.7052,172.8175,175.4373,18063600
MSFT,2024-06-14,431.4986,436.2835,429.9628,435.7223,13582000
AAPL,2024-06-14,211.8308,213.1383,209.3048,210.4836,70122700
AMZN,2024-06-14,183.08,183.72,182.23,183.66,25456400
AAPL,2024-06-17,211.3553,216.8826,210.7114,214.6241,93728300
AMZN,2024-06-17,182.52,185.0,181.22,184.06,35601900
GOOGL,2024-06-17,174.1174,176.9952,173.4724,175.8838,19618500
MSFT,2024-06-17,435.742,443.9628,433.9009,441.4325,20790000
GOOGL,2024-06-18,175.7846,176.0327,172.7679,173.7502,21869900
MSFT,2024-06-18,442.7518,443.1752,438.0064,439.434,17112500
AAPL,2024-06-18,215.5354,216.5656,210.9888,212.2666,79943300
AMZN,2024-06-18,183.74,184.29,181.43,182.81,36659200
AAPL,2024-06-20,211.91,212.2171,206.878,207.7001,86172500
AMZN,2024-06-20,182.91,186.51,182.72,186.1,44726800
GOOGL,2024-06-20,174.0281,175.9334,173.6511,174.951,20160100
MSFT,2024-06-20,439.3945,439.621,434.4424,438.8038,19877400
GOOGL,2024-06-21,175.6457,179.4662,175.2586,178.2556,57759000
MSFT,2024-06-21,440.4579,443.6083,439.6013,442.8208,34187100
AAPL,2024-06-21,208.4034,209.8893,205.1544,205.5308,241805100
AMZN,2024-06-21,187.8,189.28,185.86,189.08,70792500
AAPL,2024-06-24,205.7587,210.6916,204.6393,206.1747,80727000
AMZN,2024-06-24,189.33,191.0,185.33,185.57,50610400
GOOGL,2024-06-24,178.7815,179.5059,177.3029,177.8487,18298000
MSFT,2024-06-24,442.8404,445.7448,439.5029,440.7434,15913700
GOOGL,2024-06-25,178.2456,182.8799,178.0471,182.6219,23130200
MSFT,2024-06-25,441.3144,444.4354,439.8376,443.9726,16413400
AAPL,2024-06-25,207.1751,209.3841,206.6402,207.0959,55549700
AMZN,2024-06-25,186.81,188.84,185.42,186.34,45366400
AAPL,2024-06-26,209.5029,212.8312,208.651,211.2364,66213200
AMZN,2024-06-26,186.92,194.8,186.26,193.61,65103900
GOOGL,2024-06-26,181.2326,183.0982,181.0837,182.473,19839000
MSFT,2024-06-26,442.0528,446.5817,441.2554,445.1639,16507000
GOOGL,2024-06-27,182.7707,184.6264,182.612,183.9913,18848900
MSFT,2024-06-27,445.1836,449.1119,444.7799,445.8433,14806300
AAPL,2024-06-27,212.6628,213.7029,210.3449,212.0784,49772700
AMZN,2024-06-27,195.01,199.84,194.2,197.85,74397500
AAPL,2024-06-28,213.7326,214.0298,208.3143,208.6312,82542700
AMZN,2024-06-28,197.73,198.85,192.5,193.25,76930200
GOOGL,2024-06-28,182.9097,183.7134,180.5677,180.7562,29156600
MSFT,2024-06-28,446.0598,448.3341,439.5029,440.0345,28362300
GOOGL,2024-07-01,181.6295,182.473,179.9127,181.5898,16006100
MSFT,2024-07-01,441.718,450.2933,438.7645,449.6632,17662800
AAPL,2024-07-01,210.0874,215.4562,209.919,214.7034,60402900
AMZN,2024-07-01,193.49,198.3,192.82,197.2,41192000
AAPL,2024-07-02,214.109,218.2991,213.069,218.1901,58046200
AMZN,2024-07-02,197.28,200.43,195.93,200.0,45600000
GOOGL,2024-07-02,180.657,184.1501,180.1708,183.8226,17372500
MSFT,2024-07-02,446.1878,452.4789,446.0992,452.1737,13979800
GOOGL,2024-07-03,183.4356,184.6661,182.5921,184.3982,10242100
MSFT,2024-07-03,451.1006,453.8868,450.7954,453.6407,9932800
AAPL,2024-07-03,217.9227,219.4581,216.9618,219.458,37369800
AMZN,2024-07-03,199.94,200.03,196.76,197.59,31597900
AAPL,2024-07-05,219.5571,224.3118,219.5571,224.2028,60412400
AMZN,2024-07-05,198.65,200.55,198.17,200.0,39858900
GOOGL,2024-07-05,184.4379,189.3996,184.3783,189.1416,20967500
MSFT,2024-07-05,452.4986,461.1034,451.8685,460.3256,16000300
GOOGL,2024-07-08,188.4469,188.7149,186.3432,187.5836,21035900
MSFT,2024-07-08,459.3313,460.4635,457.2736,459.0261,12962300
AAPL,2024-07-08,224.9457,225.6986,221.142,225.6689,59085900
AMZN,2024-07-08,200.04,201.2,197.96,199.29,34767300
AAPL,2024-07-09,225.7778,227.2339,224.2326,226.5207,48076100
AMZN,2024-07-09,199.4,200.57,199.05,199.34,32700100
GOOGL,2024-07-09,188.8538,189.8958,187.276,187.534,15121400
MSFT,2024-07-09,459.7743,460.0991,450.9135,452.4297,17207200
GOOGL,2024-07-10,187.7027,190.2828,187.5836,189.7171,15952500
MSFT,2024-07-10,454.0837,459.2427,451.7602,459.0359,18196100
AAPL,2024-07-10,227.1349,230.8792,227.0854,230.7801,62627700
AMZN,2024-07-10,200.0,200.11,197.69,199.79,32883800
AAPL,2024-07-11,229.2051,230.1957,223.6382,225.4212,64710600
AMZN,2024-07-11,200.09,200.27,192.86,195.05,44565000
GOOGL,2024-07-11,188.3974,189.3996,183.6638,184.1501,25625800
MSFT,2024-07-11,455.8165,457.5887,444.5634,447.6646,23111200
GOOGL,2024-07-12,183.6638,185.6783,183.0784,183.6539,22898400
MSFT,2024-07-12,447.3003,449.2989,443.6773,446.5324,16324300
AAPL,2024-07-12,226.7584,230.4433,226.5207,228.3631,53046500
AMZN,2024-07-12,194.8,196.47,193.83,194.49,30598500
AAPL,2024-07-15,234.2471,234.99,230.8891,232.1867,62631300
AMZN,2024-07-15,194.56,196.19,190.83,192.72,40683200
GOOGL,2024-07-15,183.5051,186.7996,183.505,185.1028,16474000
MSFT,2024-07-15,446.2863,450.185,444.4452,446.9361,14429400
GOOGL,2024-07-16,185.9264,187.2363,181.9669,182.5127,18290700
MSFT,2024-07-16,447.192,447.2708,439.749,442.5648,17175700
AAPL,2024-07-16,232.7811,234.0391,230.1363,232.6028,43234300
AMZN,2024-07-16,195.59,196.62,192.24,193.02,33994700
AAPL,2024-07-17,227.2835,229.2745,224.5,226.7189,57345900
AMZN,2024-07-17,191.35,191.58,185.99,187.93,48076100
GOOGL,2024-07-17,181.57,182.1455,178.5235,179.6349,20734100
MSFT,2024-07-17,435.742,437.967,432.3847,436.6576,21778000
GOOGL,2024-07-18,180.5379,181.1036,175.1197,176.3304,25315700
MSFT,2024-07-18,437.4649,437.7701,427.6787,433.5563,20794800
AAPL,2024-07-18,228.1056,228.2641,220.1712,222.0632,66034600
AMZN,2024-07-18,189.59,189.68,181.45,183.75,51043600
AAPL,2024-07-19,222.6972,224.6585,221.1717,222.192,49151500
AMZN,2024-07-19,181.14,184.93,180.11,183.13,43081800
GOOGL,2024-07-19,177.5113,178.9105,175.7747,176.3006,18881900
MSFT,2024-07-19,426.3988,434.3144,425.3158,430.3468,20940400
GOOGL,2024-07-22,179.2082,181.302,178.8509,180.2799,24100300
MSFT,2024-07-22,434.9543,437.7209,432.1189,436.0865,15808800
AAPL,2024-07-22,224.8665,225.6292,220.9835,221.8453,48201800
AMZN,2024-07-22,185.0,185.06,182.48,182.55,39931900
AAPL,2024-07-23,222.2514,224.7971,220.5774,222.8854,39960300
AMZN,2024-07-23,184.1,189.39,183.56,186.41,47537700
GOOGL,2024-07-23,180.657,182.2051,180.1509,180.399,36352700
MSFT,2024-07-23,437.0317,441.4523,436.2441,437.967,13107100
GOOGL,2024-07-24,172.2717,174.8419,170.5053,171.3091,49585200
MSFT,2024-07-24,433.6351,434.6491,420.974,422.2638,26805800
AAPL,2024-07-24,221.8849,222.6773,215.0798,216.4764,61777600
AMZN,2024-07-24,183.2,185.45,180.41,180.83,41532400
AAPL,2024-07-25,216.8628,218.7647,212.5935,215.4364,51391200
AMZN,2024-07-25,182.91,183.9,176.8,179.85,44464200
GOOGL,2024-07-25,171.1999,172.093,165.9107,166.0,44852000
MSFT,2024-07-25,422.1653,423.1499,411.0501,411.9262,29943800
GOOGL,2024-07-26,165.871,166.8038,162.8047,165.7222,41336900
MSFT,2024-07-26,411.7294,422.2835,410.8137,418.69,23583800
AAPL,2024-07-26,216.635,217.4175,213.9703,215.902,41601300
AMZN,2024-07-26,180.39,183.19,180.24,182.5,29506000
AAPL,2024-07-29,214.9114,217.2293,213.7128,216.1793,36311800
AMZN,2024-07-29,183.84,184.75,182.38,183.2,33270100
GOOGL,2024-07-29,167.5382,169.1259,166.7046,168.2328,20293800
MSFT,2024-07-29,424.9023,425.4635,418.1288,420.1274,15125800
GOOGL,2024-07-30,168.9374,169.9198,167.1512,168.987,18959700
MSFT,2024-07-30,421.1021,422.4115,410.9023,416.3763,32687600
AAPL,2024-07-30,217.1203,218.2496,214.0793,216.734,41643800
AMZN,2024-07-30,184.72,185.86,179.38,181.71,39508600
AAPL,2024-07-31,219.3491,221.7066,218.5468,219.983,50036300
AMZN,2024-07-31,185.05,187.94,184.46,186.98,41667300
GOOGL,2024-07-31,171.9144,172.9167,168.7091,170.2274,25729100
MSFT,2024-07-31,413.9937,415.254,405.832,411.877,42891400
GOOGL,2024-08-01,168.9473,172.7182,167.5878,169.4534,24531400
MSFT,2024-08-01,414.2793,420.8461,406.6984,410.6562,30296400
AAPL,2024-08-01,222.2514,222.3604,214.9708,216.2982,62501000
AMZN,2024-08-01,189.29,190.6,181.87,184.07,70435600
AAPL,2024-08-02,217.0807,223.4698,215.6543,217.784,105568600
AMZN,2024-08-02,166.75,168.77,160.55,167.9,141448400
GOOGL,2024-08-02,165.1665,167.2206,163.41,165.3848,29130100
MSFT,2024-08-02,406.1076,408.5788,398.0837,402.1695,29437900
GOOGL,2024-08-05,154.3102,163.1718,153.7445,158.0315,53630700
MSFT,2024-08-05,383.1485,394.8349,379.614,389.0359,40709200
AAPL,2024-08-05,197.2101,211.4841,194.1493,207.294,119548600
AMZN,2024-08-05,154.21,162.96,151.61,161.02,83149400
AAPL,2024-08-06,203.3615,208.0072,199.1714,205.2732,69660500
AMZN,2024-08-06,161.71,165.08,158.54,161.93,59950800
GOOGL,2024-08-06,158.1109,159.3414,155.2132,157.0788,49004600
MSFT,2024-08-06,393.811,399.3932,392.3342,393.427,24946500
GOOGL,2024-08-07,160.0162,161.7329,157.2574,157.7238,25138600
MSFT,2024-08-07,402.3173,403.735,391.3201,392.2653,20650900
AAPL,2024-08-07,204.9464,211.6227,204.4412,207.8388,63516400
AMZN,2024-08-07,166.55,167.58,161.43,162.77,48408200
AAPL,2024-08-08,211.0978,212.1774,206.8582,211.2959,47161100
AMZN,2024-08-08,165.17,166.69,162.55,165.8,44616200
GOOGL,2024-08-08,159.2818,162.4375,158.9841,160.7902,25578800
MSFT,2024-08-08,396.2132,399.5803,393.7519,396.4594,20203000
GOOGL,2024-08-09,158.7857,162.5367,157.8429,162.4177,28602300
MSFT,2024-08-09,397.7786,401.7364,396.036,399.7378,19276700
AAPL,2024-08-09,210.0973,214.7331,209.9685,214.1982,42201600
AMZN,2024-08-09,166.4,168.55,165.85,166.94,36401000
AAPL,2024-08-12,214.2775,217.689,213.8115,215.7254,38028100
AMZN,2024-08-12,168.14,168.55,166.11,166.8,30072800
GOOGL,2024-08-12,163.0925,163.6382,160.6016,161.0482,15895300
MSFT,2024-08-12,400.7617,402.4354,397.9853,400.5156,16762900
GOOGL,2024-08-13,162.1596,163.4695,161.723,162.9039,18551700
MSFT,2024-08-13,403.2526,408.5296,403.2329,407.6042,19414300
AAPL,2024-08-13,217.1932,220.0492,217.1931,219.4344,44155300
AMZN,2024-08-13,167.81,171.04,167.1,170.23,39237900
AAPL,2024-08-14,218.7402,221.1798,217.8774,219.8806,41960600
AMZN,2024-08-14,172.11,172.28,168.86,170.1,28843800
GOOGL,2024-08-14,161.1574,161.9711,156.5033,159.1429,40591100
MSFT,2024-08-14,408.382,411.2568,406.0684,410.4101,18267000
GOOGL,2024-08-15,159.2719,160.4032,158.3887,160.0658,31524300
MSFT,2024-08-15,414.0495,415.3416,411.9389,415.2627,20752100
AAPL,2024-08-15,222.7368,223.4805,220.912,222.8558,46414000
AMZN,2024-08-15,174.86,177.91,173.99,177.59,51698500
AAPL,2024-08-16,222.0624,224.9483,221.7946,224.1747,44340200
AMZN,2024-08-16,177.04,178.34,176.26,177.06,31489200
GOOGL,2024-08-16,160.2345,163.797,159.8971,161.7131,24208600
MSFT,2024-08-16,414.8386,415.5684,411.5838,412.7378,22775600
GOOGL,2024-08-19,164.0153,165.4145,163.0031,165.3947,22416200
MSFT,2024-08-19,413.2211,415.9728,410.7553,415.7559,15234000
AAPL,2024-08-19,223.8475,224.1152,221.1897,224.0161,40687800
AMZN,2024-08-19,177.64,178.3,176.16,178.22,31129800
AAPL,2024-08-20,223.8971,225.2854,223.5797,224.6309,30299000
AMZN,2024-08-20,177.92,179.01,177.43,178.88,26255200
GOOGL,2024-08-20,165.6229,167.3496,165.5435,165.9008,18341500
MSFT,2024-08-20,415.9235,420.0265,415.8644,418.981,16387600
GOOGL,2024-08-21,163.8863,165.5733,163.41,164.581,22902000
MSFT,2024-08-21,418.2709,420.5591,415.9432,418.3301,16067300
AAPL,2024-08-21,224.6408,226.0887,223.183,224.5218,34765500
AMZN,2024-08-21,179.92,182.39,178.89,180.11,35599100
AAPL,2024-08-22,225.9003,226.4457,222.0425,222.6673,43695300
AMZN,2024-08-22,181.38,181.47,175.68,176.13,32047500
GOOGL,2024-08-22,165.9802,166.3076,162.0604,162.5466,22493300
MSFT,2024-08-22,418.5471,420.9438,408.9306,409.8578,19361900
GOOGL,2024-08-23,163.4596,164.9085,162.5764,164.3527,13955700
MSFT,2024-08-23,411.2682,413.517,406.4452,411.0808,18493800
AAPL,2024-08-23,223.788,226.3267,222.469,224.9582,38677300
AMZN,2024-08-23,177.34,178.97,175.24,177.04,29150100
AAPL,2024-08-26,224.8788,225.3945,222.0326,225.2953,30602200
AMZN,2024-08-26,176.7,177.47,174.3,175.5,22366200
GOOGL,2024-08-26,165.1069,166.268,163.2016,164.8886,14190400
MSFT,2024-08-26,410.6665,411.5641,405.7054,407.826,13152800
GOOGL,2024-08-27,164.571,165.1665,163.2016,163.4199,11821900
MSFT,2024-08-27,407.2046,408.6841,404.6304,408.1712,13492900
AAPL,2024-08-27,224.1251,226.9515,223.0244,226.1383,35934600
AMZN,2024-08-27,174.15,174.89,172.25,173.12,29842000
AAPL,2024-08-28,226.0292,227.9531,223.8078,224.6111,38052200
AMZN,2024-08-28,173.69,173.69,168.92,170.8,29045000
GOOGL,2024-08-28,163.7772,164.3329,160.294,161.6039,16407400
MSFT,2024-08-28,409.1969,409.3152,401.7306,404.9756,14882700
GOOGL,2024-08-29,163.0528,164.7001,159.0238,160.5421,19699800
MSFT,2024-08-29,409.2561,416.2687,404.9756,407.4611,17045200
AAPL,2024-08-29,228.1911,230.9877,226.9813,227.8837,51906300
AMZN,2024-08-29,173.22,174.29,170.81,172.12,26407800
AAPL,2024-08-30,228.2804,228.4886,225.5929,227.1003,52990800
AMZN,2024-08-30,172.78,178.9,172.6,178.5,43429400
GOOGL,2024-08-30,161.3757,162.4078,160.4528,162.1299,22123800
MSFT,2024-08-30,409.9071,411.7712,406.4846,411.426,24308300
GOOGL,2024-09-03,160.4826,160.6116,155.2827,156.1559,38945300
MSFT,2024-09-03,412.1854,414.1284,401.4545,403.8314,20313600
AAPL,2024-09-03,226.654,227.1003,219.3352,220.922,50190600
AMZN,2024-09-03,177.55,178.26,175.26,176.25,37817500
AAPL,2024-09-04,219.8212,219.9401,215.6758,219.0179,43840200
AMZN,2024-09-04,174.48,175.98,172.54,173.33,30309200
GOOGL,2024-09-04,155.4613,157.7834,154.7667,155.2529,19353800
MSFT,2024-09-04,400.3498,405.6068,398.8309,403.2988,15135800
GOOGL,2024-09-05,155.104,158.2299,154.7865,156.0368,18688700
MSFT,2024-09-05,402.0364,407.4413,400.5668,402.7958,14195500
AAPL,2024-09-05,219.7914,223.6095,219.6823,220.5352,36615400
AMZN,2024-09-05,175.0,179.88,175.0,177.89,40170500
AAPL,2024-09-06,222.0922,223.3715,217.9469,218.9881,48423000
AMZN,2024-09-06,177.24,178.38,171.16,171.39,41466500
GOOGL,2024-09-06,156.0964,156.6223,149.398,149.7652,37912100
MSFT,2024-09-06,403.4566,405.0249,395.3098,396.1975,19609500
GOOGL,2024-09-09,151.5438,152.4282,146.2874,147.7679,39260500
MSFT,2024-09-09,401.6616,403.0522,396.6413,400.1624,15295100
AAPL,2024-09-09,218.9881,219.4344,214.9122,219.0774,67180000
AMZN,2024-09-09,174.53,175.85,173.51,175.4,29037400
AAPL,2024-09-10,217.1039,219.6426,214.932,218.284,51591000
AMZN,2024-09-10,177.49,180.5,176.79,179.55,36233800
GOOGL,2024-09-10,149.4969,150.3117,147.4003,147.7183,31118800
MSFT,2024-09-10,402.6085,410.6271,402.1153,408.5263,19594300
GOOGL,2024-09-11,148.9703,150.5403,146.5855,150.2024,29607700
MSFT,2024-09-11,409.8085,418.1822,403.9696,417.2452,19266900
AAPL,2024-09-11,219.6228,221.2393,216.0824,220.8129,44587100
AMZN,2024-09-11,180.1,184.99,175.73,184.52,42564700
AAPL,2024-09-12,220.6542,221.6955,217.9964,220.922,37455600
AMZN,2024-09-12,184.8,187.41,183.54,187.0,33544200
GOOGL,2024-09-12,152.8257,153.8392,151.683,153.7101,29621500
MSFT,2024-09-12,417.5115,421.5159,414.0003,421.1509,17395700
GOOGL,2024-09-13,154.4453,157.3767,154.2268,156.4625,29591200
MSFT,2024-09-13,419.9969,425.9147,419.632,424.6917,15874600
AAPL,2024-09-13,221.7252,222.1814,220.0691,220.6542,36766600
AMZN,2024-09-13,187.0,188.5,185.91,186.49,26495400
AAPL,2024-09-16,214.7436,215.418,212.1454,214.5255,59357400
AMZN,2024-09-16,185.29,185.81,183.36,184.89,26065500
GOOGL,2024-09-16,156.3135,157.2475,155.608,157.0587,18379800
MSFT,2024-09-16,424.7016,427.5915,422.3542,425.4315,13834700
GOOGL,2024-09-17,158.0126,159.5329,157.3767,158.3107,20715600
MSFT,2024-09-17,434.1997,435.7975,426.3487,429.1893,18874200
AAPL,2024-09-17,213.9602,215.1006,212.7206,214.9915,45519300
AMZN,2024-09-17,186.85,189.45,186.14,186.88,26091700
AAPL,2024-09-18,215.7452,220.8625,215.7353,218.8592,59894900
AMZN,2024-09-18,186.45,188.8,185.06,186.43,34448100
GOOGL,2024-09-18,158.8473,159.4832,157.5953,158.7976,23677300
MSFT,2024-09-18,429.0414,430.0572,424.5142,424.9088,18898000
GOOGL,2024-09-19,162.6729,162.7524,160.3179,161.1129,26587700
MSFT,2024-09-19,435.186,435.4523,430.9153,432.6808,21706600
AAPL,2024-09-19,223.1235,227.9135,222.7665,226.9713,66781300
AMZN,2024-09-19,190.04,190.99,188.47,189.87,39543200
AAPL,2024-09-20,228.0622,231.1563,225.7317,226.3069,318679900
AMZN,2024-09-20,190.23,191.84,187.41,191.6,100378600
GOOGL,2024-09-20,162.4643,162.6928,161.0334,162.5537,40896400
MSFT,2024-09-20,431.2309,433.2232,428.272,429.3076,55167100
GOOGL,2024-09-23,163.3089,164.4417,160.6459,160.8247,24150900
MSFT,2024-09-23,428.3312,430.4813,424.4945,427.5717,15128900
AAPL,2024-09-23,225.454,227.5465,223.9367,224.5912,54146000
AMZN,2024-09-23,191.64,194.45,190.57,193.88,36993100
AAPL,2024-09-24,226.7532,227.4474,223.8574,225.4838,43556100
AMZN,2024-09-24,194.27,195.37,190.13,193.96,43478900
GOOGL,2024-09-24,161.9972,162.186,159.672,161.2619,23332100
MSFT,2024-09-24,427.0688,427.4139,420.2632,423.2912,17015800
GOOGL,2024-09-25,160.4471,161.7786,160.2782,160.467,18869200
MSFT,2024-09-25,423.9422,427.1871,422.6994,426.1909,13396400
AAPL,2024-09-25,223.064,225.4044,222.1616,224.4921,42308700
AMZN,2024-09-25,193.75,193.95,192.16,192.53,26391100
AAPL,2024-09-26,225.4144,226.6044,223.54,225.6325,36636700
AMZN,2024-09-26,194.31,194.53,189.54,191.16,36334900
GOOGL,2024-09-26,162.6034,163.0406,161.252,161.6991,20319300
MSFT,2024-09-26,429.1301,429.3372,423.2518,425.4019,14492000
GOOGL,2024-09-27,161.7786,164.6503,161.5998,162.9114,21101300
MSFT,2024-09-27,425.609,425.9345,421.6145,422.157,14896100
AAPL,2024-09-27,226.5648,227.616,225.4144,225.9003,34026000
AMZN,2024-09-27,190.68,190.9,187.34,187.97,36002300
AAPL,2024-09-30,228.1316,231.0671,227.7449,231.0671,54541900
AMZN,2024-09-30,187.14,188.49,184.65,186.33,41583900
GOOGL,2024-09-30,162.2854,165.0975,162.2258,164.7994,20413900
MSFT,2024-09-30,422.3444,424.5241,419.5432,424.4057,16807300
GOOGL,2024-10-01,166.6277,168.0884,163.5374,165.9321,28338100
MSFT,2024-10-01,422.581,422.6107,413.0731,414.9273,19092900
AAPL,2024-10-01,227.616,227.7449,221.8839,224.3334,63285000
AMZN,2024-10-01,184.9,186.19,183.45,185.13,36044900
AAPL,2024-10-02,224.0161,225.4838,221.1699,224.8987,32880600
AMZN,2024-10-02,184.44,186.6,184.04,184.76,23704100
GOOGL,2024-10-02,165.3657,166.4588,163.6864,164.8093,17760200
MSFT,2024-10-02,416.7915,417.0282,411.0018,411.4162,16582300
GOOGL,2024-10-03,163.3685,165.5844,162.8816,164.8093,15073100
MSFT,2024-10-03,411.9093,413.803,408.615,410.8342,13686400
AAPL,2024-10-03,223.2723,224.9284,221.4674,223.7979,34044200
AMZN,2024-10-03,183.05,183.44,180.88,181.96,30204300
AAPL,2024-10-04,226.0094,226.1085,222.2707,224.9185,37245100
AMZN,2024-10-04,185.75,187.6,183.6,186.51,40890300
GOOGL,2024-10-04,166.9954,167.1643,164.4317,166.0017,19047400
MSFT,2024-10-04,412.5109,414.0002,409.2857,410.3608,19169700
GOOGL,2024-10-07,166.6575,167.4127,161.719,161.9475,22463100
MSFT,2024-10-07,410.3016,411.3964,403.3975,403.9301,20919800
AAPL,2024-10-07,222.6376,223.8177,219.4939,219.8509,39505400
AMZN,2024-10-07,182.95,183.6,180.25,180.8,42364200
AAPL,2024-10-08,222.4393,224.1053,221.398,223.8971,31855700
AMZN,2024-10-08,181.92,183.09,180.92,182.72,26372100
GOOGL,2024-10-08,162.9015,163.6864,161.8382,163.3387,23072700
MSFT,2024-10-08,405.2715,409.9663,402.5789,409.0293,19229300
GOOGL,2024-10-09,162.4145,163.7958,158.7281,160.8346,31181800
MSFT,2024-10-09,410.1635,414.6216,408.6249,411.7415,14974300
AAPL,2024-10-09,223.3615,227.844,222.9648,227.6358,33591100
AMZN,2024-10-09,182.82,185.85,182.05,185.17,26343100
AAPL,2024-10-10,225.8904,227.5961,225.2854,227.1399,28183500
AMZN,2024-10-10,187.13,188.13,185.83,186.65,27785000
GOOGL,2024-10-10,159.8509,162.037,159.3839,161.0533,14144100
MSFT,2024-10-10,409.5421,411.6331,407.4906,410.1438,13848400
GOOGL,2024-10-11,161.1029,162.8617,160.2186,162.2059,15344300
MSFT,2024-10-11,410.4397,411.4161,407.5893,410.6172,14144900
AAPL,2024-10-11,227.3978,227.5069,225.454,225.6623,31759200
AMZN,2024-10-11,186.63,189.93,186.3,188.82,25751600
AAPL,2024-10-14,226.8028,229.8076,226.7036,229.3812,39882100
AMZN,2024-10-14,189.78,189.83,187.36,187.54,22614400
GOOGL,2024-10-14,162.6033,165.1769,162.3649,163.915,19016100
MSFT,2024-10-14,412.0474,418.2315,411.8008,413.3986,16653100
GOOGL,2024-10-15,164.7397,166.6178,163.5871,164.4118,20247200
MSFT,2024-10-15,416.3969,416.6928,409.5717,413.0041,18900200
AAPL,2024-10-15,231.672,235.5198,230.4423,231.91,64751400
AMZN,2024-10-15,187.63,188.41,184.58,187.69,32178900
AAPL,2024-10-16,229.6787,230.1944,227.9333,229.8572,34082200
AMZN,2024-10-16,187.05,187.78,185.61,186.89,23456800
GOOGL,2024-10-16,163.4877,164.7497,162.7028,164.1137,16406000
MSFT,2024-10-16,409.483,410.6566,404.8572,410.4199,15508900
GOOGL,2024-10-17,164.6801,165.3161,161.7289,161.8979,21453400
MSFT,2024-10-17,416.5745,416.7126,409.8972,411.0117,14820000
AAPL,2024-10-17,231.4935,231.91,228.6076,230.2241,32993800
AMZN,2024-10-17,188.22,188.94,186.0,187.53,25039400
AAPL,2024-10-18,234.2207,234.2207,232.0687,233.0505,46431500
AMZN,2024-10-18,187.15,190.74,186.28,188.99,37417700
GOOGL,2024-10-18,162.1562,163.6666,162.0469,162.3848,19757700
MSFT,2024-10-18,411.426,413.9016,410.558,412.432,17145300
GOOGL,2024-10-21,161.9177,163.4579,161.5898,163.0307,20946500
MSFT,2024-10-21,410.42,413.221,408.0824,413.0435,14206100
AAPL,2024-10-21,232.505,234.8851,232.505,234.5182,36254500
AMZN,2024-10-21,188.05,189.46,186.4,189.07,24639400
AAPL,2024-10-22,231.9497,234.2604,230.6704,233.9034,38846600
AMZN,2024-10-22,188.35,191.52,186.98,189.7,29650600
GOOGL,2024-10-22,161.9475,164.7199,161.9475,164.0939,16568100
MSFT,2024-10-22,412.7575,424.6819,412.3137,421.6539,25482200
GOOGL,2024-10-23,163.7163,164.7696,160.9042,161.7488,18280500
MSFT,2024-10-23,424.958,425.175,416.7421,418.7838,19654400
AAPL,2024-10-23,232.1381,233.1893,225.8705,228.8457,52287000
AMZN,2024-10-23,188.85,189.16,183.69,184.71,31937100
AAPL,2024-10-24,228.0721,228.9052,226.5152,228.6573,31109500
AMZN,2024-10-24,185.25,187.11,183.86,186.38,21647400
GOOGL,2024-10-24,161.7985,162.2953,159.99,161.6892,22412500
MSFT,2024-10-24,419.5038,420.1449,416.6139,418.912,13581600
GOOGL,2024-10-25,162.6332,164.541,162.3848,164.223,19828900
MSFT,2024-10-25,420.9142,426.5953,420.7268,422.2851,16899100
AAPL,2024-10-25,227.8341,231.2853,227.6655,229.4903,38802300
AMZN,2024-10-25,187.85,190.45,187.53,187.83,29362100
AAPL,2024-10-28,231.3844,232.7827,230.6208,231.4637,36087100
AMZN,2024-10-28,189.57,190.21,188.21,188.39,27930800
GOOGL,2024-10-28,167.681,167.681,162.9114,165.6638,32138600
MSFT,2024-10-28,425.7471,426.0233,420.4605,420.7466,14882400
GOOGL,2024-10-29,166.6674,169.3007,166.0315,168.6051,42169000
MSFT,2024-10-29,422.1372,427.2364,419.9674,426.0331,17644100
AAPL,2024-10-29,231.1662,232.3861,230.3927,231.7315,35417200
AMZN,2024-10-29,188.58,191.46,187.82,190.83,35690200
AAPL,2024-10-30,230.6803,231.5332,227.6457,228.1911,47070900
AMZN,2024-10-30,194.7,195.61,192.42,192.73,37707600
GOOGL,2024-10-30,179.5354,180.8669,172.9573,173.3548,68890800
MSFT,2024-10-30,431.4479,432.4934,426.1811,426.6052,29749100
GOOGL,2024-10-31,172.0333,175.6998,169.9167,170.026,44769000
MSFT,2024-10-31,409.6703,410.4594,400.7345,400.7838,53971000
AAPL,2024-10-31,227.4375,227.9234,223.5004,224.0359,64370100
AMZN,2024-10-31,190.51,190.6,185.23,186.4,75146800
AAPL,2024-11-01,219.1369,223.4805,218.4427,221.0608,65276700
AMZN,2024-11-01,199.0,200.5,197.02,197.93,99687800
GOOGL,2024-11-01,168.9926,171.2284,167.8102,170.2049,31796500
MSFT,2024-11-01,403.4074,409.8084,401.918,404.7487,24230400
GOOGL,2024-11-04,168.8535,169.6484,166.9457,168.1679,21492700
MSFT,2024-11-04,404.1865,404.7981,400.0145,402.8649,19672300
AAPL,2024-11-04,219.1567,220.9418,217.8874,220.1683,44944500
AMZN,2024-11-04,196.45,197.33,194.31,195.78,38492100
AAPL,2024-11-05,219.96,222.0921,219.3054,221.5963,28111300
AMZN,2024-11-05,196.04,199.82,195.99,199.5,30564800
GOOGL,2024-11-05,168.3567,169.4497,167.7704,168.6647,18242100
MSFT,2024-11-05,402.7761,409.2167,402.4901,405.8237,17626000
GOOGL,2024-11-06,172.699,175.8191,172.4009,175.3918,33695500
MSFT,2024-11-06,406.7707,414.6907,404.8967,414.4243,26681800
AAPL,2024-11-06,220.7633,224.1946,219.355,220.8724,54561100
AMZN,2024-11-06,200.01,207.55,199.14,207.09,72292200
AAPL,2024-11-07,222.7665,225.9895,222.707,225.5929,42137700
AMZN,2024-11-07,207.44,212.25,207.19,210.05,52878400
GOOGL,2024-11-07,176.2861,179.9329,176.0675,179.605,25352900
MSFT,2024-11-07,415.5093,421.0029,414.1284,419.6024,19901800
GOOGL,2024-11-08,179.5056,179.754,176.9519,177.2202,22006200
MSFT,2024-11-08,419.4939,420.6578,416.0024,416.752,16891400
AAPL,2024-11-08,225.5333,227.0126,224.7788,225.3248,38328800
AMZN,2024-11-08,209.72,209.96,207.44,208.18,36075800
AAPL,2024-11-11,223.3789,224.0739,219.9041,222.6145,42005600
AMZN,2024-11-11,208.5,209.65,205.59,206.84,35456000
GOOGL,2024-11-11,177.4487,179.4062,177.3394,179.2075,17450400
MSFT,2024-11-11,416.7323,418.991,410.3016,412.2841,24503300
GOOGL,2024-11-12,178.6809,181.334,178.2536,180.4695,25134900
MSFT,2024-11-12,412.5208,418.626,411.4852,417.2353,19401200
AAPL,2024-11-12,222.9322,223.9647,221.7507,222.6145,40398300
AMZN,2024-11-12,208.37,209.54,206.01,208.91,38942900
AAPL,2024-11-13,222.3961,225.017,221.1551,223.4981,48566200
AMZN,2024-11-13,209.4,215.09,209.14,214.1,46212900
GOOGL,2024-11-13,179.3168,179.8137,177.409,177.7468,23184000
MSFT,2024-11-13,415.8644,423.449,412.4813,419.3756,21502200
GOOGL,2024-11-14,177.1506,177.6872,173.2157,174.4677,31007500
MSFT,2024-11-14,419.1784,422.3049,414.2468,421.0425,30246900
AAPL,2024-11-14,223.3988,227.2211,223.3789,226.5758,44923900
AMZN,2024-11-14,214.16,215.9,210.88,211.48,42620300
AAPL,2024-11-15,224.7688,225.2851,222.6542,223.3789,47923700
AMZN,2024-11-15,206.76,207.34,199.61,202.61,86591100
GOOGL,2024-11-15,172.6294,173.0368,170.1353,171.3973,32504600
MSFT,2024-11-15,414.0693,417.0085,407.974,409.3153,28247600
GOOGL,2024-11-18,172.3214,174.3286,171.8047,174.1895,20135300
MSFT,2024-11-18,409.1871,412.6687,406.455,410.0649,24727000
AAPL,2024-11-18,223.6271,228.0848,223.5477,226.3772,44633700
AMZN,2024-11-18,204.15,204.67,200.95,201.7,36409900
AAPL,2024-11-19,225.3447,228.5018,225.027,226.6353,36211800
AMZN,2024-11-19,199.33,205.3,198.78,204.61,31197900
GOOGL,2024-11-19,172.6195,177.7369,172.4605,176.9916,23434900
MSFT,2024-11-19,407.4512,412.215,405.9126,412.0671,18133500
GOOGL,2024-11-20,176.2166,176.5544,172.6791,174.8652,18997100
MSFT,2024-11-20,411.1597,411.5739,404.9558,409.7986,19191700
AAPL,2024-11-20,226.4169,228.2734,224.2625,227.3501,35169600
AMZN,2024-11-20,202.98,203.13,199.45,202.88,32769000
AAPL,2024-11-21,227.231,228.5018,224.0838,226.8736,42108300
AMZN,2024-11-21,203.49,203.49,195.75,198.38,58800000
GOOGL,2024-11-21,172.7984,173.0269,162.663,166.5681,59734400
MSFT,2024-11-21,414.5818,414.8586,405.4799,408.0296,20780200
GOOGL,2024-11-22,164.7994,165.4055,162.8617,163.7163,38604600
MSFT,2024-11-22,406.5471,412.5064,406.2408,412.1111,24814600
AAPL,2024-11-22,226.4169,229.0577,226.4169,228.2138,38168300
AMZN,2024-11-22,198.25,199.26,196.75,197.12,31530800
AAPL,2024-11-25,229.7924,231.5695,228.0848,231.1922,90152800
AMZN,2024-11-25,199.28,201.95,199.0,201.45,40685700
GOOGL,2024-11-25,165.0379,167.5618,164.5609,166.588,33135300
MSFT,2024-11-25,413.475,416.1433,409.9863,413.8802,27691100
GOOGL,2024-11-26,166.5681,168.7442,166.5184,168.0486,20486700
MSFT,2024-11-26,414.6708,424.01,413.9395,422.9723,23458900
AAPL,2024-11-26,231.6489,233.8728,231.6489,233.3664,45986200
AMZN,2024-11-26,201.9,208.0,201.79,207.86,41673700
AAPL,2024-11-27,232.7807,233.9919,232.1254,233.2374,33498400
AMZN,2024-11-27,206.98,207.64,205.05,205.74,28061600
GOOGL,2024-11-27,167.9294,168.4064,166.9556,168.1579,19266500
MSFT,2024-11-27,420.126,422.2213,417.0723,418.0309,18332400
GOOGL,2024-11-29,167.4326,168.3567,166.1011,167.8797,14257200
MSFT,2024-11-29,415.1649,419.8988,412.9017,418.4954,16271900
AAPL,2024-11-29,233.1183,236.0966,232.2843,235.6201,28481400
AMZN,2024-11-29,205.83,208.2,204.59,207.89,24892400
AAPL,2024-12-02,235.5605,239.0552,235.4513,237.8638,48137100
AMZN,2024-12-02,209.96,212.99,209.51,210.71,39523200
GOOGL,2024-12-02,167.7009,170.9899,167.5021,170.4036,23789100
MSFT,2024-12-02,416.6276,427.9236,416.3706,425.9272,20207200
GOOGL,2024-12-03,170.4036,171.5861,169.7677,170.2546,22248700
MSFT,2024-12-03,424.8006,427.3998,422.7252,426.1447,18302000
AAPL,2024-12-03,238.0822,241.011,237.1788,240.9018,38861000
AMZN,2024-12-03,210.31,214.02,209.65,213.44,32214800
AAPL,2024-12-04,241.1202,242.3513,239.5119,241.2592,44383900
AMZN,2024-12-04,215.96,220.0,215.75,218.16,48745700
GOOGL,2024-12-04,170.0658,173.802,169.9764,173.2654,31615100
MSFT,2024-12-04,427.9532,434.5154,427.5579,432.2918,26009400
GOOGL,2024-12-05,174.2491,174.9447,171.2383,171.5463,21356200
MSFT,2024-12-05,432.7859,439.4469,431.0564,437.4308,21697800
AAPL,2024-12-05,242.2321,242.7781,240.3855,241.289,40033900
AMZN,2024-12-05,218.03,222.15,217.3,220.55,41140200
AAPL,2024-12-06,241.1599,242.8675,240.3359,241.0904,36870600
AMZN,2024-12-06,220.75,227.15,220.6,227.03,44178100
GOOGL,2024-12-06,170.9402,173.9709,170.7713,173.6032,21462400
MSFT,2024-12-06,437.1145,440.87,436.5908,438.3697,18821000
GOOGL,2024-12-09,173.0561,175.3441,172.7477,174.4587,25389600
MSFT,2024-12-09,437.411,443.0738,435.3357,440.7909,19144400
AAPL,2024-12-09,240.0877,245.4587,240.0083,244.9722,44649200
AMZN,2024-12-09,227.21,230.08,225.67,226.09,46819400
AAPL,2024-12-10,245.1112,246.4217,243.5724,245.9849,36914800
AMZN,2024-12-10,226.09,229.06,224.2,225.04,31199900
GOOGL,2024-12-10,181.8999,185.3917,180.1093,184.2078,54813000
MSFT,2024-12-10,439.1801,444.3487,436.4227,438.1325,18469500
GOOGL,2024-12-11,184.3471,194.5936,183.8895,194.3847,67894100
MSFT,2024-12-11,438.844,445.0702,438.844,443.7261,19200200
AAPL,2024-12-11,246.1735,248.9931,244.4858,244.7141,45205800
AMZN,2024-12-11,226.41,231.2,226.26,230.26,35385800
AAPL,2024-12-12,245.1112,246.9479,243.9099,246.1735,32777500
AMZN,2024-12-12,229.83,231.09,227.63,228.97,28204100
GOOGL,2024-12-12,193.9868,194.1658,190.7139,190.9626,34817500
MSFT,2024-12-12,443.8447,450.812,443.8447,444.2894,20834800
GOOGL,2024-12-13,190.0175,191.7285,188.6546,188.8337,25143500
MSFT,2024-12-13,443.1826,446.1375,440.3561,442.0263,20177800
AAPL,2024-12-13,246.0345,247.4939,244.4659,246.3423,33155300
AMZN,2024-12-13,228.4,230.2,225.86,227.46,28768100
AAPL,2024-12-16,246.2033,249.5689,245.8657,249.2313,51694800
AMZN,2024-12-16,230.23,233.0,228.01,232.93,37552100
GOOGL,2024-12-16,191.8678,197.966,191.6191,195.6381,44934900
MSFT,2024-12-16,442.0262,446.8787,440.0596,446.2956,23598800
GOOGL,2024-12-17,196.2251,200.3734,193.9669,194.4046,43504000
MSFT,2024-12-17,445.7225,449.9523,444.2993,449.132,22733500
AAPL,2024-12-17,248.2782,252.0012,247.9804,251.6537,51356400
AMZN,2024-12-17,232.39,232.73,227.85,231.15,35948100
AAPL,2024-12-18,250.3433,252.448,245.9551,246.2629,56774100
AMZN,2024-12-18,230.77,231.4,220.11,220.52,43281400
GOOGL,2024-12-18,194.2056,195.9764,186.7645,187.4211,34166100
MSFT,2024-12-18,446.0288,447.3432,431.8965,432.2621,24444500
GOOGL,2024-12-19,190.6343,192.027,187.4012,187.5305,32265200
MSFT,2024-12-19,436.4425,437.9842,431.2046,431.9063,22963700
AAPL,2024-12-19,245.7168,250.1844,245.3098,247.9903,60882300
AMZN,2024-12-19,224.91,226.09,222.92,223.29,39918700
AAPL,2024-12-20,246.2529,253.1628,243.9199,252.6565,147495300
AMZN,2024-12-20,219.84,226.21,218.73,224.92,88279200
GOOGL,2024-12-20,184.8147,191.8877,184.2576,190.4154,63462900
MSFT,2024-12-20,428.0323,438.5376,423.6048,431.4814,64263700
GOOGL,2024-12-23,191.6191,194.0863,189.162,193.6187,25675000
MSFT,2024-12-23,431.6197,432.5191,427.7556,430.1472,19152500
AAPL,2024-12-23,252.9344,253.8081,251.6239,253.4308,40858800
AMZN,2024-12-23,225.01,226.88,223.9,225.06,28070000
AAPL,2024-12-24,253.6493,256.3497,253.4507,256.3398,23234700
AMZN,2024-12-24,226.94,229.14,226.13,229.05,15007500
GOOGL,2024-12-24,193.8276,195.091,192.7731,195.091,10403300
MSFT,2024-12-24,429.5542,434.4462,429.0996,434.1794,7164500
GOOGL,2024-12-26,194.136,195.7277,193.37,194.5837,12046600
MSFT,2024-12-26,433.9323,435.7705,431.511,432.9737,8194200
AAPL,2024-12-26,256.3298,258.226,255.7738,257.1538,27237100
AMZN,2024-12-26,228.5,228.5,226.67,227.05,16146700
AAPL,2024-12-27,255.9724,256.8361,251.2368,253.7485,42355300
AMZN,2024-12-27,225.6,226.03,220.9,223.75,27367100
GOOGL,2024-12-27,193.937,194.3051,189.6594,191.7584,18891400
MSFT,2024-12-27,429.5048,430.1176,421.3516,425.4825,18117700
GOOGL,2024-12-30,188.8138,191.5495,188.1373,190.2463,14264700
MSFT,2024-12-30,421.0649,422.5374,416.9537,419.8493,13158700
AAPL,2024-12-30,250.4127,251.6736,248.9434,250.3829,35557500
AMZN,2024-12-30,220.06,223.0,218.43,221.3,28321200
AAPL,2024-12-31,250.6212,251.4552,247.6329,248.6158,39480700
AMZN,2024-12-31,222.97,223.23,218.94,219.39,24819700
GOOGL,2024-12-31,190.0871,190.9626,187.5305,188.3164,17466900
MSFT,2024-12-31,421.1045,421.7271,415.7282,416.5584,13246500
GOOGL,2025-01-02,189.6594,191.0023,186.5257,188.4457,20370800
MSFT,2025-01-02,420.5412,421.0748,409.9864,413.6726,16896500
AAPL,2025-01-02,247.1365,247.3053,240.0778,242.0931,55740700
AMZN,2025-01-02,222.03,225.15,218.19,220.22,33956600
AAPL,2025-01-03,241.6067,242.4208,240.1473,241.6067,40244100
AMZN,2025-01-03,222.51,225.36,221.62,224.19,27515600
GOOGL,2025-01-03,190.3756,192.2061,188.9928,190.7934,18596200
MSFT,2025-01-03,416.1433,419.0587,414.6214,418.3867,16662900
GOOGL,2025-01-06,192.9721,197.1901,192.8428,195.847,29563600
MSFT,2025-01-06,422.9822,429.2281,420.4917,422.834,20573600
AAPL,2025-01-06,242.5498,245.548,241.4478,243.2348,45045600
AMZN,2025-01-06,226.78,228.84,224.84,227.61,31849800
AAPL,2025-01-07,241.2294,243.7809,239.6111,240.4649,40856000
AMZN,2025-01-07,227.9,228.38,221.46,222.11,28084200
GOOGL,2025-01-07,196.0858,199.9556,193.5888,194.4742,26487200
MSFT,2025-01-07,423.9705,425.6011,415.8666,417.4182,18139100
GOOGL,2025-01-08,191.5694,195.2701,191.3804,192.9422,24864800
MSFT,2025-01-08,418.4954,421.9643,416.598,419.5825,15054600
AAPL,2025-01-08,240.177,241.9541,238.3205,240.9514,37628900
AMZN,2025-01-08,223.19,223.52,220.2,222.13,25033300
AAPL,2025-01-10,238.2808,238.4297,231.3213,235.1436,61710900
AMZN,2025-01-10,221.46,221.71,216.5,218.94,36811500
GOOGL,2025-01-10,193.2904,195.4989,189.3211,191.0421,26665200
MSFT,2025-01-10,419.6517,419.7307,410.1544,414.0383,20201100
GOOGL,2025-01-13,189.0824,190.1866,186.3865,190.0175,21823700
MSFT,2025-01-13,410.3718,413.5936,407.4564,412.2989,17604800
AAPL,2025-01-13,231.8475,232.9793,228.065,232.7112,49630700
AMZN,2025-01-13,218.06,219.4,216.47,218.46,27262700
AAPL,2025-01-14,233.0587,234.4188,230.7951,231.5993,39435300
AMZN,2025-01-14,220.44,221.82,216.2,217.76,24711700
GOOGL,2025-01-14,190.2463,190.9824,187.3315,188.6745,17174900
MSFT,2025-01-14,412.9116,414.8191,405.9048,410.7968,16935900
GOOGL,2025-01-15,192.0867,195.3397,190.8631,194.5339,21776000
MSFT,2025-01-15,414.2162,423.1304,413.3663,421.312,19637800
AAPL,2025-01-15,232.9495,237.2384,232.741,236.1562,39832000
AMZN,2025-01-15,222.83,223.57,220.75,223.35,31291300
AAPL,2025-01-16,235.64,236.2952,226.3871,226.6154,71759100
AMZN,2025-01-16,224.42,224.65,220.31,220.66,24757300
GOOGL,2025-01-16,193.1312,194.4643,191.8081,191.9076,17815400
MSFT,2025-01-16,423.674,424.4547,419.4145,419.6023,15300000
GOOGL,2025-01-17,195.5088,196.2052,192.7433,194.9816,27735100
MSFT,2025-01-17,429.0008,429.3862,423.1502,424.0001,26197500
AAPL,2025-01-17,230.4476,230.6164,226.8339,228.3231,68488300
AMZN,2025-01-17,225.84,226.51,223.08,225.94,42370100
AAPL,2025-01-21,222.3861,222.8031,217.7994,221.0359,98070400
AMZN,2025-01-21,228.9,231.78,226.94,230.71,39951500
GOOGL,2025-01-21,198.0356,201.2389,196.8418,197.0209,29971300
MSFT,2025-01-21,425.1564,425.8482,420.6104,423.4763,26085700
GOOGL,2025-01-22,198.0257,199.4383,196.5036,197.3392,26200600
MSFT,2025-01-22,432.4301,442.0263,430.8884,440.9688,27803800
AAPL,2025-01-22,218.2065,222.5053,218.2065,222.2174,64126500
AMZN,2025-01-22,232.02,235.44,231.19,235.01,41448200
AAPL,2025-01-23,223.1208,225.3943,220.6984,222.0486,60234800
AMZN,2025-01-23,234.1,235.52,231.51,235.42,26404400
GOOGL,2025-01-23,197.1105,199.2592,194.1857,196.9513,26951400
MSFT,2025-01-23,436.818,441.5124,436.3239,441.4728,18389300
GOOGL,2025-01-24,197.0707,199.8561,196.9712,199.1697,23877500
MSFT,2025-01-24,439.941,441.4135,436.2251,438.8539,15549500
AAPL,2025-01-24,223.1605,224.0044,219.8148,221.1749,54697900
AMZN,2025-01-24,234.5,236.4,232.93,234.85,25890700
AAPL,2025-01-27,222.406,230.4774,222.3663,228.2039,94863400
AMZN,2025-01-27,226.21,235.61,225.86,235.42,49428300
GOOGL,2025-01-27,191.4102,195.857,189.739,190.8133,41728900
MSFT,2025-01-27,419.039,430.0978,418.535,429.4653,35647800
GOOGL,2025-01-28,191.7484,194.4643,189.6892,194.2852,24157900
MSFT,2025-01-28,429.5048,443.1233,426.3226,441.9571,23491700
AAPL,2025-01-28,229.1868,238.4595,229.1471,236.5434,75707600
AMZN,2025-01-28,234.29,241.77,233.98,238.15,41587200
AAPL,2025-01-29,232.4332,238.1319,232.324,237.6355,45486100
AMZN,2025-01-29,239.02,240.39,236.15,237.07,26091700
GOOGL,2025-01-29,194.5439,195.7675,192.4249,194.3946,18218300
MSFT,2025-01-29,441.453,441.6408,435.2368,437.1441,23581400
GOOGL,2025-01-30,196.9712,200.3535,196.6429,199.8263,24354700
MSFT,2025-01-30,413.8604,417.9024,408.3162,410.1247,54586300
AAPL,2025-01-30,236.9505,239.0552,235.501,235.8782,55658300
AMZN,2025-01-30,237.14,237.95,232.22,234.64,32020700
AAPL,2025-01-31,245.4091,245.409,231.7581,234.2997,100959800
AMZN,2025-01-31,236.5,240.29,236.41,237.68,36110200
GOOGL,2025-01-31,200.9504,204.4123,200.7514,202.9599,32001100
MSFT,2025-01-31,414.0679,415.7579,410.0456,410.1939,34161900
GOOGL,2025-02-03,199.6472,202.6913,199.0603,200.1844,27838300
MSFT,2025-02-03,406.7745,410.5398,403.869,406.1025,25679100
AAPL,2025-02-03,228.333,230.1597,224.0739,226.3672,73063300
AMZN,2025-02-03,234.06,239.25,232.9,237.42,37285900
AAPL,2025-02-04,225.6127,231.4504,225.017,231.1228,45067300
AMZN,2025-02-04,239.01,242.52,238.03,242.06,29713800
GOOGL,2025-02-04,202.3332,205.9741,201.7562,205.3076,43856400
MSFT,2025-02-04,407.8517,409.0673,404.9363,407.5354,20532100
GOOGL,2025-02-05,190.0772,191.7485,187.053,190.3358,70373900
MSFT,2025-02-05,407.5157,408.9783,405.5885,408.4446,16316700
AAPL,2025-02-05,226.8835,230.9937,226.6254,230.7951,39620300
AMZN,2025-02-05,237.02,238.32,235.2,236.17,38727300
AAPL,2025-02-06,229.6236,232.1155,228.7698,231.5397,29925300
AMZN,2025-02-06,238.01,239.66,236.01,238.83,60897100
GOOGL,2025-02-06,188.5153,191.1018,187.7394,190.6044,29297400
MSFT,2025-02-06,409.1463,413.2971,409.1464,410.945,16309800
GOOGL,2025-02-07,190.0573,190.1866,182.2879,184.377,49315000
MSFT,2025-02-07,411.5973,413.7418,403.3155,404.9462,22886800
AAPL,2025-02-07,230.9242,232.3141,225.6226,225.99,39707200
AMZN,2025-02-07,232.5,234.81,228.06,229.15,77539300
AAPL,2025-02-10,228.1666,229.1804,225.8111,226.2583,33115600
AMZN,2025-02-10,230.55,233.92,229.2,233.14,35419900
GOOGL,2025-02-10,186.3765,187.2221,184.8943,185.5011,23105600
MSFT,2025-02-10,408.8597,410.5892,406.1025,407.3872,20817900
GOOGL,2025-02-11,184.0686,185.9686,183.3225,184.3571,21239500
MSFT,2025-02-11,404.8375,407.654,404.5014,406.6164,18140600
AAPL,2025-02-11,226.805,233.792,226.7354,231.1979,53718400
AMZN,2025-02-11,231.92,233.44,230.13,232.76,23713700
AAPL,2025-02-12,229.7866,235.5114,229.2698,235.422,45243300
AMZN,2025-02-12,230.46,231.18,228.16,228.93,32285200
GOOGL,2025-02-12,182.268,184.1482,180.8852,182.656,22072600
MSFT,2025-02-12,402.4359,405.9345,399.6292,404.2445,19121700
GOOGL,2025-02-13,183.3623,185.3121,182.1884,185.1728,21402500
MSFT,2025-02-13,402.2284,406.1815,401.5959,405.7269,23891700
AAPL,2025-02-13,235.4617,240.8585,234.1299,240.0535,53614100
AMZN,2025-02-13,228.85,230.42,227.52,230.37,31346500
AAPL,2025-02-14,239.7752,244.0489,239.5168,243.1047,40896200
AMZN,2025-02-14,229.2,229.89,227.23,228.68,27031100
GOOGL,2025-02-14,184.0984,185.4315,183.3623,184.2675,20448400
MSFT,2025-02-14,403.0092,404.116,401.1215,403.6416,22758500
GOOGL,2025-02-18,184.6356,184.9938,180.7957,182.8151,29916700
MSFT,2025-02-18,403.2167,405.7862,401.7343,404.8375,21423100
AAPL,2025-02-18,242.6575,243.6812,240.3616,242.9755,48822500
AMZN,2025-02-18,228.82,229.3,223.72,226.65,42975100
AAPL,2025-02-19,243.1644,244.5061,241.6735,243.3731,32204200
AMZN,2025-02-19,225.52,226.83,223.71,226.63,28566700
GOOGL,2025-02-19,183.1136,184.4963,182.636,184.3073,19549400
MSFT,2025-02-19,403.0981,410.6188,402.8708,409.9073,24114200
GOOGL,2025-02-20,183.8398,184.3471,181.7706,183.601,20441500
MSFT,2025-02-20,411.2442,415.225,408.5209,412.076,23508700
AAPL,2025-02-20,243.4427,245.2714,242.7966,244.3272,32316900
AMZN,2025-02-20,224.78,225.13,221.81,222.88,30001700
AAPL,2025-02-21,244.4464,247.1697,243.7209,244.0489,53197400
AMZN,2025-02-21,223.28,223.31,214.74,216.58,55323900
GOOGL,2025-02-21,184.1879,184.3769,178.1495,178.7265,35199200
MSFT,2025-02-21,413.2742,413.9772,403.9162,404.2331,27524800
GOOGL,2025-02-24,181.0444,182.1685,177.9605,178.3186,29854200
MSFT,2025-02-24,404.5302,405.3818,395.4297,400.0641,26443700
AAPL,2025-02-24,243.4327,247.3387,242.9258,245.5894,51326400
AMZN,2025-02-24,217.45,217.72,212.42,212.71,42387600
AAPL,2025-02-25,246.484,248.4717,243.4128,245.5298,48013300
AMZN,2025-02-25,211.63,213.34,204.16,212.8,58958000
GOOGL,2025-02-25,177.1149,177.8112,173.7823,174.5085,41913400
MSFT,2025-02-25,397.1924,398.0044,392.8353,394.0236,29387400
GOOGL,2025-02-26,174.1603,175.1651,170.6885,171.8325,35431300
MSFT,2025-02-26,394.1325,399.668,390.4091,395.8358,19619000
AAPL,2025-02-26,242.8364,243.4824,237.6682,238.8906,44433600
AMZN,2025-02-26,214.94,218.16,213.09,214.35,39120600
AAPL,2025-02-27,237.9464,240.9778,235.6108,235.8493,41153600
AMZN,2025-02-27,218.35,219.97,208.37,208.74,40548600
GOOGL,2025-02-27,173.0859,173.653,167.0674,167.6245,39991000
MSFT,2025-02-27,397.3607,401.7872,388.3494,388.7059,21127400
GOOGL,2025-02-28,167.8035,169.7235,165.9034,169.3952,48130600
MSFT,2025-02-28,388.8346,393.7562,382.8039,393.1224,32845700
AAPL,2025-02-28,235.5015,240.6101,228.7927,240.3616,56833400
AMZN,2025-02-28,208.65,212.62,206.99,212.28,51771700
AAPL,2025-03-03,240.3119,242.5382,234.6666,236.5749,47184000
AMZN,2025-03-03,213.35,214.01,202.55,205.02,42948400
GOOGL,2025-03-03,171.0366,172.4692,165.0678,166.1422,40770500
MSFT,2025-03-03,394.9346,394.9346,382.3979,384.7052,23007700
GOOGL,2025-03-04,165.3762,172.3896,164.9385,170.0319,45388000
MSFT,2025-03-04,379.6648,388.7554,377.2882,384.8241,29342900
AAPL,2025-03-04,236.2568,238.6024,233.2453,234.4877,53798100
AMZN,2025-03-04,200.11,206.8,197.43,203.8,60853100
AAPL,2025-03-05,233.9808,235.1039,227.8287,234.2989,47227600
AMZN,2025-03-05,204.8,209.98,203.26,208.36,38610100
GOOGL,2025-03-05,169.634,172.877,168.1816,172.121,30954900
MSFT,2025-03-05,385.5469,397.7568,385.0221,397.1131,23433100
GOOGL,2025-03-06,169.6439,173.9017,169.6141,171.4545,28302000
MSFT,2025-03-06,390.4388,398.2321,388.8544,393.0234,23304600
AAPL,2025-03-06,233.0068,236.4059,231.7347,233.8914,45170400
AMZN,2025-03-06,204.4,205.77,198.3,200.7,49863800
AAPL,2025-03-07,233.6727,239.8945,233.3249,237.6085,46273600
AMZN,2025-03-07,199.49,202.27,192.53,199.25,59802800
GOOGL,2025-03-07,170.3701,174.0609,169.3853,172.9566,27385800
MSFT,2025-03-07,388.4979,390.9537,381.784,389.4783,22034100
GOOGL,2025-03-10,167.5785,167.7777,163.027,165.1982,43604000
MSFT,2025-03-10,382.081,382.6356,373.5451,376.4564,32840100
AAPL,2025-03-10,234.1001,234.7163,222.8493,226.0894,72071200
AMZN,2025-03-10,195.6,196.73,190.85,194.54,62350900
AAPL,2025-03-11,222.4418,224.4594,216.1207,219.49,76137400
AMZN,2025-03-11,193.9,200.18,193.4,196.59,54002900
GOOGL,2025-03-11,164.242,166.0746,160.7164,163.3755,39587400
MSFT,2025-03-11,375.3077,382.2395,373.238,376.7436,30380200
GOOGL,2025-03-12,165.9053,166.961,162.8676,166.4331,28372400
MSFT,2025-03-12,379.2192,381.4671,375.2582,379.5361,24253600
AAPL,2025-03-12,218.7943,220.3944,213.5962,215.6536,62547500
AMZN,2025-03-12,200.72,201.52,195.29,198.89,43679300
AAPL,2025-03-13,214.6299,215.5144,207.1459,208.3982,61368300
AMZN,2025-03-13,198.17,198.88,191.82,193.89,41270800
GOOGL,2025-03-13,165.3675,165.4571,161.4534,162.1008,31756200
MSFT,2025-03-13,379.4272,381.5661,373.7728,375.0799,20473000
GOOGL,2025-03-14,162.6087,165.8157,161.792,164.8197,31995900
MSFT,2025-03-14,376.0801,386.4283,375.8127,384.7745,19952800
AAPL,2025-03-14,209.9586,212.6421,208.2988,212.1849,60107600
AMZN,2025-03-14,197.41,198.65,195.32,197.95,38096700
AAPL,2025-03-17,212.006,213.9043,208.6864,212.6918,48073400
AMZN,2025-03-17,198.77,199.0,194.32,195.74,47341800
GOOGL,2025-03-17,164.3616,165.6264,163.0071,163.6246,31184300
MSFT,2025-03-17,382.9327,388.8841,381.8137,384.9132,22474300
GOOGL,2025-03-18,163.017,163.5847,156.0852,160.0192,42074800
MSFT,2025-03-18,383.2991,383.5961,377.3872,379.7837,19486900
AAPL,2025-03-18,212.8508,213.8348,210.1971,211.3898,42432400
AMZN,2025-03-18,192.52,194.0,189.38,192.82,40414900
AAPL,2025-03-19,212.9104,217.4227,212.4433,213.9242,54385400
AMZN,2025-03-19,193.38,195.97,191.96,195.54,39442900
GOOGL,2025-03-19,161.1048,165.1982,160.3479,163.2262,34275600
MSFT,2025-03-19,381.7741,385.8836,380.259,384.0418,19185500
GOOGL,2025-03-20,160.9156,164.2221,160.3081,162.1406,28138500
MSFT,2025-03-20,381.982,387.9731,379.546,383.0713,18470500
AAPL,2025-03-20,212.6819,216.1605,210.9227,212.7912,48862900
AMZN,2025-03-20,193.07,199.32,192.3,194.95,38921100
AAPL,2025-03-21,210.2667,217.5022,209.9884,216.9357,94127800
AMZN,2025-03-21,192.9,196.99,192.52,196.21,60056900
GOOGL,2025-03-21,160.5571,163.5748,160.2383,163.3258,36625800
MSFT,2025-03-21,379.4866,387.9235,379.0706,387.4482,39675900
GOOGL,2025-03-24,166.3933,167.6383,164.4711,167.0008,30879100
MSFT,2025-03-24,391.5479,391.5479,386.0124,389.2505,21004500
AAPL,2025-03-24,219.649,220.126,217.2438,219.3806,44299500
AMZN,2025-03-24,200.0,203.64,199.95,203.26,41625400
AAPL,2025-03-25,219.4204,222.73,218.7346,222.3822,34493600
AMZN,2025-03-25,203.6,206.21,203.22,205.71,31171200
GOOGL,2025-03-25,168.2956,169.9389,167.6383,169.8692,24174400
MSFT,2025-03-25,390.0824,392.4985,388.8148,391.3103,15775000
GOOGL,2025-03-26,168.3155,168.923,164.1723,164.3914,28901600
MSFT,2025-03-26,391.1518,391.4588,384.7845,386.1708,16108400
AAPL,2025-03-26,222.1436,223.6444,219.1222,220.1758,34466100
AMZN,2025-03-26,205.84,206.01,199.93,201.13,32855300
AAPL,2025-03-27,220.0366,223.6146,219.2117,222.4816,37094800
AMZN,2025-03-27,200.89,203.79,199.28,201.36,27317700
GOOGL,2025-03-27,163.9632,164.75,161.3438,161.5829,24508300
MSFT,2025-03-27,386.3292,388.4187,383.6259,386.7748,13766800
GOOGL,2025-03-28,159.84,161.1646,153.0077,153.7049,48669300
MSFT,2025-03-28,384.2992,385.339,373.2578,375.1096,21632000
AAPL,2025-03-28,220.3149,222.4418,216.3493,216.5679,39818600
AMZN,2025-03-28,198.42,199.26,191.88,192.72,52548200
AAPL,2025-03-31,215.6834,224.2408,214.9082,220.7721,65299300
AMZN,2025-03-31,188.19,191.33,184.4,190.26,63547600
GOOGL,2025-03-31,152.4899,154.91,150.0498,154.0137,54603500
MSFT,2025-03-31,368.9106,373.3965,363.6623,371.7329,35184700
GOOGL,2025-04-01,152.9978,157.4596,152.9978,156.4338,30672900
MSFT,2025-04-01,371.0001,379.1202,369.5939,378.4666,19689500
AAPL,2025-04-01,218.4663,222.3126,217.5618,221.8256,36412700
AMZN,2025-04-01,187.86,193.93,187.2,192.17,41267300
AAPL,2025-04-02,219.9671,223.8134,219.6689,222.5213,35905900
AMZN,2025-04-02,187.66,198.34,187.66,196.01,53679200
GOOGL,2025-04-02,154.5216,157.7684,154.0734,156.4039,25041700
MSFT,2025-04-02,374.2877,381.3285,372.9509,378.4171,16092600
GOOGL,2025-04-03,150.498,152.1612,149.7809,150.1095,46883400
MSFT,2025-04-03,371.1387,373.8025,365.7517,369.475,30198000
AAPL,2025-04-03,204.2835,206.2216,200.0197,201.9478,103419000
AMZN,2025-04-03,183.0,184.13,176.92,178.41,95553600
AAPL,2025-04-04,192.7047,198.6581,186.1948,187.2284,125910900
AMZN,2025-04-04,167.15,178.14,166.0,171.0,123159400
GOOGL,2025-04-04,147.4105,150.4581,144.7912,145.0103,62259500
MSFT,2025-04-04,360.5825,370.9406,355.9778,356.3343,49209900
GOOGL,2025-04-07,140.9767,152.2309,139.9608,146.1556,76794100
MSFT,2025-04-07,347.4616,367.3856,341.431,354.3736,50425000
AAPL,2025-04-07,176.1167,192.9631,173.5525,180.3507,160466300
AMZN,2025-04-07,162.0,183.41,161.38,175.26,109327100
AAPL,2025-04-08,185.5587,189.1764,168.1756,171.366,120859500
AMZN,2025-04-08,185.23,185.9,168.57,170.66,87710400
GOOGL,2025-04-08,150.6075,151.6234,142.4507,144.1139,52200200
MSFT,2025-04-08,364.6723,370.0098,346.8378,351.1058,35868900
GOOGL,2025-04-09,143.835,158.9038,143.3271,158.0672,70406200
MSFT,2025-04-09,350.0957,389.3991,349.66,386.6857,50199700
AAPL,2025-04-09,170.8988,199.3836,170.8392,197.6344,184395900
AMZN,2025-04-09,172.12,192.65,169.93,191.1,116804300
AAPL,2025-04-10,187.9142,193.5893,181.8813,189.2559,121880000
AMZN,2025-04-10,185.44,186.87,175.85,181.22,68302000
GOOGL,2025-04-10,155.906,157.0812,149.3227,152.201,48022000
MSFT,2025-04-10,378.3379,380.16,364.2168,377.6348,38024400
GOOGL,2025-04-11,152.2807,157.0314,152.201,156.5035,33636200
MSFT,2025-04-11,376.9317,386.25,375.1988,384.6656,23839200
AAPL,2025-04-11,184.9624,198.3202,184.9226,196.9387,87435900
AMZN,2025-04-11,179.93,185.86,178.0,184.87,50594300
AAPL,2025-04-14,210.1475,211.6383,199.9303,201.282,101352900
AMZN,2025-04-14,186.84,187.44,179.23,182.12,48002500
GOOGL,2025-04-14,159.3519,161.065,156.9218,158.4257,30333000
MSFT,2025-04-14,389.3892,390.8052,380.4669,384.0319,19251200
GOOGL,2025-04-15,158.4855,159.0034,154.5814,155.6769,27551500
MSFT,2025-04-15,384.7251,388.0721,380.4174,381.9721,17199900
AAPL,2025-04-15,200.626,202.2659,198.5786,200.9043,51343900
AMZN,2025-04-15,181.41,182.35,177.93,179.59,43642000
AAPL,2025-04-16,197.1474,199.4731,191.194,193.0824,59732400
AMZN,2025-04-16,176.29,179.1,171.41,174.33,51875300
GOOGL,2025-04-16,152.4799,155.2586,150.8963,152.709,28187400
MSFT,2025-04-16,376.9614,377.8923,364.4149,367.9897,21967800
GOOGL,2025-04-17,153.6651,154.0535,147.8985,150.5477,33046600
MSFT,2025-04-17,370.1088,370.6733,363.3157,364.197,21120200
AAPL,2025-04-17,195.9945,197.6145,193.2315,195.7758,52164700
AMZN,2025-04-17,176.0,176.21,172.0,172.61,44726500
AAPL,2025-04-21,192.0885,192.6153,188.6497,191.9792,46742500
AMZN,2025-04-21,169.6,169.6,165.29,167.32,48126100
GOOGL,2025-04-21,148.277,148.3467,145.5083,147.0719,26049100
MSFT,2025-04-21,359.2853,360.9292,352.205,355.6214,20807300
GOOGL,2025-04-22,148.2869,151.5736,147.9384,150.8565,26971800
MSFT,2025-04-22,359.8399,364.1871,356.3541,363.2464,19485000
AAPL,2025-04-22,194.9211,200.3576,194.772,198.519,52976400
AMZN,2025-04-22,169.85,176.78,169.35,173.18,56607200
AAPL,2025-04-23,204.7407,206.7285,201.5602,203.3493,52929200
AMZN,2025-04-23,183.45,187.38,180.19,180.6,63470100
GOOGL,2025-04-23,154.9797,156.892,153.187,154.7208,31128800
MSFT,2025-04-23,372.3964,376.6842,369.386,370.7426,20545500
GOOGL,2025-04-24,155.5175,158.9436,155.159,158.6349,45894000
MSFT,2025-04-24,372.0399,384.6656,371.5348,383.5269,22232300
AAPL,2025-04-24,203.6375,207.5534,201.6994,207.0962,47311000
AMZN,2025-04-24,180.92,186.74,180.18,186.54,43763200
AAPL,2025-04-25,205.1084,208.4678,204.9395,208.0006,38222300
AMZN,2025-04-25,187.62,189.94,185.49,188.99,36414300
GOOGL,2025-04-25,164.4014,165.4272,160.3877,161.304,56034000
MSFT,2025-04-25,383.2297,388.3395,380.8531,388.0325,18973200
GOOGL,2025-04-28,161.7721,162.4892,157.9576,159.9595,29745800
MSFT,2025-04-28,388.1414,388.9138,382.8733,387.3492,16579400
AAPL,2025-04-28,208.7162,210.2071,206.1918,208.8554,38743100
AMZN,2025-04-28,190.11,190.22,184.89,187.7,33224700
AAPL,2025-04-29,207.4142,210.9425,207.0962,209.9188,36827600
AMZN,2025-04-29,183.99,188.02,183.68,187.39,41667300
GOOGL,2025-04-29,159.6706,160.089,156.882,159.5113,26809000
MSFT,2025-04-29,387.4878,391.2508,386.5768,390.2012,14974000
GOOGL,2025-04-30,157.3401,158.6249,154.7706,158.1568,34981100
MSFT,2025-04-30,386.4976,392.7957,380.6947,391.4093,36461100
AAPL,2025-04-30,208.0205,212.2744,205.4066,211.201,52286500
AMZN,2025-04-30,182.17,185.05,178.85,184.42,55176500
AAPL,2025-05-01,207.8019,213.2484,207.623,212.016,57365700
AMZN,2025-05-01,190.63,191.81,187.5,190.2,74266000
GOOGL,2025-05-01,159.8001,161.294,158.2663,160.6467,30203200
MSFT,2025-05-01,426.91,432.7327,420.7605,421.2556,58938100
GOOGL,2025-05-02,162.7481,164.3018,161.2144,163.3656,25715000
MSFT,2025-05-02,427.5339,435.1589,425.8009,431.0394,30757400
AAPL,2025-05-02,204.8301,205.7246,200.9242,204.0947,101010600
AMZN,2025-05-02,191.44,192.88,186.4,189.98,77903500
AAPL,2025-05-05,201.8584,202.8523,196.9983,197.6741,69018500
AMZN,2025-05-05,186.51,188.18,185.53,186.35,35217500
GOOGL,2025-05-05,162.3398,164.7201,162.0609,163.5449,21341800
MSFT,2025-05-05,428.6529,435.2183,427.9003,431.9207,20136100
GOOGL,2025-05-06,161.5132,164.1325,160.5371,162.5689,21277200
MSFT,2025-05-06,427.9894,433.4655,426.9695,429.0886,15104200
AAPL,2025-05-06,196.9983,199.4234,195.8156,197.2965,51216500
AMZN,2025-05-06,184.57,187.93,183.85,185.01,29314100
AAPL,2025-05-07,197.9524,198.2208,192.0686,195.0503,68536700
AMZN,2025-05-07,185.56,190.99,185.01,188.71,43948600
GOOGL,2025-05-07,163.4154,164.3317,147.2412,150.7669,127490100
MSFT,2025-05-07,429.6135,433.8518,426.91,429.1282,23295300
GOOGL,2025-05-08,154.3722,155.2984,152.2807,153.6551,57498700
MSFT,2025-05-08,433.6636,439.3476,431.4157,433.9012,23491300
AAPL,2025-05-08,196.5113,198.8271,193.4899,196.2827,50478900
AMZN,2025-05-08,191.43,194.33,188.82,192.08,41043600
AAPL,2025-05-09,197.7835,199.3141,196.3324,197.3163,36453900
AMZN,2025-05-09,193.38,194.69,191.16,193.06,29663100
GOOGL,2025-05-09,153.5455,154.422,151.5835,152.1313,32435300
MSFT,2025-05-09,435.7134,436.4462,431.6335,434.4558,15324200
GOOGL,2025-05-12,156.8521,158.4556,155.6171,157.8182,44138800
MSFT,2025-05-12,441.5955,444.9922,435.4956,444.8832,22821900
AAPL,2025-05-12,209.9553,210.2538,205.7556,209.7761,63775800
AMZN,2025-05-12,210.71,211.66,205.75,208.64,75205000
AAPL,2025-05-13,209.4179,212.3736,207.9947,211.9058,51909300
AMZN,2025-05-13,211.08,214.84,210.1,211.37,56193700
GOOGL,2025-05-13,158.1468,159.9196,155.5275,158.8838,42382100
MSFT,2025-05-13,443.4176,446.2795,441.0212,444.7644,23618800
GOOGL,2025-05-14,159.3121,166.3236,158.9635,164.7002,48755900
MSFT,2025-05-14,443.7741,449.478,443.7741,448.5273,19902800
AAPL,2025-05-14,211.4082,212.911,209.5671,211.3087,49325800
AMZN,2025-05-14,211.45,211.93,208.85,210.25,38492100
AAPL,2025-05-15,209.9354,211.9357,208.5321,210.433,45029500
AMZN,2025-05-15,206.45,206.88,202.67,205.17,64347300
GOOGL,2025-05-15,165.1683,165.5368,161.7123,163.2959,33146700
MSFT,2025-05-15,447.198,452.575,446.8607,449.5393,21992300
GOOGL,2025-05-16,167.0506,168.6641,164.9492,165.5169,42846900
MSFT,2025-05-16,448.4678,450.7595,445.1741,450.6702,23849800
AAPL,2025-05-16,211.3386,211.5476,208.761,210.2439,54737900
AMZN,2025-05-16,206.85,206.85,204.37,205.59,43318500
AAPL,2025-05-19,206.91,208.4724,203.2776,207.7758,46140500
AMZN,2025-05-19,201.65,206.62,201.26,206.16,34314800
GOOGL,2025-05-19,163.8437,165.965,163.5548,165.8654,30426100
MSFT,2025-05-19,447.3071,455.9481,447.2277,455.2338,21336500
GOOGL,2025-05-20,165.7559,167.8175,162.2402,163.3158,46607700
MSFT,2025-05-20,451.9798,454.708,450.7198,454.5393,15441800
AAPL,2025-05-20,206.6712,207.4673,204.0438,205.8651,42496600
AMZN,2025-05-20,204.63,205.59,202.65,204.07,29470400
AAPL,2025-05-21,204.1832,206.0442,199.7446,201.118,59211800
AMZN,2025-05-21,201.61,203.46,200.06,201.12,42460900
GOOGL,2025-05-21,163.027,172.4387,162.8975,167.8772,73416000
MSFT,2025-05-21,450.9679,454.1524,448.2297,448.9837,19216900
GOOGL,2025-05-22,171.154,176.054,170.0186,170.1779,74864400
MSFT,2025-05-22,451.3449,456.6029,450.3032,451.2556,18025600
AAPL,2025-05-22,199.7446,201.7748,198.7395,200.3915,46742400
AMZN,2025-05-22,201.38,205.76,200.16,203.1,38938900
AAPL,2025-05-23,192.7385,196.7491,192.5295,194.3308,78432900
AMZN,2025-05-23,198.9,202.37,197.85,200.99,33393500
GOOGL,2025-05-23,168.3752,169.2716,167.21,167.7876,35211400
MSFT,2025-05-23,446.4143,450.0948,445.3527,446.6127,16883500
GOOGL,2025-05-27,169.4708,172.4686,169.3114,172.1997,37995700
MSFT,2025-05-27,452.8627,457.2973,452.5056,457.0394,20974300
AAPL,2025-05-27,197.3462,199.7745,196.4804,199.247,56288500
AMZN,2025-05-27,203.09,206.69,202.19,206.02,34892000
AAPL,2025-05-28,199.6252,201.7549,198.9385,199.456,45339700
AMZN,2025-05-28,205.92,207.66,204.41,204.72,28549800
GOOGL,2025-05-28,172.4586,174.5601,171.2137,171.6619,34784000
MSFT,2025-05-28,457.5652,458.8549,453.3092,453.7358,17086300
GOOGL,2025-05-29,173.2952,173.7135,169.9389,171.1639,29317300
MSFT,2025-05-29,457.8925,458.0612,451.702,455.0453,13974800
AAPL,2025-05-29,202.6008,202.8297,197.5552,198.9883,51396800
AMZN,2025-05-29,208.03,208.81,204.23,205.7,34650000
AAPL,2025-05-30,198.4111,200.9886,195.8335,199.884,70819900
AMZN,2025-05-30,204.84,205.99,201.7,205.01,51679400
GOOGL,2025-05-30,170.656,171.5125,166.7618,171.0444,52639900
MSFT,2025-05-30,456.0771,458.0215,451.9302,456.712,34770500
GOOGL,2025-06-02,167.1602,169.182,166.712,168.3454,38612300
MSFT,2025-06-02,453.5175,458.4481,453.2695,458.3092,16626500
AAPL,2025-06-02,199.3167,201.1578,199.1574,200.7299,35423300
AMZN,2025-06-02,204.98,207.0,202.68,206.65,29113300
AAPL,2025-06-03,200.3815,202.7899,199.9934,202.2923,46381600
AMZN,2025-06-03,207.11,208.95,205.03,205.71,33139100
GOOGL,2025-06-03,166.8116,167.7976,164.6106,165.5069,45084900
MSFT,2025-06-03,457.8132,460.462,457.208,459.3013,15743800
GOOGL,2025-06-04,166.0646,167.5386,165.6862,167.3693,26900800
MSFT,2025-06-04,460.3231,461.9997,459.3509,460.1942,14162700
AAPL,2025-06-04,201.934,205.248,201.1279,201.8445,43604000
AMZN,2025-06-04,206.55,208.18,205.18,207.23,29915600
AAPL,2025-06-05,202.5212,203.7652,199.1873,199.665,55126100
AMZN,2025-06-05,209.55,212.81,207.56,207.91,51864200
GOOGL,2025-06-05,169.65,170.2377,166.9112,167.5287,36379100
MSFT,2025-06-05,461.2756,465.9284,460.3529,463.974,20131700
GOOGL,2025-06-06,170.1381,173.7932,170.1381,172.9765,35731800
MSFT,2025-06-06,466.3648,469.5891,465.0653,466.6526,15285600
AAPL,2025-06-06,202.0236,204.7106,201.0782,202.9392,46607700
AMZN,2025-06-06,212.4,213.87,210.5,213.57,39832500
AAPL,2025-06-09,203.4069,205.0092,199.0579,200.4811,72862600
AMZN,2025-06-09,214.75,217.85,212.88,216.98,38102500
GOOGL,2025-06-09,174.0435,175.968,173.874,175.5891,28935900
MSFT,2025-06-09,465.978,469.6784,464.9065,469.0038,16469900
GOOGL,2025-06-10,175.6988,180.5948,174.4125,178.0919,61766100
MSFT,2025-06-10,467.4562,469.0534,463.2597,467.1883,15375900
AAPL,2025-06-10,199.6351,203.3671,199.6053,201.6952,54672600
AMZN,2025-06-10,216.78,217.69,214.15,217.61,31303300
AAPL,2025-06-11,202.5212,203.5164,197.4557,197.8239,60989900
AMZN,2025-06-11,217.41,218.4,212.89,213.2,39326000
GOOGL,2025-06-11,179.2586,179.8569,176.2472,176.8455,31646800
MSFT,2025-06-11,466.2954,471.7022,465.9383,468.8748,16399200
GOOGL,2025-06-12,175.6788,176.2173,174.2529,175.2002,20941900
MSFT,2025-06-12,471.2558,476.613,469.7677,475.0753,18950600
AAPL,2025-06-12,198.1225,198.7196,196.4108,198.2419,43904600
AMZN,2025-06-12,211.78,213.58,211.33,213.24,27640000
AAPL,2025-06-13,198.7693,199.4063,194.7587,195.5051,51447300
AMZN,2025-06-13,209.96,214.05,209.62,212.1,29337800
GOOGL,2025-06-13,171.9495,176.6261,171.8996,174.1731,27663100
MSFT,2025-06-13,472.6348,475.3828,469.0137,471.1963,16814500
GOOGL,2025-06-16,174.2329,176.4367,174.1532,176.2672,27389200
MSFT,2025-06-16,471.4443,476.8809,471.236,475.3431,15626100
AAPL,2025-06-16,196.351,197.7343,195.6146,197.4656,43020700
AMZN,2025-06-16,212.31,217.06,211.6,216.1,33284200
AAPL,2025-06-17,196.2515,197.4358,194.2711,194.699,38856200
AMZN,2025-06-17,215.2,217.41,214.56,214.82,32086300
GOOGL,2025-06-17,175.2002,176.8555,174.0834,175.4495,24973000
MSFT,2025-06-17,471.6328,474.9463,470.3233,474.2519,15414100
GOOGL,2025-06-18,175.5093,176.0578,172.7073,172.827,28707500
MSFT,2025-06-18,474.2122,477.1884,470.7003,476.4344,17526500
AAPL,2025-06-18,194.9976,196.6198,194.1318,195.6345,45394700
AMZN,2025-06-18,215.09,217.96,212.34,212.52,44360500
AAPL,2025-06-20,197.2865,200.7298,195.9131,200.0332,96813500
AMZN,2025-06-20,214.68,214.89,208.27,209.69,75350700
GOOGL,2025-06-20,173.4552,173.8441,164.9893,166.166,75659900
MSFT,2025-06-20,478.4087,479.6289,473.0911,473.6169,37576200
GOOGL,2025-06-23,165.797,166.864,161.5392,164.7201,57671000
MSFT,2025-06-23,474.4205,483.8849,468.7657,482.1488,24864000
AAPL,2025-06-23,200.6602,201.327,198.003,200.5308,55814300
AMZN,2025-06-23,209.79,210.39,207.31,208.47,37311700
AAPL,2025-06-24,201.6156,202.4615,199.2371,199.3366,54064000
AMZN,2025-06-24,212.14,214.34,211.05,212.77,38378800
GOOGL,2025-06-24,166.4452,167.7415,165.6574,166.2956,40524300
MSFT,2025-06-24,485.0754,487.9524,482.9424,486.2262,22305600
GOOGL,2025-06-25,167.1532,171.8697,167.0734,170.1945,35479000
MSFT,2025-06-25,488.141,490.641,485.512,488.3691,17495100
AAPL,2025-06-25,200.4811,202.6904,199.655,200.5905,39525700
AMZN,2025-06-25,214.62,216.03,211.11,211.99,31755700
AAPL,2025-06-26,200.4611,201.6653,198.5006,200.0332,50799100
AMZN,2025-06-26,213.12,218.04,212.01,217.12,50480800
GOOGL,2025-06-26,171.9395,173.1959,169.4566,173.0463,31796700
MSFT,2025-06-26,489.0735,494.0934,488.9048,493.5081,21578900
GOOGL,2025-06-27,173.0463,178.1717,171.2415,178.0221,108140200
MSFT,2025-06-27,493.6072,495.3434,489.1231,492.01,34539200
AAPL,2025-06-27,200.9189,202.2425,199.038,200.1128,73188600
AMZN,2025-06-27,219.92,223.3,216.74,223.3,119217100
AAPL,2025-06-30,201.0384,206.3925,198.3016,204.1832,91912800
AMZN,2025-06-30,223.52,223.82,219.12,219.39,58887800
GOOGL,2025-06-30,180.2658,180.7145,174.0834,175.7287,63378900
MSFT,2025-06-30,493.1013,496.7918,491.4048,493.4684,28369000
GOOGL,2025-07-01,175.2401,175.5891,173.0364,175.3398,35904500
MSFT,2025-07-01,492.5358,494.1033,487.0894,488.1508,19945400
AAPL,2025-07-01,205.6759,209.179,205.1485,206.8204,78788900
AMZN,2025-07-01,219.5,221.88,217.93,220.46,39256800
AAPL,2025-07-02,207.9052,212.3139,207.1389,211.4182,67941800
AMZN,2025-07-02,219.73,221.6,219.06,219.92,30894200
GOOGL,2025-07-02,175.0406,178.3512,174.572,178.1318,29128900
MSFT,2025-07-02,486.1072,489.5894,484.8274,487.1985,16319600
GOOGL,2025-07-03,177.9922,179.1589,176.5463,179.0193,21689700
MSFT,2025-07-03,489.8969,496.1669,489.5299,494.8871,13984800
AAPL,2025-07-03,211.1296,213.6175,210.7912,212.5229,34955800
AMZN,2025-07-03,221.82,224.01,221.36,223.41,29632400
AAPL,2025-07-07,211.657,215.19,207.7957,208.9402,50229000
AMZN,2025-07-07,223.0,224.29,222.37,223.47,36604100
GOOGL,2025-07-07,178.5506,178.7899,175.1802,176.2871,34175600
MSFT,2025-07-07,493.4386,494.7978,491.3057,493.7759,13981600
GOOGL,2025-07-08,177.3441,177.4438,172.3184,173.864,40442500
MSFT,2025-07-08,493.2997,494.2521,490.1945,492.6847,11846600
AAPL,2025-07-08,209.0895,210.4131,207.4474,208.9999,42848900
AMZN,2025-07-08,223.92,224.0,218.43,219.36,45692000
AAPL,2025-07-09,208.5222,210.3135,206.2233,210.1245,48749400
AMZN,2025-07-09,221.07,224.29,220.47,222.54,38155100
GOOGL,2025-07-09,174.7515,178.9296,172.2785,176.1176,43025600
MSFT,2025-07-09,496.3355,502.7642,495.7799,499.5201,18659500
GOOGL,2025-07-10,175.1304,177.9224,173.884,177.1147,29252400
MSFT,2025-07-10,499.0637,500.4427,493.8057,497.5061,16492100
AAPL,2025-07-10,209.4975,212.4532,209.0198,211.3883,44443600
AMZN,2025-07-10,221.55,222.79,219.7,222.26,30370600
AAPL,2025-07-11,209.5572,211.1097,208.8506,210.1443,39765800
AMZN,2025-07-11,223.58,226.68,222.37,225.02,50518300
GOOGL,2025-07-11,176.2871,180.9139,175.978,179.6774,34282900
MSFT,2025-07-11,494.52,501.028,493.8553,499.3316,16459500
GOOGL,2025-07-14,180.4951,183.1475,179.1689,181.0435,32536600
MSFT,2025-07-14,497.5458,499.9764,497.0597,499.0339,12058800
AAPL,2025-07-14,208.9203,209.8956,206.5418,207.6166,38840100
AMZN,2025-07-14,225.07,226.66,224.24,225.69,35702600
AAPL,2025-07-15,208.2137,210.8708,207.9151,208.1042,42296300
AMZN,2025-07-15,226.2,227.27,225.46,226.35,34907300
GOOGL,2025-07-15,182.29,183.696,181.0834,181.4823,33448300
MSFT,2025-07-15,499.0339,504.2721,498.8058,501.8118,14927200
GOOGL,2025-07-16,182.7188,183.8057,181.5122,182.4495,33104200
MSFT,2025-07-16,501.1768,502.7047,497.9129,501.6133,15154400
AAPL,2025-07-16,209.2885,211.3784,207.6365,209.1492,47490500
AMZN,2025-07-16,225.88,226.1,222.18,223.19,39535900
AAPL,2025-07-17,209.5572,210.7813,208.5819,209.0098,48068100
AMZN,2025-07-17,223.32,224.5,222.51,223.88,31855800
GOOGL,2025-07-17,181.6219,183.5364,179.9666,183.0578,31992600
MSFT,2025-07-17,501.6728,509.3019,501.6133,507.6451,17503100
GOOGL,2025-07-18,184.8726,185.8897,183.1874,184.5336,34014500
MSFT,2025-07-18,510.4031,510.5619,503.409,506.0082,21209700
AAPL,2025-07-18,209.8557,210.7713,208.6914,210.1642,48974600
AMZN,2025-07-18,225.14,226.4,222.98,226.13,37833800
AAPL,2025-07-21,211.0798,214.7421,210.6121,211.458,51377400
AMZN,2025-07-21,225.84,229.69,225.65,229.3,40297600
GOOGL,2025-07-21,185.7202,189.7487,185.6205,189.5592,45803100
MSFT,2025-07-21,502.6947,508.0321,501.5439,506.0181,14066800
GOOGL,2025-07-22,190.9552,191.1048,186.9267,190.7957,44660200
MSFT,2025-07-22,506.921,507.1491,501.2661,501.2661,13868600
AAPL,2025-07-22,212.1148,213.9161,211.2092,213.3688,46404100
AMZN,2025-07-22,229.68,230.0,226.35,227.47,37483700
AAPL,2025-07-23,213.9659,214.1152,211.3883,213.12,46989300
AMZN,2025-07-23,228.47,228.79,227.09,228.29,28294900
GOOGL,2025-07-23,190.9552,191.9823,188.6419,189.6888,58681900
MSFT,2025-07-23,502.7344,502.7741,496.7323,501.8613,16396600
GOOGL,2025-07-24,196.4695,197.3869,190.4567,191.6234,74881700
MSFT,2025-07-24,504.7383,509.5995,503.28,506.8316,16107000
AAPL,2025-07-24,212.8712,214.6526,212.503,212.7318,46022600
AMZN,2025-07-24,229.17,236.0,228.64,232.23,42902300
AAPL,2025-07-25,213.6673,214.2047,212.3736,212.8513,40268800
AMZN,2025-07-25,232.22,232.48,231.18,231.44,28712100
GOOGL,2025-07-25,191.4339,193.7772,190.7159,192.6305,39785900
MSFT,2025-07-25,508.409,514.1829,506.3158,509.6393,19125700
GOOGL,2025-07-28,193.0991,193.498,190.2971,192.0322,38139500
MSFT,2025-07-28,510.0063,510.919,506.0776,508.4388,14308000
AAPL,2025-07-28,213.0006,213.8166,212.0352,213.0205,37858000
AMZN,2025-07-28,233.35,234.29,232.25,232.79,26300100
AAPL,2025-07-29,213.1498,213.7768,209.806,210.2538,51411700
AMZN,2025-07-29,234.15,234.72,230.31,231.01,33716200
GOOGL,2025-07-29,191.8826,195.3627,191.5336,195.1931,41389200
MSFT,2025-07-29,511.4448,513.5182,507.5062,508.5083,16469200
GOOGL,2025-07-30,195.0436,197.0379,194.1362,195.9709,32445400
MSFT,2025-07-30,511.0877,511.8615,505.403,509.173,26380400
AAPL,2025-07-30,210.8808,211.3684,206.7209,208.0445,45512500
AMZN,2025-07-30,231.64,231.8,229.29,230.19,32993300
AAPL,2025-07-31,207.4872,208.8307,206.1636,206.5716,80698400
AMZN,2025-07-31,235.77,236.53,231.4,234.11,104357300
GOOGL,2025-07-31,195.1533,195.4325,190.5464,191.3541,51329200
MSFT,2025-07-31,550.8302,551.0484,527.685,529.2724,51617300
GOOGL,2025-08-01,188.4923,190.2872,187.2857,188.592,34832200
MSFT,2025-08-01,530.7605,531.5542,516.7325,519.9568,28977600
AAPL,2025-08-01,209.8558,212.5527,200.5308,201.4066,104434500
AMZN,2025-08-01,217.21,220.44,212.8,214.75,122258800
AAPL,2025-08-04,203.5263,206.8801,200.71,202.3719,75109300
AMZN,2025-08-04,217.4,217.44,211.42,211.65,77890100
GOOGL,2025-08-04,189.7487,194.7145,189.5792,194.4852,31547400
MSFT,2025-08-04,524.0839,533.9847,523.9449,531.3954,25349000
GOOGL,2025-08-05,194.1561,197.2972,193.3384,194.1162,31602300
MSFT,2025-08-05,532.9233,533.0423,523.062,523.568,19171600
AAPL,2025-08-05,202.4217,204.3524,201.1877,201.944,44155100
AMZN,2025-08-05,213.05,216.3,212.87,213.75,51505100
AAPL,2025-08-06,204.641,214.3441,204.6011,212.2243,108483100
AMZN,2025-08-06,214.7,222.65,213.74,222.31,54823000
GOOGL,2025-08-06,193.9467,196.0707,193.1191,195.5322,21562900
MSFT,2025-08-06,526.693,527.4867,519.8775,520.7802,21355700
GOOGL,2025-08-07,196.4994,196.9781,193.7772,195.961,26321800
MSFT,2025-08-07,522.6254,523.9053,513.4487,516.7127,16079100
AAPL,2025-08-07,217.8272,219.7877,215.5383,218.9717,90224800
AMZN,2025-08-07,221.0,226.22,220.82,223.13,40603500
AAPL,2025-08-08,219.7678,229.8889,218.1954,228.2469,113854000
AMZN,2025-08-08,223.14,223.8,221.88,222.69,32970500
GOOGL,2025-08-08,196.659,202.0336,196.6091,200.847,39161800
MSFT,2025-08-08,518.4588,520.5025,515.2941,517.9032,15531000
GOOGL,2025-08-11,200.3684,200.9069,198.5037,200.4282,25832400
MSFT,2025-08-11,518.1612,523.4093,515.6016,517.6354,20194400
AAPL,2025-08-11,227.0812,228.7151,223.9328,226.3439,61806100
AMZN,2025-08-11,221.78,223.05,220.4,221.3,31646200
AAPL,2025-08-12,227.1708,229.9506,226.2343,228.8048,55626200
AMZN,2025-08-12,222.23,223.5,219.05,221.47,37185800
GOOGL,2025-08-12,200.7972,203.9183,200.0194,202.7616,30397900
MSFT,2025-08-12,519.5997,526.7723,518.558,525.0461,18667000
GOOGL,2025-08-13,203.5493,203.9482,196.9482,201.3855,28342900
MSFT,2025-08-13,527.8934,528.4787,515.2543,516.4548,19619200
AAPL,2025-08-13,230.2196,234.1351,229.5819,232.4713,69878500
AMZN,2025-08-13,222.0,224.92,222.0,224.56,36508300
AAPL,2025-08-14,233.1986,234.2547,230.0004,231.9233,51916300
AMZN,2025-08-14,227.4,233.11,227.02,230.98,61545800
GOOGL,2025-08-14,200.9268,203.8584,200.6576,202.3627,25230400
MSFT,2025-08-14,518.419,521.7822,516.0182,518.3397,20269100
GOOGL,2025-08-15,203.2701,205.8527,200.7074,203.32,34931400
MSFT,2025-08-15,518.6275,521.931,514.9667,516.048,25213300
AAPL,2025-08-15,233.1388,233.4177,228.4959,230.7376,56038700
AMZN,2025-08-15,232.58,234.08,229.81,231.03,39649200
AAPL,2025-08-18,230.8473,232.262,229.2631,230.0402,37476200
AMZN,2025-08-18,230.23,231.91,228.33,231.49,25248900
GOOGL,2025-08-18,203.6191,204.6861,201.914,202.9211,18526600
MSFT,2025-08-18,517.4568,518.677,509.9468,513.0023,23760600
GOOGL,2025-08-19,202.4525,202.8613,199.3912,200.9966,24240200
MSFT,2025-08-19,510.919,511.0777,504.5201,505.7304,21481000
AAPL,2025-08-19,230.4288,232.013,228.5059,229.7114,39402600
AMZN,2025-08-19,230.09,230.53,227.12,228.01,29891000
AAPL,2025-08-20,229.1336,229.6218,224.9391,225.1782,42263900
AMZN,2025-08-20,227.12,227.27,220.92,223.81,36604300
GOOGL,2025-08-20,200.159,200.7074,196.0407,198.753,28955500
MSFT,2025-08-20,505.8296,506.9507,500.4427,501.7125,27723000
GOOGL,2025-08-21,199.1818,201.904,198.8627,199.1818,19774600
MSFT,2025-08-21,500.5201,504.4353,499.5562,501.0666,18443300
AAPL,2025-08-21,225.4372,225.6863,222.9564,224.0723,30621200
AMZN,2025-08-21,222.65,222.78,220.5,221.95,32140500
AAPL,2025-08-22,225.3376,228.2468,224.5804,226.9218,42477800
AMZN,2025-08-22,222.79,229.14,220.82,228.84,37315300
GOOGL,2025-08-22,202.1533,207.9468,200.7274,205.5037,42827000
MSFT,2025-08-22,501.0766,507.5158,499.2481,504.0378,24324200
GOOGL,2025-08-25,205.8428,209.9211,204.696,207.8969,29928900
MSFT,2025-08-25,503.4416,504.9918,500.9474,501.0865,21638600
AAPL,2025-08-25,225.6465,228.4561,225.3974,226.324,30983100
AMZN,2025-08-25,227.35,229.6,227.31,227.94,22633700
AAPL,2025-08-26,226.035,228.6454,223.8631,228.466,54575100
AMZN,2025-08-26,227.11,229.0,226.02,228.71,26105400
GOOGL,2025-08-26,206.9197,207.2587,205.1148,206.5508,28464100
MSFT,2025-08-26,501.1858,501.802,495.3727,498.8805,30835700
GOOGL,2025-08-27,205.1149,208.3157,205.065,206.8898,23022900
MSFT,2025-08-27,498.8407,504.0975,496.754,503.5509,17277900
AAPL,2025-08-27,227.7686,230.0502,227.4199,229.6417,31259500
AMZN,2025-08-27,228.57,229.87,227.81,229.12,21254500
AAPL,2025-08-28,229.9705,232.551,228.4959,231.7041,38074700
AMZN,2025-08-28,229.01,232.71,228.02,231.6,33679600
GOOGL,2025-08-28,206.6604,211.6163,206.3114,211.0379,32339300
MSFT,2025-08-28,503.8987,507.8735,502.3187,506.4326,18015600
GOOGL,2025-08-29,209.9112,214.0394,209.602,212.3044,39728400
MSFT,2025-08-29,505.4588,506.3929,501.315,503.5012,20961600
AAPL,2025-08-29,231.6543,232.5211,230.5185,231.2856,39418400
AMZN,2025-08-29,231.32,231.81,228.16,229.0,26199200
AAPL,2025-09-02,228.4063,230.0004,226.1347,228.8746,44075600
AMZN,2025-09-02,223.52,226.17,221.83,225.34,38843900
GOOGL,2025-09-02,207.8471,211.0778,205.6134,210.7488,47523000
MSFT,2025-09-02,497.3203,502.8155,493.6834,501.9411,18128000
GOOGL,2025-09-03,225.5665,230.652,224.1505,230.0039,103336100
MSFT,2025-09-03,500.6195,504.5943,499.1587,502.1696,16345100
AAPL,2025-09-03,236.337,237.971,233.4975,237.5923,66427800
AMZN,2025-09-03,225.21,227.17,224.36,225.99,29223100
AAPL,2025-09-04,237.5724,239.0171,235.8687,238.8975,47549400
AMZN,2025-09-04,231.19,235.77,230.78,235.68,59391800
GOOGL,2025-09-04,228.9967,231.709,225.4668,231.6392,51684200
MSFT,2025-09-04,501.1262,504.952,499.9835,504.7732,15509500
GOOGL,2025-09-05,231.5395,235.0893,231.2403,234.3315,46588900
MSFT,2025-09-05,505.8662,508.748,489.2713,491.8848,31994800
AAPL,2025-09-05,239.1167,240.4319,237.6123,238.8078,54870400
AMZN,2025-09-05,235.19,236.0,231.93,232.33,36721800
AAPL,2025-09-08,238.4193,239.2661,235.4702,237.0045,48999500
AMZN,2025-09-08,234.94,237.6,233.75,235.84,33947100
GOOGL,2025-09-08,235.0102,237.665,233.2137,233.583,32474700
MSFT,2025-09-08,494.9752,498.0458,491.9146,495.0646,16771000
GOOGL,2025-09-09,233.7127,240.0004,232.7745,239.1621,38061000
MSFT,2025-09-09,498.2743,499.0891,494.5678,495.2733,14410500
AAPL,2025-09-09,236.1277,237.9012,232.5012,233.4875,66313900
AMZN,2025-09-09,236.36,238.85,235.08,238.24,27033800
AAPL,2025-09-10,231.3355,231.5646,225.1184,225.9553,83440800
AMZN,2025-09-10,237.52,237.68,229.1,230.33,60907700
GOOGL,2025-09-10,238.4335,241.1881,237.3855,238.7029,35141100
MSFT,2025-09-10,499.8146,500.063,493.594,497.221,21611800
GOOGL,2025-09-11,239.4116,241.7769,235.7887,239.9006,30599300
MSFT,2025-09-11,499.0892,500.0034,494.7467,497.857,18881600
AAPL,2025-09-11,226.045,229.6019,225.8158,229.1834,50208600
AMZN,2025-09-11,231.49,231.53,229.34,229.95,37485600
AAPL,2025-09-12,228.3764,233.6469,228.1771,233.2085,55824200
AMZN,2025-09-12,230.35,230.79,226.29,228.15,38496200
GOOGL,2025-09-12,239.9006,241.6073,237.5352,240.3298,26771600
MSFT,2025-09-12,503.4615,509.3243,500.6791,506.691,23624900
GOOGL,2025-09-15,244.1822,251.9171,244.1822,251.1187,58383800
MSFT,2025-09-15,505.588,512.2259,503.8093,512.1166,17143800
AAPL,2025-09-15,236.1277,237.3134,234.165,235.8288,42699500
AMZN,2025-09-15,230.63,233.73,230.32,231.43,33243300
AAPL,2025-09-16,236.3071,240.3322,235.4503,237.2735,63421100
AMZN,2025-09-16,232.94,235.9,232.23,234.05,38203900
GOOGL,2025-09-16,251.5877,252.5459,248.9828,250.6695,34109700
MSFT,2025-09-16,513.6271,513.9749,505.3992,505.8364,19711900
GOOGL,2025-09-17,250.7294,251.1087,245.7991,249.0427,34108000
MSFT,2025-09-17,507.4065,508.0723,502.746,506.8102,15816600
AAPL,2025-09-17,238.0905,239.2164,236.8551,238.1104,46508000
AMZN,2025-09-17,233.77,234.3,228.71,231.62,42815200
AAPL,2025-09-18,239.0868,240.3123,235.779,237.0045,44249600
AMZN,2025-09-18,232.5,233.48,228.79,231.23,37931700
GOOGL,2025-09-18,251.1885,253.494,249.3122,251.5378,31239500
MSFT,2025-09-18,508.271,509.8411,504.4651,505.2501,18913700
GOOGL,2025-09-19,252.7554,255.5001,251.3183,254.2226,55571400
MSFT,2025-09-19,507.3469,516.0318,507.0984,514.6705,52474100
AAPL,2025-09-19,240.3422,245.3935,239.3259,244.5965,163741300
AMZN,2025-09-19,232.37,234.16,229.7,231.48,97943200
AAPL,2025-09-22,247.3862,255.6955,247.2068,255.1375,105517400
AMZN,2025-09-22,230.56,230.57,227.51,227.63,45914500
GOOGL,2025-09-22,253.9331,255.2805,249.8112,252.0369,32290500
MSFT,2025-09-22,512.3452,514.4817,509.3144,511.2124,20009300
GOOGL,2025-09-23,252.5459,253.8633,249.9909,251.1686,26628000
MSFT,2025-09-23,510.5665,511.3516,504.1173,506.0252,19799600
AAPL,2025-09-23,254.9383,256.3929,252.6467,253.4936,60275200
AMZN,2025-09-23,227.83,227.86,220.07,220.71,70956200
AAPL,2025-09-24,254.2807,254.7988,250.1161,251.3814,42303700
AMZN,2025-09-24,224.15,224.56,219.45,220.21,49509000
GOOGL,2025-09-24,251.1685,251.8572,245.9588,246.6574,28201000
MSFT,2025-09-24,507.168,509.2547,503.7298,506.9394,13533700
GOOGL,2025-09-25,243.9227,246.0086,240.2699,245.31,31020400
MSFT,2025-09-25,505.1011,506.8003,501.8616,503.8391,15786500
AAPL,2025-09-25,252.2781,256.2235,250.7836,255.9246,55202100
AMZN,2025-09-25,220.06,220.67,216.47,218.15,52226300
AAPL,2025-09-26,253.1648,256.6519,252.846,254.5198,46076300
AMZN,2025-09-26,219.08,221.05,218.02,219.78,41650100
GOOGL,2025-09-26,246.5875,248.9329,245.4897,246.0585,18503200
MSFT,2025-09-26,506.85,510.7056,503.4316,508.2412,16213100
GOOGL,2025-09-29,247.366,250.6595,242.2959,243.5734,32505800
MSFT,2025-09-29,508.2809,513.5972,505.6774,511.3614,17617800
AAPL,2025-09-29,253.6231,254.0615,252.0788,253.4936,40127700
AMZN,2025-09-29,220.08,222.6,219.3,222.17,44259200
AAPL,2025-09-30,253.922,254.9781,252.1785,253.6929,37704300
AMZN,2025-09-30,222.03,222.24,217.89,219.57,48396400
GOOGL,2025-09-30,242.3358,242.8149,238.7828,242.6253,34724300
MSFT,2025-09-30,510.01,514.899,506.4525,514.6904,19728200
GOOGL,2025-10-01,240.2799,245.819,238.144,244.4218,31658200
MSFT,2025-10-01,511.5601,517.2342,508.4697,516.4393,22632300
AAPL,2025-10-01,254.1014,257.8376,253.9918,254.5099,48713900
AMZN,2025-10-01,217.36,222.15,216.61,220.63,43933800
AAPL,2025-10-02,255.6357,257.2298,253.2146,256.1837,42630200
AMZN,2025-10-02,221.01,222.81,218.95,222.41,41258600
GOOGL,2025-10-02,244.6713,246.328,241.8268,245.2102,25483300
MSFT,2025-10-02,514.3823,518.3174,507.4661,512.4943,21222900
GOOGL,2025-10-03,244.0126,245.819,241.1881,244.8709,30249600
MSFT,2025-10-03,513.8456,517.2143,511.7589,514.0941,15112300
AAPL,2025-10-03,253.7327,258.2859,253.0153,257.0704,49155600
AMZN,2025-10-03,223.44,224.2,219.34,219.51,43639000
AAPL,2025-10-06,257.0405,258.1165,254.1113,255.7453,44664100
AMZN,2025-10-06,221.0,221.73,216.03,220.9,43690900
GOOGL,2025-10-06,244.302,250.8292,244.1024,249.941,28894700
MSFT,2025-10-06,515.3462,527.6881,514.9388,525.2435,21388600
GOOGL,2025-10-07,247.7852,249.9509,245.0406,245.2801,23181300
MSFT,2025-10-07,524.9652,526.4658,518.1584,520.6823,14615200
AAPL,2025-10-07,255.8648,256.4527,254.4899,255.5361,31955800
AMZN,2025-10-07,220.88,222.89,220.17,221.78,31194700
AAPL,2025-10-08,255.5759,257.5685,255.1674,257.1103,36496900
AMZN,2025-10-08,222.92,226.73,221.19,225.22,46686000
GOOGL,2025-10-08,244.4817,245.5296,243.3439,244.1423,21307100
MSFT,2025-10-08,519.9868,523.6337,519.798,521.5469,13363400
GOOGL,2025-10-09,243.9926,244.282,238.683,241.0583,27892100
MSFT,2025-10-09,519.0527,521.0302,514.1438,519.1124,18343600
AAPL,2025-10-09,256.8612,257.0505,252.2083,253.105,38322000
AMZN,2025-10-09,225.0,228.21,221.75,227.74,46412100
AAPL,2025-10-10,254.0017,255.4364,243.102,244.3673,61999100
AMZN,2025-10-10,226.21,228.25,216.0,216.37,72367500
GOOGL,2025-10-10,240.9585,243.6133,235.3794,236.108,33180300
MSFT,2025-10-10,516.3697,520.2849,506.4227,507.7443,24133800
GOOGL,2025-10-13,239.7409,244.0226,239.2419,243.6732,24995000
MSFT,2025-10-13,513.16,513.16,508.4598,510.8149,14284200
AAPL,2025-10-13,248.4622,248.771,244.6562,246.7485,38142900
AMZN,2025-10-13,217.7,220.68,217.04,220.07,37809700
AAPL,2025-10-14,245.6924,247.9341,243.7994,246.8581,35478000
AMZN,2025-10-14,215.56,219.32,212.6,216.39,45665600
GOOGL,2025-10-14,240.7589,246.6374,240.0403,244.9707,22111600
MSFT,2025-10-14,507.0189,512.0372,502.8156,510.3379,14684300
GOOGL,2025-10-15,246.7672,251.6177,245.5096,250.5398,27007700
MSFT,2025-10-15,511.7192,513.9351,506.7904,510.1988,14694700
AAPL,2025-10-15,248.5718,250.8932,246.5592,248.4223,33893600
AMZN,2025-10-15,216.62,217.71,212.66,215.57,45909500
AAPL,2025-10-16,247.3364,248.1234,244.2278,246.5393,39777000
AMZN,2025-10-16,215.67,218.59,212.81,214.47,42414600
GOOGL,2025-10-16,251.2783,256.4582,249.6116,250.9689,27997200
MSFT,2025-10-16,509.3542,513.5972,504.9321,508.3903,15559600
GOOGL,2025-10-17,250.2703,253.7236,247.3261,252.8054,29671600
MSFT,2025-10-17,505.8365,512.2359,504.1173,510.3479,19867800
AAPL,2025-10-17,247.1072,252.4475,246.36,251.3615,49147000
AMZN,2025-10-17,214.56,214.8,211.03,213.04,45986900
AAPL,2025-10-20,254.9482,263.407,254.6892,261.2748,90483000
AMZN,2025-10-20,213.88,216.69,213.59,216.48,38882800
GOOGL,2025-10-20,254.1926,256.8275,253.7335,256.049,22350200
MSFT,2025-10-20,511.3714,515.4356,510.1988,513.5377,14665600
GOOGL,2025-10-21,254.2425,254.3823,243.6732,249.9709,47312100
MSFT,2025-10-21,514.2432,515.4257,509.8112,514.4022,15586200
AAPL,2025-10-21,260.9161,264.3136,260.8663,261.8029,46695900
AMZN,2025-10-21,218.43,223.32,217.99,222.03,50494600
AAPL,2025-10-22,261.6833,261.8826,254.4899,257.4988,45015300
AMZN,2025-10-22,219.3,220.01,216.52,217.95,44308500
GOOGL,2025-10-22,253.8733,255.8594,248.8032,251.1985,35029400
MSFT,2025-10-22,517.8702,521.9246,514.452,517.264,18962700
GOOGL,2025-10-23,252.486,254.5419,251.3582,252.5858,19901400
MSFT,2025-10-23,519.172,520.6526,515.3462,517.2839,14023500
AAPL,2025-10-23,258.9833,259.6608,257.0604,258.6246,32754900
AMZN,2025-10-23,219.0,221.3,218.18,221.09,31540000
AAPL,2025-10-24,260.2287,263.1579,258.2261,261.8528,38253700
AMZN,2025-10-24,221.97,225.4,221.9,224.21,38685100
GOOGL,2025-10-24,256.0789,261.169,254.8215,259.4124,28655100
MSFT,2025-10-24,519.4999,522.0437,517.433,520.3147,15532400
GOOGL,2025-10-27,264.3029,269.6125,263.7639,268.7442,35235200
MSFT,2025-10-27,528.4334,531.2157,525.6808,528.175,18734700
AAPL,2025-10-27,263.9051,268.1295,263.676,267.8207,44888200
AMZN,2025-10-27,227.66,228.4,225.54,226.97,38267000
AAPL,2025-10-28,268.0,268.8967,267.1631,268.01,41534800
AMZN,2025-10-28,228.22,231.49,226.21,229.25,47100000
GOOGL,2025-10-28,269.1634,270.2013,265.9796,266.9477,29738600
MSFT,2025-10-28,546.5387,550.2352,537.3668,538.6586,29986700
GOOGL,2025-10-29,267.2271,274.8023,267.1473,274.0338,43580300
MSFT,2025-10-29,541.5105,542.8322,533.3522,538.1418,36023000
AAPL,2025-10-29,268.2889,270.4111,266.1269,268.7074,51086700
AMZN,2025-10-29,231.67,232.82,227.76,230.3,52036200
AAPL,2025-10-30,270.9889,273.1311,267.4919,270.4011,69886500
AMZN,2025-10-30,227.06,228.44,222.75,222.86,102252900
GOOGL,2025-10-30,291.0206,291.0206,279.5131,280.9304,74876000
MSFT,2025-10-30,527.1414,531.6032,518.8341,522.4512,41023100
GOOGL,2025-10-31,282.6569,285.4415,276.489,280.6409,39267900
MSFT,2025-10-31,525.5515,525.9888,511.8582,514.5512,34006400
AAPL,2025-10-31,275.9706,276.2994,268.1694,269.3749,86167100
AMZN,2025-10-31,250.1,250.5,243.98,244.22,166340800
AAPL,2025-11-03,269.4247,269.8532,265.2701,268.0598,50194600
AMZN,2025-11-03,255.36,258.6,252.9,254.0,95997800
GOOGL,2025-11-03,281.629,284.9724,279.2536,283.166,29786000
MSFT,2025-11-03,516.5386,521.6563,511.3515,513.7761,22374700
GOOGL,2025-11-04,276.2096,280.7207,275.7205,276.998,30078400
MSFT,2025-11-04,508.5393,512.3055,504.644,511.0932,20958700
AAPL,2025-11-04,267.3424,270.4908,266.6351,269.0462,49274800
AMZN,2025-11-04,250.38,257.01,248.66,249.32,51546300
AAPL,2025-11-05,267.6214,270.7001,265.9476,269.1458,43683100
AMZN,2025-11-05,249.03,251.0,246.16,250.2,40610700
GOOGL,2025-11-05,278.3254,285.8607,276.7984,283.7548,31010300
MSFT,2025-11-05,510.0696,511.59,503.3919,503.9683,23024300
GOOGL,2025-11-06,284.7728,287.7869,280.591,284.1939,37173600
MSFT,2025-11-06,502.4777,502.5174,492.6897,493.9716,27406500
AAPL,2025-11-06,266.9041,272.3938,266.9041,268.7771,51204000
AMZN,2025-11-06,249.16,250.38,242.17,243.04,46004200
AAPL,2025-11-07,268.807,271.2879,265.7881,267.4819,48227400
AMZN,2025-11-07,242.9,244.9,238.49,244.41,46374300
GOOGL,2025-11-07,282.6569,283.2258,274.6526,278.2855,34479600
MSFT,2025-11-07,493.8225,496.2372,490.1458,493.6933,24019800
GOOGL,2025-11-10,283.8646,290.2321,282.3076,289.5335,29557300
MSFT,2025-11-10,496.8931,503.6602,495.6609,502.8156,26101500
AAPL,2025-11-10,268.2299,272.9869,266.7339,268.6986,41312400
AMZN,2025-11-10,248.34,251.75,245.59,248.4,36476500
AAPL,2025-11-11,269.0776,275.161,269.0676,274.5028,46208300
AMZN,2025-11-11,248.41,249.75,247.23,249.1,23564100
GOOGL,2025-11-11,287.1881,291.3499,286.7589,290.7411,19842100
MSFT,2025-11-11,501.6231,506.3929,499.1885,505.4787,17980000
GOOGL,2025-11-12,291.1104,291.4398,283.136,286.1501,24829900
MSFT,2025-11-12,506.1544,508.4499,495.9789,507.9232,26574900
AAPL,2025-11-12,274.2535,274.9815,270.9625,272.7276,48398000
AMZN,2025-11-12,250.24,250.37,243.75,244.2,31190100
AAPL,2025-11-13,273.3659,275.9489,271.3514,272.2091,49602800
AMZN,2025-11-13,243.05,243.75,236.5,237.58,41401700
GOOGL,2025-11-13,281.7887,282.2877,276.6986,278.026,29494000
MSFT,2025-11-13,507.0984,510.2683,498.1352,500.1226,25273100
GOOGL,2025-11-14,270.88,278.016,270.1714,275.8702,31647200
MSFT,2025-11-14,495.0945,508.3803,494.3094,506.9692,28505700
AAPL,2025-11-14,270.3142,275.2109,268.8682,271.6705,47431300
AMZN,2025-11-14,235.06,238.73,232.89,234.69,38956700
AAPL,2025-11-17,268.0903,269.7558,265.0087,266.7339,45018300
AMZN,2025-11-17,233.25,234.6,229.19,232.87,59919000
GOOGL,2025-11-17,285.2219,293.376,283.0162,284.4634,52670200
MSFT,2025-11-17,505.2501,508.897,501.7324,504.2961,19092800
GOOGL,2025-11-18,287.3578,288.236,277.6567,283.7249,49158700
MSFT,2025-11-18,492.2524,499.8146,483.7165,490.6824,33815100
AAPL,2025-11-18,269.2571,269.9751,264.5997,266.7141,45677300
AMZN,2025-11-18,228.1,230.2,222.42,222.55,60608400
AAPL,2025-11-19,264.8092,271.4711,264.7793,267.831,40424500
AMZN,2025-11-19,223.74,223.74,218.52,222.69,58335600
GOOGL,2025-11-19,286.5993,303.2167,286.0703,292.2382,68198900
MSFT,2025-11-19,487.0156,492.0736,479.7913,484.0544,23245300
GOOGL,2025-11-20,303.9453,305.8216,288.1063,288.8848,62025200
MSFT,2025-11-20,490.5255,491.3817,473.3918,476.3088,26802500
AAPL,2025-11-20,270.0948,274.6823,265.1982,265.5273,45823600
AMZN,2025-11-20,227.05,227.41,216.74,217.14,50309000
AAPL,2025-11-21,265.2281,272.588,264.9488,270.753,59030800
AMZN,2025-11-21,216.35,222.21,215.18,220.69,68490500
GOOGL,2025-11-21,295.8412,303.3265,293.2761,299.0749,74137700
MSFT,2025-11-21,476.3785,476.7967,466.1939,470.0268,31769200
GOOGL,2025-11-24,310.5224,318.8561,308.9954,317.9579,85165100
MSFT,2025-11-24,472.8941,474.7856,465.945,471.8985,34421000
AAPL,2025-11-24,270.1646,276.2481,270.1646,275.171,65585800
AMZN,2025-11-24,222.56,227.33,222.27,226.28,54318400
AAPL,2025-11-25,274.5228,279.6189,274.5028,276.2182,46914200
AMZN,2025-11-25,226.38,230.52,223.8,229.67,39379300
GOOGL,2025-11-25,325.573,328.1878,317.0297,322.8084,88632100
MSFT,2025-11-25,471.9682,477.0256,462.8289,474.8752,28019800
GOOGL,2025-11-26,320.0538,323.8663,316.1714,319.3252,51373400
MSFT,2025-11-26,484.1539,486.1451,479.0666,483.3475,25709100
AAPL,2025-11-26,276.2082,278.7712,275.8791,276.7966,33431400
AMZN,2025-11-26,230.74,231.75,228.77,229.16,38497900
AAPL,2025-11-28,276.5074,278.2426,275.2408,278.093,20135600
AMZN,2025-11-28,231.24,233.29,230.22,233.22,20292300
GOOGL,2025-11-28,322.7386,326.2117,316.1714,319.5548,26018600
MSFT,2025-11-28,485.4382,490.4459,484.4924,489.8287,14386700
GOOGL,2025-12-01,317.0796,319.2254,313.277,314.2751,41183000
MSFT,2025-12-01,486.2745,487.6882,482.5013,484.582,23964000
AAPL,2025-12-01,277.2553,282.6506,275.3904,282.3315,46587700
AMZN,2025-12-01,233.22,235.8,232.25,233.88,42904000
AAPL,2025-12-02,282.2318,286.6198,281.8628,285.4131,53669500
AMZN,2025-12-02,235.01,238.97,233.55,234.42,45785400
GOOGL,2025-12-02,316.1214,317.7583,313.297,315.1933,35854700
MSFT,2025-12-02,484.5621,491.3121,484.1639,487.8276,19562700
GOOGL,2025-12-03,315.2731,320.952,313.4866,319.0058,41838300
MSFT,2025-12-03,474.2082,482.0931,473.0932,475.612,34615100
AAPL,2025-12-03,285.4231,287.8365,282.531,283.3787,43538700
AMZN,2025-12-03,233.35,233.38,230.61,232.38,35495100
AAPL,2025-12-04,283.3288,283.9571,277.8338,279.938,43989100
AMZN,2025-12-04,232.77,233.5,226.8,229.11,45683200
GOOGL,2025-12-04,321.6008,321.7305,314.0855,316.9998,31240900
MSFT,2025-12-04,477.633,479.1861,474.3775,478.7082,22318200
GOOGL,2025-12-05,318.8661,322.5289,318.5467,320.6426,28851700
MSFT,2025-12-05,480.3807,481.2568,476.7569,481.0179,22608700
AAPL,2025-12-05,279.7785,280.3768,277.2952,278.0233,47265800
AMZN,2025-12-05,230.32,231.24,228.55,229.53,33117400
AAPL,2025-12-08,277.375,278.9108,275.4004,277.1357,38211800
AMZN,2025-12-08,229.59,230.83,226.27,226.89,35019200
GOOGL,2025-12-08,319.634,320.0235,310.8154,313.3122,33909400
MSFT,2025-12-08,482.7403,490.1174,482.2325,488.843,21965900
GOOGL,2025-12-09,311.9639,317.5766,311.4945,316.6678,30194000
MSFT,2025-12-09,486.9316,489.9382,486.3342,489.8386,14696100
AAPL,2025-12-09,277.4049,279.2698,276.1683,276.4276,32193300
AMZN,2025-12-09,226.84,228.57,225.11,227.92,25841700
AAPL,2025-12-10,276.9961,278.9906,275.6896,278.0233,33038300
AMZN,2025-12-10,228.81,232.42,228.46,231.78,38790700
GOOGL,2025-12-10,315.4194,320.8923,314.2709,319.7937,33428900
MSFT,2025-12-10,481.884,482.1031,472.9737,476.4383,35756200
GOOGL,2025-12-11,319.6639,320.7025,308.1988,312.0238,42353700
MSFT,2025-12-11,474.5168,483.8752,473.7502,481.3265,24669200
AAPL,2025-12-11,278.3424,278.831,273.0667,277.2753,33248000
AMZN,2025-12-11,230.71,232.11,228.69,230.28,28249600
AAPL,2025-12-12,277.1457,278.462,276.0686,277.5246,39532900
AMZN,2025-12-12,229.87,230.08,225.12,226.19,35639100
GOOGL,2025-12-12,313.2922,314.4607,305.1628,308.8879,35940200
MSFT,2025-12-12,477.6927,480.3111,474.2281,476.4084,21248100
GOOGL,2025-12-15,310.9153,311.0152,304.4837,307.8193,29151900
MSFT,2025-12-15,477.9715,478.5887,470.4251,472.7149,23727700
AAPL,2025-12-15,279.3895,279.3895,272.0993,273.3659,50409100
AMZN,2025-12-15,227.93,227.93,221.5,222.54,47286100
AAPL,2025-12-16,272.0794,274.7521,271.0522,273.8645,37648600
AMZN,2025-12-16,223.04,223.66,221.13,222.56,39298900
GOOGL,2025-12-16,304.5536,310.366,302.1966,306.1715,30585000
MSFT,2025-12-16,469.8178,475.7713,468.7923,474.2779,20705600
GOOGL,2025-12-17,307.6096,307.6895,295.735,296.3343,43930400
MSFT,2025-12-17,474.7956,477.8719,472.8941,474.0091,24527200
AAPL,2025-12-17,274.2635,275.4104,270.9026,271.1021,50138700
AMZN,2025-12-17,224.66,225.19,220.99,221.27,44034400
AAPL,2025-12-18,272.8673,272.8872,266.2253,271.4511,51630700
AMZN,2025-12-18,225.71,229.23,224.41,226.76,50272400
GOOGL,2025-12-18,301.3278,303.5649,298.841,302.0668,33518000
MSFT,2025-12-18,476.0699,487.4293,475.7713,481.8343,28573500
GOOGL,2025-12-19,301.3378,306.8506,300.5788,306.7607,59943200
MSFT,2025-12-19,485.1992,485.6871,480.3508,483.7657,70836100
AAPL,2025-12-19,271.4112,273.8546,269.1674,272.9271,144632000
AMZN,2025-12-19,226.76,229.13,225.58,227.35,85544400
AAPL,2025-12-22,272.1193,273.1365,269.7757,270.2344,36571800
AMZN,2025-12-22,228.61,229.48,226.71,228.43,32261300
GOOGL,2025-12-22,309.4772,309.7268,304.9031,309.3773,26429900
MSFT,2025-12-22,483.9648,486.5632,480.55,482.7701,16963000
GOOGL,2025-12-23,309.2275,314.5306,308.9179,313.9413,25478700
MSFT,2025-12-23,482.8298,485.6672,482.5909,484.6915,14683600
AAPL,2025-12-23,270.1048,271.7603,268.8283,271.6207,29642000
AMZN,2025-12-23,229.06,232.45,228.73,232.14,29230200
AAPL,2025-12-24,271.6007,274.6823,271.4611,273.0667,17910600
AMZN,2025-12-24,232.13,232.95,231.33,232.38,11420500
GOOGL,2025-12-24,314.3608,314.6704,311.5145,313.6817,10097400
MSFT,2025-12-24,483.5267,486.9913,482.6805,485.8563,5855900
GOOGL,2025-12-26,314.0712,314.6804,311.874,313.1024,10899000
MSFT,2025-12-26,484.5521,485.9559,483.8055,485.5477,8842200
AAPL,2025-12-26,273.4158,274.6225,272.1193,272.6578,21521800
AMZN,2025-12-26,232.04,232.99,231.18,232.52,15994700
AAPL,2025-12-29,271.9498,273.6152,271.6107,273.0169,23715200
AMZN,2025-12-29,231.94,232.6,230.77,232.07,19797900
GOOGL,2025-12-29,310.9652,313.6118,310.2162,313.1524,19621800
MSFT,2025-12-29,482.7103,486.1849,482.0334,484.9404,10893400
GOOGL,2025-12-30,312.0938,316.538,312.0538,313.442,17380900
MSFT,2025-12-30,483.7756,487.509,483.3475,485.3187,13944500
AAPL,2025-12-30,272.0694,273.336,271.5409,272.3387,22139600
AMZN,2025-12-30,231.21,232.77,230.2,232.53,21910500
AAPL,2025-12-31,272.3188,272.9371,271.0123,271.122,27293600
AMZN,2025-12-31,232.91,232.99,230.12,230.82,24383700
GOOGL,2025-12-31,312.4433,314.171,311.0351,312.5931,16377700
MSFT,2025-12-31,485.6772,485.9758,481.1573,481.4759,15601600
GOOGL,2026-01-02,316.4881,322.0808,309.9266,314.7403,32009400
MSFT,2026-01-02,482.2424,482.5112,468.0755,470.8432,25571600
AAPL,2026-01-02,271.5209,277.0858,268.2698,270.2743,37838100
AMZN,2026-01-02,231.34,235.46,224.7,226.5,51456200
AAPL,2026-01-05,269.9053,270.773,265.4176,266.5345,45647200
AMZN,2026-01-05,228.84,234.0,227.18,233.06,49733300
GOOGL,2026-01-05,317.2471,318.6053,314.221,316.1285,30195600
MSFT,2026-01-05,471.9583,473.9594,467.4185,470.7536,25250300
GOOGL,2026-01-06,315.9887,320.5228,311.3747,313.9314,31212100
MSFT,2026-01-06,471.6994,476.6175,467.6673,476.3885,23037700
AAPL,2026-01-06,266.2752,266.8237,261.4084,261.6478,52352100
AMZN,2026-01-06,232.1,243.18,232.07,240.93,53764700
AAPL,2026-01-07,262.4855,262.9642,259.1047,259.6233,48309800
AMZN,2026-01-07,239.61,245.29,239.52,241.56,42236500
GOOGL,2026-01-07,313.9513,325.726,313.7816,321.5614,35104400
MSFT,2026-01-07,477.633,487.5289,475.831,481.3265,25564200
GOOGL,2026-01-08,328.5423,329.8906,321.0821,325.0169,31896100
MSFT,2026-01-08,479.1064,480.5201,473.7502,475.9903,18162600
AAPL,2026-01-08,256.3223,258.5862,255.0059,258.3368,50419300
AMZN,2026-01-08,243.06,246.41,241.88,246.29,39509800
AAPL,2026-01-09,258.3767,259.5036,255.5245,258.6659,39997000
AMZN,2026-01-09,244.57,247.86,242.24,247.38,34560000
GOOGL,2026-01-09,326.6648,330.3999,325.3765,328.1429,26214200
MSFT,2026-01-09,471.9582,477.6927,470.1065,477.1551,18491000
GOOGL,2026-01-12,325.3764,333.6057,324.5775,331.4286,33923900
MSFT,2026-01-12,474.5567,478.8575,473.571,475.0644,23519900
AAPL,2026-01-12,258.4565,260.5907,256.1029,259.5435,45263800
AMZN,2026-01-12,246.73,248.94,245.96,246.47,35867800
AAPL,2026-01-13,258.0177,261.0993,257.6886,260.3413,45730800
AMZN,2026-01-13,246.53,247.66,240.25,242.6,38371800
GOOGL,2026-01-13,334.5146,340.0474,333.1863,335.5333,33517600
MSFT,2026-01-13,472.5755,473.6706,463.8842,468.5833,28545800
GOOGL,2026-01-14,334.6244,336.0825,330.0504,335.4034,28525600
MSFT,2026-01-14,464.3919,466.1242,455.1431,457.3433,28184300
AAPL,2026-01-14,258.7856,261.1093,256.0132,259.2543,40019400
AMZN,2026-01-14,241.15,241.28,236.22,236.65,41410600
AAPL,2026-01-15,259.9424,260.3314,256.3522,257.5091,39388600
AMZN,2026-01-15,239.31,240.65,236.63,238.18,43003600
GOOGL,2026-01-15,337.211,337.251,330.31,332.3474,28442400
MSFT,2026-01-15,462.0623,462.1917,453.8787,454.6354,23225800
GOOGL,2026-01-16,333.9753,334.215,327.274,329.571,40341600
MSFT,2026-01-16,455.8002,461.1364,454.4562,457.8212,34246700
AAPL,2026-01-16,257.1999,258.1972,254.238,254.8363,72142800
AMZN,2026-01-16,239.09,239.57,236.41,239.12,45888300
AAPL,2026-01-20,252.0439,254.0984,242.7592,246.0303,80267500
AMZN,2026-01-20,233.76,235.09,229.34,231.0,47737900
GOOGL,2026-01-20,320.4529,327.304,320.0135,321.5814,35361000
MSFT,2026-01-20,449.2195,454.7748,447.2881,452.5049,26130000
GOOGL,2026-01-21,320.5028,332.0478,318.9349,327.9531,35386600
MSFT,2026-01-21,450.5934,450.683,436.7351,442.141,37980500
AAPL,2026-01-21,248.0249,250.8771,244.5145,246.9778,54641700
AMZN,2026-01-21,231.09,232.3,226.88,231.31,47276100
AAPL,2026-01-22,248.5235,250.3186,247.4764,247.6758,39708300
AMZN,2026-01-22,234.05,235.72,230.9,234.34,31913300
GOOGL,2026-01-22,334.0152,334.7143,328.3226,330.1103,26253600
MSFT,2026-01-22,445.6354,450.8323,442.7284,449.1399,25349400
GOOGL,2026-01-23,332.0578,333.2562,327.0243,327.5037,27280000
MSFT,2026-01-23,449.8666,469.0113,448.5325,463.8842,38000200
AAPL,2026-01-23,246.6487,248.733,244.0158,247.3667,41689000
AMZN,2026-01-23,234.96,240.45,234.57,239.16,33778500
AAPL,2026-01-26,250.7973,255.8635,249.1219,254.7167,55969200
AMZN,2026-01-26,239.98,240.95,237.54,238.42,32825500
GOOGL,2026-01-26,327.3839,335.4034,326.5749,332.8268,26042100
MSFT,2026-01-26,463.247,472.1474,459.9517,468.195,29291200
GOOGL,2026-01-27,334.934,337.4707,333.0465,334.1151,21636200
MSFT,2026-01-27,471.5998,480.7292,471.0622,478.4493,29213900
AAPL,2026-01-27,258.4665,261.2389,257.5091,257.5689,49648300
AMZN,2026-01-27,239.69,244.88,238.08,244.68,38029200
AAPL,2026-01-28,256.9506,258.1573,253.8191,255.7439,41288000
AMZN,2026-01-28,246.37,247.78,241.53,243.01,40882700
GOOGL,2026-01-28,335.6231,337.1012,331.5085,335.5732,27434400
MSFT,2026-01-28,481.0677,481.5953,475.8808,479.4947,36875400
GOOGL,2026-01-29,339.8576,341.845,326.1155,337.8103,39785600
MSFT,2026-01-29,438.0393,440.5382,419.1534,431.5781,128855300
AAPL,2026-01-29,257.2996,258.9451,253.7194,257.5789,67253000
AMZN,2026-01-29,242.82,243.0,236.74,241.73,47229600
AAPL,2026-01-30,254.4773,261.189,251.4954,258.7756,92443400
AMZN,2026-01-30,239.89,243.32,237.64,239.3,46585000
GOOGL,2026-01-30,339.558,339.558,331.858,337.5606,31024000
MSFT,2026-01-30,437.223,437.651,424.5594,428.3823,58566800
GOOGL,2026-02-02,335.7829,344.3817,335.1937,343.2432,32006100
MSFT,2026-02-02,428.3325,428.8303,420.378,421.493,42219900
AAPL,2026-02-02,259.3241,269.7557,258.5064,269.2771,73913400
AMZN,2026-02-02,238.31,245.63,238.17,242.96,37546100
AAPL,2026-02-03,268.4693,271.142,266.8836,268.7485,64394700
AMZN,2026-02-03,244.98,246.35,235.45,238.62,53831300
GOOGL,2026-02-03,346.8885,348.5463,337.0313,339.2684,36506700
MSFT,2026-02-03,420.139,420.1788,406.7486,409.3869,61424100
GOOGL,2026-02-04,342.5141,342.8637,328.0929,332.6071,70618400
MSFT,2026-02-04,409.1778,417.9388,407.4256,412.3537,45012400
AAPL,2026-02-04,271.5508,278.1928,271.5509,275.7394,90545700
AMZN,2026-02-04,238.86,238.86,231.82,232.99,51299900
AAPL,2026-02-05,277.375,278.7413,272.4883,275.161,52977400
AMZN,2026-02-05,224.91,226.31,220.38,222.69,103509200
GOOGL,2026-02-05,311.8141,332.2575,306.0616,330.8194,88205800
MSFT,2026-02-05,405.6336,406.4898,390.5806,391.9247,66289200
GOOGL,2026-02-06,326.7547,329.9505,319.5041,322.4403,56380500
MSFT,2026-02-06,397.4003,400.0087,391.178,399.3615,53515300
AAPL,2026-02-06,276.3677,280.1475,276.1783,277.365,50453400
AMZN,2026-02-06,202.7,211.44,200.31,210.32,179210900
AAPL,2026-02-09,277.4149,277.7044,271.216,274.1308,44623400
AMZN,2026-02-09,208.97,212.81,203.35,208.72,91178400
GOOGL,2026-02-09,320.5128,327.274,316.8476,323.8984,39640100
MSFT,2026-02-09,403.0551,413.0506,399.0927,411.7663,45480500
GOOGL,2026-02-10,320.5527,321.2518,314.201,318.1658,39170000
MSFT,2026-02-10,417.7596,421.8016,410.8703,411.4377,44857900
AAPL,2026-02-10,274.4003,274.8794,272.4538,273.1924,34376900
AMZN,2026-02-10,208.8,212.65,206.41,206.96,67175000
AAPL,2026-02-11,274.2107,279.6809,273.9611,275.0092,51931300
AMZN,2026-02-11,208.06,208.57,202.49,204.08,65545500
GOOGL,2026-02-11,318.5554,320.6426,309.2575,310.5558,45406400
MSFT,2026-02-11,414.3348,414.6136,399.2321,402.5772,42491000
GOOGL,2026-02-12,311.6843,315.8289,306.8006,308.5983,47761300
MSFT,2026-02-12,403.2044,404.3991,396.2454,400.0584,40802400
AAPL,2026-02-12,275.0991,275.2288,259.7165,261.2638,81077200
AMZN,2026-02-12,203.96,203.96,197.56,199.6,83975400
AAPL,2026-02-13,261.5433,261.7629,254.9949,255.3244,56290700
AMZN,2026-02-13,198.88,201.16,197.28,198.79,66321600
GOOGL,2026-02-13,307.33,308.2288,303.3152,305.3226,38499700
MSFT,2026-02-13,402.6569,403.742,396.2852,399.5407,34091600
GOOGL,2026-02-17,299.6499,304.0442,295.8649,301.6273,39247600
MSFT,2026-02-17,397.45,398.7443,392.7808,395.1005,32078800
AAPL,2026-02-17,257.5903,265.8157,255.0848,263.4099,58469100
AMZN,2026-02-17,198.13,201.74,196.0,201.15,69879200
AAPL,2026-02-18,263.1305,266.3447,261.9825,263.8791,34203300
AMZN,2026-02-18,202.07,206.86,201.51,204.79,51003300
GOOGL,2026-02-18,301.6973,304.983,300.8584,302.9357,28482100
MSFT,2026-02-18,396.3649,400.7752,394.5629,397.8284,23223400
GOOGL,2026-02-19,301.4276,305.0729,299.65,302.4563,25834400
MSFT,2026-02-19,399.824,403.5559,395.8127,397.5988,28234000
AAPL,2026-02-19,262.1322,264.0089,259.5867,260.1158,30845300
AMZN,2026-02-19,203.8,205.64,202.81,204.86,35669600
AAPL,2026-02-20,258.5087,264.2784,257.7001,264.1087,42070500
AMZN,2026-02-20,204.76,211.17,203.75,210.11,65881600
GOOGL,2026-02-20,303.9244,316.0885,303.5049,314.5705,53210800
MSFT,2026-02-20,395.2539,399.2553,394.306,396.3715,34015200
GOOGL,2026-02-23,318.6352,319.1046,309.4672,311.0851,31423000
MSFT,2026-02-23,394.1463,394.5055,382.272,383.6391,43238300
AAPL,2026-02-23,263.0206,268.95,262.9108,265.7058,37308200
AMZN,2026-02-23,208.1,208.43,203.11,205.27,53581500
AAPL,2026-02-24,267.3828,274.4003,267.2331,271.6552,47014600
AMZN,2026-02-24,205.47,210.36,203.25,208.56,41137200
GOOGL,2026-02-24,310.1163,311.8641,305.5323,310.4958,25615600
MSFT,2026-02-24,383.3098,388.5185,380.885,388.1593,33884700
GOOGL,2026-02-25,311.6543,313.2323,309.0377,312.4932,29963600
MSFT,2026-02-25,389.686,400.6023,389.3168,399.7342,43625500
AAPL,2026-02-25,271.2959,274.4502,270.5672,273.7415,33714300
AMZN,2026-02-25,210.46,211.59,208.93,210.64,41346400
AAPL,2026-02-26,274.4602,275.6181,270.3176,272.4638,32345100
AMZN,2026-02-26,210.73,211.05,205.35,207.92,47756800
GOOGL,2026-02-26,312.2336,312.733,301.957,306.9804,36431200
MSFT,2026-02-26,403.8353,406.6093,397.8782,400.8518,34405900
GOOGL,2026-02-27,303.7446,311.9639,303.4051,311.3547,44640600
MSFT,2026-02-27,390.0352,395.9624,389.0374,391.8912,51367200
AAPL,2026-02-27,272.324,272.324,262.4217,263.7094,72366500
AMZN,2026-02-27,206.83,210.33,205.2,210.0,57422800
AAPL,2026-03-02,261.9425,266.0552,259.7365,264.2484,41827900
AMZN,2026-03-02,204.55,209.73,203.46,208.39,46001000
GOOGL,2026-03-02,302.8358,308.089,300.9083,306.1215,34790200
MSFT,2026-03-02,392.0109,400.3229,389.7858,397.6886,35474900
GOOGL,2026-03-03,298.2018,303.5449,296.3243,303.1853,35497000
MSFT,2026-03-03,392.2903,405.821,391.8214,403.057,38199200
AAPL,2026-03-03,263.0107,265.087,259.6666,263.2802,38568900
AMZN,2026-03-03,203.1,209.18,202.48,208.73,43184900
AAPL,2026-03-04,264.1785,265.6759,260.9543,262.0523,39803100
AMZN,2026-03-04,210.47,217.54,210.15,216.82,54731100
GOOGL,2026-03-04,302.4963,305.0729,300.3591,302.736,29536200
MSFT,2026-03-04,400.4028,410.1417,399.4448,404.3243,35808000
GOOGL,2026-03-05,302.6461,302.9057,297.6026,300.4889,35752300
MSFT,2026-03-05,403.546,410.7204,403.526,409.7924,39001300
AAPL,2026-03-05,260.3254,261.0941,256.7917,259.8263,49658600
AMZN,2026-03-05,215.98,220.47,215.59,218.94,60943400
AAPL,2026-03-06,258.1693,258.309,253.9169,257.0013,41120000
AMZN,2026-03-06,214.99,217.32,212.53,213.21,51152700
GOOGL,2026-03-06,295.7051,300.1393,294.7963,298.1319,25576900
MSFT,2026-03-06,408.3156,412.1573,407.6271,408.0761,31123900
GOOGL,2026-03-09,294.1843,306.6168,293.9044,306.1771,29312100
MSFT,2026-03-09,404.0449,409.3234,402.6279,408.5252,30131900
AAPL,2026-03-09,255.2345,260.6848,253.2281,259.4171,38218500
AMZN,2026-03-09,210.45,213.82,207.11,213.49,54642900
AAPL,2026-03-10,257.191,262.0124,256.4923,260.3654,30590800
AMZN,2026-03-10,214.19,215.65,212.43,214.33,35678800
GOOGL,2026-03-10,305.9872,309.3252,305.3876,306.8567,23239700
MSFT,2026-03-10,409.1438,409.3135,402.0592,404.8831,31706400
GOOGL,2026-03-11,306.5669,311.2341,305.7374,308.5157,24125700
MSFT,2026-03-11,404.6935,408.1261,400.7221,404.005,25512100
AAPL,2026-03-11,260.6249,261.6631,259.0876,260.3454,26218900
AMZN,2026-03-11,215.71,217.0,211.35,212.65,34199300
AAPL,2026-03-12,258.1992,258.4887,253.7272,255.3044,40794000
AMZN,2026-03-12,210.39,211.71,208.15,209.53,44349500
GOOGL,2026-03-12,306.6368,308.7556,300.8503,303.3688,24928300
MSFT,2026-03-12,403.7555,405.2423,400.8418,400.9915,27263900
GOOGL,2026-03-13,306.8267,307.5063,300.2607,302.0995,23693100
MSFT,2026-03-13,400.1334,403.9251,393.398,394.6951,26848000
AAPL,2026-03-13,255.0249,255.8734,249.0755,249.6744,36930000
AMZN,2026-03-13,209.61,210.56,206.22,207.67,35662100
AAPL,2026-03-16,251.6609,253.4377,249.4349,252.3696,32074200
AMZN,2026-03-16,208.35,212.72,207.45,211.74,42209300
GOOGL,2026-03-16,304.1683,306.307,302.8391,305.3776,23519700
MSFT,2026-03-16,397.2097,399.7642,393.9368,399.0856,27733700
GOOGL,2026-03-17,305.6774,311.2341,305.3176,310.7344,21955200
MSFT,2026-03-17,399.4049,403.526,396.8904,398.5468,26228300
AAPL,2026-03-17,252.5094,254.6755,251.7308,253.7771,32361600
AMZN,2026-03-17,212.82,215.7,212.43,215.2,44969900
AAPL,2026-03-18,252.18,254.4859,248.5564,249.4948,35757900
AMZN,2026-03-18,213.93,215.14,208.83,209.87,37846600
GOOGL,2026-03-18,309.0854,312.2835,306.7468,307.5063,20009800
MSFT,2026-03-18,396.2717,397.1398,390.155,390.9433,25908500
GOOGL,2026-03-19,303.8285,307.8761,302.1695,306.9467,25075800
MSFT,2026-03-19,389.2569,391.6417,386.2235,388.1792,25138800
AAPL,2026-03-19,248.9557,251.3814,246.8595,248.5165,34864100
AMZN,2026-03-19,207.06,209.12,206.05,208.76,36440600
AAPL,2026-03-20,247.5382,248.7561,245.5618,247.5482,88331100
AMZN,2026-03-20,207.4,207.54,204.32,205.37,63694600
GOOGL,2026-03-20,305.2776,305.8173,298.0919,300.8203,44364100
MSFT,2026-03-20,385.9541,386.1636,379.2985,381.0447,50853200
GOOGL,2026-03-23,301.9297,305.7974,300.7504,301.8797,29326900
MSFT,2026-03-23,383.0703,386.3732,380.8551,382.1723,29680100
AAPL,2026-03-23,253.5176,254.1465,249.8342,251.042,40546100
AMZN,2026-03-23,209.79,212.8,209.51,210.14,44277400
AAPL,2026-03-24,249.904,254.376,249.1055,251.1917,45152300
AMZN,2026-03-24,207.95,209.35,206.64,207.24,35351400
GOOGL,2026-03-24,299.0214,299.741,290.1567,290.2666,36864300
MSFT,2026-03-24,381.5336,381.6434,371.0464,371.9344,42733600
GOOGL,2026-03-25,293.2648,295.8233,289.0673,290.7563,29460700
MSFT,2026-03-25,376.1054,376.2451,368.8312,370.2381,31181200
AAPL,2026-03-25,253.6474,254.5457,251.1518,252.17,28476700
AMZN,2026-03-25,211.56,213.07,209.9,211.71,36388800
AAPL,2026-03-26,251.6709,256.5422,250.3233,252.4395,41796700
AMZN,2026-03-26,210.61,212.89,207.12,207.54,46746000
GOOGL,2026-03-26,287.7381,287.7781,278.3338,280.7523,39080600
MSFT,2026-03-26,370.0186,373.9102,364.4008,365.1791,36836600
GOOGL,2026-03-27,277.1145,279.2032,273.7865,274.1762,35890600
MSFT,2026-03-27,361.1178,361.6667,355.7395,355.9989,37883400
AAPL,2026-03-27,253.4477,255.0349,247.6281,248.3568,47900000
AMZN,2026-03-27,206.46,206.6,199.14,199.34,56009800
AAPL,2026-03-30,249.6245,250.4231,245.0726,246.1907,39446200
AMZN,2026-03-30,201.48,203.8,199.98,200.95,46373800
GOOGL,2026-03-30,276.255,276.9246,271.9475,273.3367,35141200
MSFT,2026-03-30,361.1179,364.5704,355.51,358.1842,44797000
GOOGL,2026-03-31,277.874,287.908,276.9246,287.3883,43875400
MSFT,2026-03-31,363.7621,372.0941,362.2853,369.37,45244400
AAPL,2026-03-31,247.4684,255.0249,246.6598,253.3379,49598100
AMZN,2026-03-31,204.85,210.28,204.14,208.27,58470100
AAPL,2026-04-01,253.6274,255.7236,252.8787,255.1746,40059400
AMZN,2026-04-01,210.44,213.58,208.19,210.57,45955400
GOOGL,2026-04-01,290.6664,300.3406,290.2366,297.2125,37684500
MSFT,2026-04-01,372.6828,373.1817,367.4043,368.5717,29417200
GOOGL,2026-04-02,290.5165,297.9021,289.2772,295.5934,21666500
MSFT,2026-04-02,366.4164,372.8325,363.363,372.6529,24099100
AAPL,2026-04-02,253.7472,255.6737,250.2035,255.4641,31289400
AMZN,2026-04-02,206.54,212.21,204.9,209.77,31453000
AAPL,2026-04-06,256.0531,261.693,256.0031,258.3989,29329900
AMZN,2026-04-06,209.8,212.95,209.59,212.79,25385500
GOOGL,2026-04-06,295.6934,300.4405,295.0038,299.8109,16945500
MSFT,2026-04-06,372.6828,372.9223,368.7014,372.0741,16146600
GOOGL,2026-04-07,302.5493,305.4476,297.5423,305.2776,23205400
MSFT,2026-04-07,369.5396,371.6451,365.7678,371.4854,21443300
AAPL,2026-04-07,255.7037,255.7436,245.2623,253.0484,62148000
AMZN,2026-04-07,211.24,213.97,209.08,213.77,28154600
AAPL,2026-04-08,257.9896,259.2873,256.073,258.4388,41032800
AMZN,2026-04-08,223.79,226.1,219.62,221.25,51092700
GOOGL,2026-04-08,320.2587,321.8877,314.8319,317.1306,33547100
MSFT,2026-04-08,384.148,384.1679,370.6073,373.521,33064800
GOOGL,2026-04-09,315.7214,319.3493,310.8743,318.2999,23739200
MSFT,2026-04-09,371.695,372.6928,366.2567,372.2637,30435300
AAPL,2026-04-09,258.5386,260.6549,255.6139,260.026,28121600
AMZN,2026-04-09,225.23,233.8,223.27,233.65,65964200
AAPL,2026-04-10,259.5169,261.7229,258.5586,260.016,31291500
AMZN,2026-04-10,235.3,240.43,235.21,238.38,56912800
GOOGL,2026-04-10,319.829,321.6379,316.1312,317.0506,19152600
MSFT,2026-04-10,372.1739,374.8282,369.2303,370.0685,28111100
GOOGL,2026-04-13,316.9507,321.438,315.2817,321.1182,18866400
MSFT,2026-04-13,372.8026,383.709,370.2182,383.5393,35745800
AAPL,2026-04-13,259.2673,259.7165,256.2028,258.7383,36234700
AMZN,2026-04-13,237.45,240.0,235.75,239.89,42166200
AAPL,2026-04-14,258.7882,261.4634,256.7319,258.3689,48370700
AMZN,2026-04-14,241.78,252.18,241.78,249.02,72685000
GOOGL,2026-04-14,324.5961,333.0911,323.5567,332.7113,27721400
MSFT,2026-04-14,387.0817,393.837,385.6847,392.2604,37504500
GOOGL,2026-04-15,332.6913,337.2786,330.7025,336.9188,24918800
MSFT,2026-04-15,397.1398,413.4745,395.8726,410.3313,45063400
AAPL,2026-04-15,257.7001,266.0852,257.3507,265.9554,49913500
AMZN,2026-04-15,249.25,250.44,247.2,248.5,43045200
AAPL,2026-04-16,266.3247,266.6841,260.8046,262.9308,43323100
AMZN,2026-04-16,248.51,250.0,244.2,249.7,41895700
GOOGL,2026-04-16,338.5478,339.6771,334.3203,335.8194,20541500
MSFT,2026-04-16,418.9526,419.9105,411.2493,419.3517,41642400
GOOGL,2026-04-17,337.4485,342.1157,336.0393,341.476,25581900
MSFT,2026-04-17,423.9019,430.6473,419.7808,421.8763,48568200
AAPL,2026-04-17,266.4844,271.8149,266.2449,269.7486,61436200
AMZN,2026-04-17,254.99,256.18,250.11,250.56,52029300
AAPL,2026-04-20,269.8484,273.7914,269.8085,272.5636,36590200
AMZN,2026-04-20,249.19,250.18,245.37,248.28,39463100
GOOGL,2026-04-20,340.5566,341.1962,336.4091,337.2186,18784200
MSFT,2026-04-20,420.2398,422.4151,415.4003,417.1665,27582200
GOOGL,2026-04-21,337.4884,339.1374,331.1522,332.0916,23123800
MSFT,2026-04-21,419.3318,426.2568,416.2984,423.2433,32048500
AAPL,2026-04-21,271.0164,272.314,264.9272,265.6959,50209800
AMZN,2026-04-21,255.09,255.09,249.1,249.91,42922400
AAPL,2026-04-22,267.3429,273.2524,266.3946,272.6834,43249200
AMZN,2026-04-22,252.44,255.94,250.33,255.36,36065100
GOOGL,2026-04-22,336.8188,339.6172,334.9699,339.1175,20293000
MSFT,2026-04-22,425.2689,432.7627,422.7544,431.9844,29378200
GOOGL,2026-04-23,340.9763,341.7559,335.9793,338.6877,18650300
MSFT,2026-04-23,418.9825,422.7444,410.5209,414.8515,38308000
AAPL,2026-04-23,274.56,275.2787,271.1661,272.9429,33399600
AMZN,2026-04-23,255.39,258.79,253.07,255.08,39091400
AAPL,2026-04-24,272.2741,272.5736,269.1696,270.5771,38157100
AMZN,2026-04-24,259.98,264.5,257.69,263.99,53777400
GOOGL,2026-04-24,338.5278,345.0639,335.1898,344.1944,26426100
MSFT,2026-04-24,416.0688,424.0316,414.9014,423.7023,27457400
GOOGL,2026-04-27,345.7735,352.9692,342.5254,350.1309,28576900
MSFT,2026-04-27,421.4672,426.1869,416.1686,423.9019,30867300
AAPL,2026-04-27,265.616,267.8819,264.5978,267.1333,41466800
AMZN,2026-04-27,263.46,264.15,260.34,261.12,44906800
AAPL,2026-04-28,271.8549,272.7433,268.1814,270.2278,40018900
AMZN,2026-04-28,258.39,261.03,256.63,259.7,42204400
GOOGL,2026-04-28,348.3419,352.2096,345.9134,349.5712,27824100
MSFT,2026-04-28,423.6524,428.9909,420.9882,428.3223,30438100
GOOGL,2026-04-29,347.3625,355.5776,344.0045,349.7311,35376300
MSFT,2026-04-29,423.6624,425.8975,419.3817,423.5426,38288300
AAPL,2026-04-29,267.0734,270.5572,266.5643,269.6887,30047900
AMZN,2026-04-29,257.99,265.91,257.7,263.04,72367900
AAPL,2026-04-30,270.0181,275.5083,267.6624,270.8666,91848200
AMZN,2026-04-30,273.17,273.88,256.16,265.06,100974900
GOOGL,2026-04-30,373.8467,385.6097,365.6016,384.5703,72040000
MSFT,2026-04-30,409.9222,413.5244,397.1498,406.8987,70909400
GOOGL,2026-05-01,381.4022,386.5291,378.8237,385.4598,30105200
MSFT,2026-05-01,411.9078,416.2085,409.553,413.5443,31372400
AAPL,2026-05-01,278.3632,286.7084,277.8741,279.641,79915400
AMZN,2026-05-01,265.58,273.32,262.74,268.26,50825200
AAPL,2026-05-04,279.1618,280.1301,274.3703,276.3368,46668400
AMZN,2026-05-04,268.8,276.1,268.8,272.05,49083700
GOOGL,2026-05-04,385.3998,387.1487,379.5633,383.0212,26298600
MSFT,2026-05-04,410.6506,419.8706,409.9122,412.7261,28066500
GOOGL,2026-05-05,385.9995,392.5855,383.7907,388.1981,23878600
MSFT,2026-05-05,414.4224,415.8793,407.9165,410.4909,25700900
AAPL,2026-05-05,276.4367,284.0631,276.0075,283.6738,49311700
AMZN,2026-05-05,276.08,278.56,272.38,273.55,41908500
AAPL,2026-05-06,281.4178,287.5169,280.5693,286.9979,58336100
AMZN,2026-05-06,272.89,277.8,272.21,274.99,44552000
GOOGL,2026-05-06,394.0147,399.6113,392.5256,397.8024,31308500
MSFT,2026-05-06,407.1182,417.5157,404.2345,413.0653,30285900
GOOGL,2026-05-07,399.6813,399.8612,392.4456,397.7524,24433500
MSFT,2026-05-07,419.202,427.0551,417.855,419.8606,34942400
AAPL,2026-05-07,288.7547,291.6096,285.2709,286.928,45224300
AMZN,2026-05-07,275.02,276.63,270.49,271.17,35892900
AAPL,2026-05-08,289.4934,294.2349,289.4834,292.7975,52692800
AMZN,2026-05-08,271.63,274.0,269.95,272.68,34732700
GOOGL,2026-05-08,396.763,401.76,396.1234,400.5607,21461800
MSFT,2026-05-08,416.488,417.7253,413.1053,414.2228,33383800
GOOGL,2026-05-11,393.415,397.2028,388.2381,388.408,30753700
MSFT,2026-05-11,406.9885,411.7981,404.6236,411.7682,35657900
AAPL,2026-05-11,291.7284,293.6268,289.9799,292.4278,42247300
AMZN,2026-05-11,269.84,273.63,268.48,268.99,38176700
AAPL,2026-05-12,292.3079,295.0156,292.3079,294.546,45748100
AMZN,2026-05-12,266.71,267.65,262.63,265.82,36776200
GOOGL,2026-05-12,387.1088,388.2881,382.5415,387.1188,26017500
MSFT,2026-05-12,413.5842,414.602,405.7612,406.8887,38594200
GOOGL,2026-05-13,385.3698,403.459,384.7702,402.3797,28144600
MSFT,2026-05-13,402.3286,405.4319,400.1633,404.3343,29667100
AAPL,2026-05-13,293.2471,300.6607,293.2471,298.6125,52684300
AMZN,2026-05-13,264.43,270.72,263.2,270.13,39670900
AAPL,2026-05-14,299.5617,300.1911,295.1255,297.953,35324900
AMZN,2026-05-14,269.15,270.78,266.63,267.22,31338400
GOOGL,2026-05-14,397.0429,402.6895,395.6037,400.8306,21136700
MSFT,2026-05-14,403.6059,410.9499,400.0136,408.5451,27077500
GOOGL,2026-05-15,396.0834,399.3015,392.9453,396.5432,20309700
MSFT,2026-05-15,413.3747,427.2446,412.0176,421.0081,50771200
AAPL,2026-05-15,297.6433,302.9388,296.2645,299.9713,54862800
AMZN,2026-05-15,262.5,264.36,260.89,264.14,40770300
AAPL,2026-05-18,299.9813,300.4009,294.6559,297.5833,34483000
AMZN,2026-05-18,263.87,268.85,262.53,264.86,33690800
GOOGL,2026-05-18,395.4538,408.3661,394.2945,396.7031,26837200
MSFT,2026-05-18,415.7196,424.2012,414.7118,422.6247,32564100
GOOGL,2026-05-19,396.723,396.9129,385.8795,387.4286,39545700
MSFT,2026-05-19,428.9709,431.7649,415.5899,416.5179,33018700
AAPL,2026-05-19,296.7141,300.2511,296.0946,298.7124,42243600
AMZN,2026-05-19,262.04,262.25,255.19,259.34,40340700
AAPL,2026-05-20,297.9231,302.5391,297.8231,301.9896,38229800
AMZN,2026-05-20,260.05,265.58,259.53,265.01,34933200
GOOGL,2026-05-20,387.4686,393.6249,382.6714,388.6779,31744400
MSFT,2026-05-20,413.2749,421.1878,410.4111,420.15,27864000
GOOGL,2026-05-21,385.4698,392.2657,382.7913,387.4286,24852800
MSFT,2026-05-21,424.75,426.34,415.71,419.09,31393500
AAPL,2026-05-21,300.8006,305.2767,300.1411,304.7272,42965100
AMZN,2026-05-21,263.5,269.49,261.37,268.46,36591700
AAPL,2026-05-22,305.8562,311.1317,305.5765,308.5539,43670200
AMZN,2026-05-22,268.66,269.79,266.24,266.32,27535500
GOOGL,2026-05-22,387.1188,388.5079,381.5421,382.7414,20442100
MSFT,2026-05-22,419.54,424.4,416.33,418.57,22390300
GOOGL,2026-05-26,384.2805,389.0276,382.3716,388.6479,27747400
MSFT,2026-05-26,416.43,419.77,413.02,416.03,30398000
AAPL,2026-05-26,309.2933,311.5513,307.4049,308.0643,48000500
AMZN,2026-05-26,267.94,269.3,262.07,265.29,38028100
AAPL,2026-05-27,308.0643,312.9901,308.0343,310.5822,50430900
AMZN,2026-05-27,266.15,272.41,265.7,271.85,40061900
GOOGL,2026-05-27,386.4392,393.6449,385.6696,388.5979,23087300
MSFT,2026-05-27,411.01,415.94,409.58,412.67,28901500
GOOGL,2026-05-28,387.7684,391.6361,384.9301,389.8971,24357500
MSFT,2026-05-28,412.98,429.49,412.67,426.99,47250500
AAPL,2026-05-28,310.4123,312.5305,309.3033,312.2407,48220400
AMZN,2026-05-28,272.27,274.5,267.44,274.0,40630400
AAPL,2026-05-29,311.5113,314.7286,309.2633,311.7911,70026800
AMZN,2026-05-29,271.29,274.75,269.64,270.64,54749600
GOOGL,2026-05-29,385.01,385.01,378.2341,380.1129,44415800
MSFT,2026-05-29,432.55,450.33,432.36,450.24,79654400
GOOGL,2026-06-01,376.2952,378.334,373.297,376.1453,28672100
MSFT,2026-06-01,464.84,466.32,458.27,460.52,53628900
AAPL,2026-06-01,309.3632,310.6721,304.7572,306.0461,48849900
AMZN,2026-06-01,266.29,266.63,260.7,261.26,53604400
AAPL,2026-06-02,307.1951,315.1782,306.4257,314.9284,44534700
AMZN,2026-06-02,257.16,261.2,254.37,256.52,41811000
GOOGL,2026-06-02,366.3712,373.317,358.226,361.634,50412300
MSFT,2026-06-02,446.88,453.5,440.43,441.31,37036800
GOOGL,2026-06-03,361.8139,366.2313,357.8662,358.7757,55441600
MSFT,2026-06-03,438.45,440.39,424.25,427.34,39037000
AAPL,2026-06-03,313.9093,316.6669,308.5839,309.9926,50836700
AMZN,2026-06-03,254.7,257.09,247.71,250.02,51394200
AAPL,2026-06-04,312.9601,313.2698,309.3832,310.9618,44869100
AMZN,2026-06-04,253.12,255.83,251.75,253.79,35609800
GOOGL,2026-06-04,358.6858,373.0272,357.9962,371.9678,44055500
MSFT,2026-06-04,435.81,436.15,426.41,428.05,26899500
GOOGL,2026-06-05,366.1213,371.8579,363.9026,368.31,37471200
MSFT,2026-06-05,428.34,429.47,414.4,416.67,34782200
AAPL,2026-06-05,312.5904,314.8984,306.8853,307.0752,65310500
AMZN,2026-06-05,254.26,256.38,245.78,246.03,55607800
AAPL,2026-06-08,308.474,317.1265,300.9105,301.2802,77949100
AMZN,2026-06-08,246.68,249.42,243.36,245.22,33899500
GOOGL,2026-06-08,365.18,366.2,360.53,363.31,27942500
MSFT,2026-06-08,414.14,417.16,408.56,411.74,32086700
GOOGL,2026-06-09,367.09,372.08,357.3,364.26,29535100
MSFT,2026-06-09,409.03,411.98,398.48,403.41,35317300
AAPL,2026-06-09,300.0212,300.4908,287.532,290.2996,70108800
AMZN,2026-06-09,247.73,250.43,240.4,244.19,44425400
AAPL,2026-06-10,290.4895,294.496,287.1324,291.3287,52793300
AMZN,2026-06-10,243.61,244.07,237.45,238.0,38590200
GOOGL,2026-06-10,363.19,368.56,355.2,356.38,32357100
MSFT,2026-06-10,398.55,405.04,397.16,397.36,32576000
GOOGL,2026-06-11,355.93,358.8,346.36,357.77,35538200
MSFT,2026-06-11,395.21,396.85,384.0,390.34,47224100
AAPL,2026-06-11,293.4669,296.7441,289.3404,295.3752,42572500
AMZN,2026-06-11,237.93,242.14,235.18,241.51,41335400
AAPL,2026-06-12,295.7749,296.884,289.3704,290.8792,38742100
AMZN,2026-06-12,243.21,243.36,233.59,238.55,51186600
GOOGL,2026-06-12,362.62,366.57,354.94,359.68,24704600
MSFT,2026-06-12,391.43,391.74,382.27,390.74,34865800
GOOGL,2026-06-15,367.93,372.99,366.55,369.35,27727500
MSFT,2026-06-15,396.8,401.75,392.85,399.76,32266400
AAPL,2026-06-15,293.8665,297.5234,291.4486,296.1646,45732600
AMZN,2026-06-15,245.02,247.81,244.73,246.02,41711600
AAPL,2026-06-16,294.9956,300.2211,293.7167,298.9821,39874400
AMZN,2026-06-16,248.0,249.51,245.45,246.0,35187400
GOOGL,2026-06-16,369.6,376.0,367.06,373.25,24876100
MSFT,2026-06-16,395.79,396.84,390.69,393.83,31506800
GOOGL,2026-06-17,369.13,372.33,362.02,363.79,24543600
MSFT,2026-06-17,390.25,390.37,377.32,378.91,41987800
AAPL,2026-06-17,300.5907,301.8097,294.1063,295.695,42745100
AMZN,2026-06-17,244.9,245.91,236.0,237.5,44780800
AAPL,2026-06-18,297.8531,300.311,295.3652,297.7532,85962200
AMZN,2026-06-18,240.12,245.73,236.02,244.39,75624400
GOOGL,2026-06-18,365.75,369.48,358.67,368.03,44470100
MSFT,2026-06-18,377.82,381.37,373.28,379.4,59714200
GOOGL,2026-06-22,357.95,358.92,341.72,349.68,52814800
MSFT,2026-06-22,375.74,381.63,367.07,367.34,45171100
AAPL,2026-06-22,297.0538,302.1594,296.5043,296.7541,44879900
AMZN,2026-06-22,240.08,242.0,232.24,232.79,68388500
AAPL,2026-06-23,297.2836,301.3801,293.9265,294.0464,52010900
AMZN,2026-06-23,232.55,236.87,232.0,234.11,60492600
GOOGL,2026-06-23,340.69,349.29,340.2,346.13,34007700
MSFT,2026-06-23,372.38,377.22,370.67,373.94,40647600
GOOGL,2026-06-24,349.04,353.48,341.93,345.29,44997300
MSFT,2026-06-24,371.57,378.88,364.78,365.46,44509900
AAPL,2026-06-24,295.1055,299.4417,292.6876,292.8274,53081900
AMZN,2026-06-24,233.85,242.42,232.95,234.27,70282600
AAPL,2026-06-25,287.1523,288.5511,273.5141,274.9129,107013700
AMZN,2026-06-25,232.02,232.32,225.55,227.01,77674100
GOOGL,2026-06-25,336.73,345.57,335.84,343.71,44491400
MSFT,2026-06-25,362.77,364.23,349.2,352.83,66179000
GOOGL,2026-06-26,342.55,346.36,330.2,337.39,114706300
MSFT,2026-06-26,357.15,376.61,355.43,372.97,186201600
AAPL,2026-06-26,274.763,285.7036,273.9737,283.5355,261775500
AMZN,2026-06-26,227.21,233.9,226.13,232.69,248372100
AAPL,2026-06-29,286.4829,288.1215,279.6089,281.4972,66427000
AMZN,2026-06-29,234.22,249.71,233.8,240.14,77619200
GOOGL,2026-06-29,341.83,354.35,340.67,353.65,34213900
MSFT,2026-06-29,377.5,380.5,359.9,368.57,51229900
GOOGL,2026-06-30,353.87,358.62,350.4,357.37,35237200
MSFT,2026-06-30,371.03,374.15,367.45,373.02,44945700
AAPL,2026-06-30,280.9277,289.6902,280.4581,289.1107,65100200
AMZN,2026-06-30,237.35,241.54,237.17,238.34,66228300
AAPL,2026-07-01,293.1872,296.3344,288.9508,294.1263,50164200
AMZN,2026-07-01,239.75,244.9,234.9,241.7,53829900
GOOGL,2026-07-01,358.37,362.97,356.43,361.21,26736400
MSFT,2026-07-01,380.83,388.83,374.89,384.28,48065800
GOOGL,2026-07-02,359.48,364.21,353.42,359.91,25974800
MSFT,2026-07-02,384.48,392.2,383.7,390.49,42128900
AAPL,2026-07-02,293.8665,309.1534,293.4269,308.364,75352800
AMZN,2026-07-02,241.61,246.72,241.08,242.67,48246400
AAPL,2026-07-06,307.0951,313.9293,306.7355,312.3906,53590000
AMZN,2026-07-06,243.8,246.04,240.88,244.16,40044000
GOOGL,2026-07-06,361.55,367.93,357.38,366.46,26915800
MSFT,2026-07-06,387.04,389.15,381.22,386.74,34224500
GOOGL,2026-07-07,369.07,373.16,365.5,367.03,24045600
MSFT,2026-07-07,392.49,395.57,388.22,388.84,29297500
AAPL,2026-07-07,315.0183,315.2082,309.8827,310.3923,42490000
AMZN,2026-07-07,246.98,248.93,242.7,245.98,40579600
AAPL,2026-07-08,311.6412,314.5487,306.7854,313.12,41323500
AMZN,2026-07-08,244.27,244.8,240.52,243.62,29653000
GOOGL,2026-07-08,364.76,367.84,358.02,361.92,22094800
MSFT,2026-07-08,384.03,385.31,381.33,383.34,25908300
GOOGL,2026-07-09,354.31,359.65,351.08,358.89,24729100
MSFT,2026-07-09,374.45,384.65,373.35,384.36,31083200
AAPL,2026-07-09,310.2424,316.2572,307.8945,315.9475,48124500
AMZN,2026-07-09,239.82,247.5,238.25,247.04,38091700
AAPL,2026-07-10,314.4488,316.6369,311.901,315.0483,34132300
AMZN,2026-07-10,249.55,251.03,244.41,245.34,31654000
GOOGL,2026-07-10,357.53,357.82,352.75,357.18,18146100
MSFT,2026-07-10,387.8,391.91,381.5,385.1,24644600
GOOGL,2026-07-13,356.19,358.13,351.75,352.51,15901700
MSFT,2026-07-13,387.75,393.65,384.15,390.99,28914900
AAPL,2026-07-13,316.7468,323.1713,315.5079,317.0366,43257800
AMZN,2026-07-13,244.68,249.65,244.18,247.31,34636100
AAPL,2026-07-14,313.4897,315.9176,311.6412,314.5887,36336800
AMZN,2026-07-14,245.55,248.56,243.8,247.49,30108100
GOOGL,2026-07-14,351.2,360.16,351.09,359.51,18259400
MSFT,2026-07-14,382.82,388.19,378.65,384.93,27863900
GOOGL,2026-07-15,357.97,373.65,357.76,370.92,28284600
MSFT,2026-07-15,387.8,398.96,386.4,395.63,36253700
AAPL,2026-07-15,317.3463,328.4468,317.0466,327.2178,60957600
AMZN,2026-07-15,249.75,256.48,249.75,254.96,45240600
AAPL,2026-07-16,327.7274,334.3916,326.5084,332.9728,62970600
AMZN,2026-07-16,255.12,258.08,248.0,249.89,45343700
GOOGL,2026-07-16,373.06,375.27,352.3,354.46,41158500
MSFT,2026-07-16,398.31,405.99,392.05,401.1,37047400
GOOGL,2026-07-17,346.0,348.52,341.36,346.77,29959300
MSFT,2026-07-17,394.86,398.39,389.39,393.82,33049800
AAPL,2026-07-17,331.6939,334.7013,328.7165,333.4524,63407100
AMZN,2026-07-17,244.46,250.24,243.59,247.23,43572400
AAPL,2026-07-20,333.2226,333.4224,323.4011,326.3086,53468000
AMZN,2026-07-20,248.76,252.89,248.0,249.99,32406500
GOOGL,2026-07-20,350.88,359.68,350.52,351.99,24736600
MSFT,2026-07-20,391.41,403.18,389.65,402.29,27915800
GOOGL,2026-07-21,351.32,351.32,347.0,347.15,23369800
MSFT,2026-07-21,398.81,401.47,396.32,397.75,24126600
AAPL,2026-07-21,322.8516,329.316,321.9423,327.4576,41338900
AMZN,2026-07-21,249.11,249.34,246.42,247.55,27732100
AAPL,2026-07-22,327.5875,328.7165,323.0614,325.6092,38755900
AMZN,2026-07-22,248.27,248.45,242.45,244.85,34112700
GOOGL,2026-07-22,348.16,349.94,341.73,342.09,39334100
MSFT,2026-07-22,399.58,401.0,386.96,390.34,28142500
GOOGL,2026-07-23,321.13,324.49,314.9,317.69,69419700
MSFT,2026-07-23,389.97,391.78,377.39,381.58,30351800
AAPL,2026-07-23,321.4528,323.0214,319.0748,321.3828,40840800
AMZN,2026-07-23,236.26,238.35,232.05,233.66,47465300
AAPL,2026-07-24,321.5127,334.0819,321.3429,332.733,47489400
AMZN,2026-07-24,234.38,234.95,231.34,232.11,35017400
GOOGL,2026-07-24,318.42,324.18,317.32,319.74,31806600
MSFT,2026-07-24,387.05,389.03,380.65,381.7,27659400
GOOGL,2026-07-27,325.04,330.42,324.45,326.56,28471600
MSFT,2026-07-27,390.08,394.2,387.99,389.1,27856200
AAPL,2026-07-27,334.2517,339.2774,333.7322,336.6197,49604300
AMZN,2026-07-27,235.67,235.89,230.99,231.39,34999500
AAPL,2026-07-28,339.737,342.5945,335.3108,339.7869,51859000
AMZN,2026-07-28,232.85,233.11,228.1,230.86,44521600
GOOGL,2026-07-28,327.9,335.88,324.44,333.71,29511900
MSFT,2026-07-28,393.16,400.32,391.3,393.35,32367500
GOOGL,2026-07-29,334.67,342.5,331.62,336.71,27501600
MSFT,2026-07-29,393.4,401.25,388.74,390.54,47209000
AAPL,2026-07-29,339.4373,344.2731,337.0593,337.8986,56090800
AMZN,2026-07-29,229.32,232.82,226.16,226.65,44957500
AAPL,2026-07-30,332.813,334.4615,329.306,333.1427,74817800
AMZN,2026-07-30,233.35,239.82,231.06,235.5,101839800
GOOGL,2026-07-30,334.2,336.51,330.34,333.66,30168000
MSFT,2026-07-30,437.9,458.69,432.44,451.1,110160700
GOOGL,2026-07-31,340.83,358.58,340.0,356.13,46498000
MSFT,2026-07-31,450.0,466.84,449.33,464.72,60846000
AAPL,2026-07-31,304.5474,310.4223,299.7415,308.6438,132489100
AMZN,2026-07-31,265.0,273.23,262.01,271.58,129054800
AAPL,2026-08-03,309.3132,311.5313,302.2993,303.1586,75052000
AMZN,2026-08-03,278.29,287.2,278.0,284.02,90830200
GOOGL,2026-08-03,365.45,376.69,363.35,373.51,38669700
MSFT,2026-08-03,476.13,491.65,475.0,487.65,66762100
GOOGL,2026-08-04,368.22,380.52,367.5,377.65,35705700
MSFT,2026-08-04,480.9,499.44,479.17,492.81,50455500
AAPL,2026-08-04,302.4691,310.1525,301.0604,309.1134,68001000
AMZN,2026-08-04,276.06,281.07,275.82,277.42,69748100
AAPL,2026-08-05,309.0934,311.4414,305.4066,310.732,49438800
AMZN,2026-08-05,281.59,282.79,270.73,272.65,45119800
GOOGL,2026-08-05,383.34,384.48,356.77,362.43,46926300
MSFT,2026-08-05,496.36,498.24,485.68,487.46,33388900
GOOGL,2026-08-06,360.77,364.13,356.88,357.75,25235900
MSFT,2026-08-06,488.55,501.56,488.52,499.86,36441500
AAPL,2026-08-06,314.0691,316.0175,308.9636,312.1408,46139900
AMZN,2026-08-06,272.77,275.48,271.06,272.26,30672900
AAPL,2026-08-07,311.1816,314.5387,310.4722,313.06,34437200
AMZN,2026-08-07,272.87,278.31,272.75,274.48,33861400
GOOGL,2026-08-07,356.72,358.9,353.78,354.3,19859900
MSFT,2026-08-07,499.21,505.18,498.73,499.99,28846200
GOOGL,2026-08-10,355.18,357.61,352.71,357.52,18991400
MSFT,2026-08-10,503.44,513.73,502.27,506.06,31206100
AAPL,2026-08-10,306.83,308.26,304.61,308.26,44812500
AMZN,2026-08-10,274.01,280.14,273.6,278.09,35731900
AAPL,2026-08-11,307.75,309.97,302.79,304.91,37476700
AMZN,2026-08-11,278.69,278.84,271.36,272.27,31895700
GOOGL,2026-08-11,355.89,356.81,343.39,343.8,29081800
MSFT,2026-08-11,504.33,505.33,499.55,503.81,23049800
GOOGL,2026-08-12,346.31,346.48,340.88,343.54,25012000
MSFT,2026-08-12,499.99,501.5,491.52,492.43,29001500
AAPL,2026-08-12,305.1,305.66,300.57,302.25,41657800
AMZN,2026-08-12,273.18,273.46,267.1,267.28,29941100
AAPL,2026-08-13,304.21,306.0,302.05,305.26,40349300
AMZN,2026-08-13,267.24,269.58,264.71,265.13,32170200
GOOGL,2026-08-13,345.77,347.93,343.76,346.36,17866100
MSFT,2026-08-13,493.27,501.34,493.01,496.88,23039000
GOOGL,2026-08-14,346.8,350.45,344.5,345.9,17808600
MSFT,2026-08-14,496.36,500.01,493.92,495.4,16217600
AAPL,2026-08-14,306.0,307.49,304.3,305.93,28229400
AMZN,2026-08-14,264.88,265.81,262.42,262.65,27251700
AAPL,2026-08-17,306.21,,,305.59,32743947
AMZN,2026-08-17,265.44,,,261.31,41504334
GOOGL,2026-08-17,346.27,,,344.0,18214810
MSFT,2026-08-17,490.14,,,480.35,28250867
